[0.148s] DEBUG:colcon:Command line arguments: ['/usr/bin/colcon', 'build']
[0.148s] DEBUG:colcon:Parsed command line arguments: Namespace(log_base=None, log_level=None, verb_name='build', build_base='build', install_base='install', merge_install=False, symlink_install=False, test_result_base=None, continue_on_error=False, executor='parallel', parallel_workers=16, event_handlers=None, ignore_user_meta=False, metas=['./colcon.meta'], base_paths=['.'], packages_ignore=None, packages_ignore_regex=None, paths=None, packages_up_to=None, packages_up_to_regex=None, packages_above=None, packages_above_and_dependencies=None, packages_above_depth=None, packages_select_by_dep=None, packages_skip_by_dep=None, packages_skip_up_to=None, packages_select_build_failed=False, packages_skip_build_finished=False, packages_select_test_failures=False, packages_skip_test_passed=False, packages_select=None, packages_skip=None, packages_select_regex=None, packages_skip_regex=None, packages_start=None, packages_end=None, allow_overriding=[], cargo_args=None, clean_build=False, cmake_args=None, cmake_target=None, cmake_target_skip_unavailable=False, cmake_clean_cache=False, cmake_clean_first=False, cmake_force_configure=False, lookup_in_workspace=False, ament_cmake_args=None, catkin_cmake_args=None, catkin_skip_building_tests=False, mixin_files=None, mixin=None, verb_parser=<colcon_mixin.mixin.mixin_argument.MixinArgumentDecorator object at 0x756415ef2de0>, verb_extension=<colcon_core.verb.build.BuildVerb object at 0x756415ef2b10>, main=<bound method BuildVerb.main of <colcon_core.verb.build.BuildVerb object at 0x756415ef2b10>>, mixin_verb=('build',))
[0.192s] Level 1:colcon.colcon_core.package_discovery:discover_packages(colcon_meta) check parameters
[0.192s] Level 1:colcon.colcon_core.package_discovery:discover_packages(recursive) check parameters
[0.192s] Level 1:colcon.colcon_core.package_discovery:discover_packages(ignore) check parameters
[0.192s] Level 1:colcon.colcon_core.package_discovery:discover_packages(path) check parameters
[0.192s] Level 1:colcon.colcon_core.package_discovery:discover_packages(cargo_workspace) check parameters
[0.192s] Level 1:colcon.colcon_core.package_discovery:discover_packages(colcon_meta) discover
[0.192s] Level 1:colcon.colcon_core.package_discovery:discover_packages(recursive) discover
[0.192s] INFO:colcon.colcon_core.package_discovery:Crawling recursively for packages in '/home/redalexdad/GitHub/WalkingRobotSim'
[0.192s] Level 1:colcon.colcon_core.package_identification:_identify(.) by extensions ['ignore', 'ignore_ament_install']
[0.192s] Level 1:colcon.colcon_core.package_identification:_identify(.) by extension 'ignore'
[0.192s] Level 1:colcon.colcon_core.package_identification:_identify(.) by extension 'ignore_ament_install'
[0.192s] Level 1:colcon.colcon_core.package_identification:_identify(.) by extensions ['cargo_workspace']
[0.192s] Level 1:colcon.colcon_core.package_identification:_identify(.) by extension 'cargo_workspace'
[0.192s] Level 1:colcon.colcon_core.package_identification:_identify(.) by extensions ['colcon_pkg']
[0.192s] Level 1:colcon.colcon_core.package_identification:_identify(.) by extension 'colcon_pkg'
[0.193s] Level 1:colcon.colcon_core.package_identification:_identify(.) by extensions ['colcon_meta']
[0.193s] Level 1:colcon.colcon_core.package_identification:_identify(.) by extension 'colcon_meta'
[0.193s] Level 1:colcon.colcon_core.package_identification:_identify(.) by extensions ['ros']
[0.193s] Level 1:colcon.colcon_core.package_identification:_identify(.) by extension 'ros'
[0.217s] Level 1:colcon.colcon_core.package_identification:_identify(.) by extensions ['cargo', 'cmake', 'python']
[0.217s] Level 1:colcon.colcon_core.package_identification:_identify(.) by extension 'cargo'
[0.217s] Level 1:colcon.colcon_core.package_identification:_identify(.) by extension 'cmake'
[0.217s] Level 1:colcon.colcon_core.package_identification:_identify(.) by extension 'python'
[0.218s] Level 1:colcon.colcon_core.package_identification:_identify(.) by extensions ['python_setup_py']
[0.218s] Level 1:colcon.colcon_core.package_identification:_identify(.) by extension 'python_setup_py'
[0.218s] Level 1:colcon.colcon_core.package_identification:_identify(build) by extensions ['ignore', 'ignore_ament_install']
[0.218s] Level 1:colcon.colcon_core.package_identification:_identify(build) by extension 'ignore'
[0.218s] Level 1:colcon.colcon_core.package_identification:_identify(build) ignored
[0.218s] Level 1:colcon.colcon_core.package_identification:_identify(docs) by extensions ['ignore', 'ignore_ament_install']
[0.218s] Level 1:colcon.colcon_core.package_identification:_identify(docs) by extension 'ignore'
[0.218s] Level 1:colcon.colcon_core.package_identification:_identify(docs) by extension 'ignore_ament_install'
[0.218s] Level 1:colcon.colcon_core.package_identification:_identify(docs) by extensions ['cargo_workspace']
[0.218s] Level 1:colcon.colcon_core.package_identification:_identify(docs) by extension 'cargo_workspace'
[0.218s] Level 1:colcon.colcon_core.package_identification:_identify(docs) by extensions ['colcon_pkg']
[0.218s] Level 1:colcon.colcon_core.package_identification:_identify(docs) by extension 'colcon_pkg'
[0.218s] Level 1:colcon.colcon_core.package_identification:_identify(docs) by extensions ['colcon_meta']
[0.218s] Level 1:colcon.colcon_core.package_identification:_identify(docs) by extension 'colcon_meta'
[0.218s] Level 1:colcon.colcon_core.package_identification:_identify(docs) by extensions ['ros']
[0.218s] Level 1:colcon.colcon_core.package_identification:_identify(docs) by extension 'ros'
[0.218s] Level 1:colcon.colcon_core.package_identification:_identify(docs) by extensions ['cargo', 'cmake', 'python']
[0.218s] Level 1:colcon.colcon_core.package_identification:_identify(docs) by extension 'cargo'
[0.218s] Level 1:colcon.colcon_core.package_identification:_identify(docs) by extension 'cmake'
[0.218s] Level 1:colcon.colcon_core.package_identification:_identify(docs) by extension 'python'
[0.219s] Level 1:colcon.colcon_core.package_identification:_identify(docs) by extensions ['python_setup_py']
[0.219s] Level 1:colcon.colcon_core.package_identification:_identify(docs) by extension 'python_setup_py'
[0.219s] Level 1:colcon.colcon_core.package_identification:_identify(install) by extensions ['ignore', 'ignore_ament_install']
[0.219s] Level 1:colcon.colcon_core.package_identification:_identify(install) by extension 'ignore'
[0.219s] Level 1:colcon.colcon_core.package_identification:_identify(install) ignored
[0.219s] Level 1:colcon.colcon_core.package_identification:_identify(log) by extensions ['ignore', 'ignore_ament_install']
[0.219s] Level 1:colcon.colcon_core.package_identification:_identify(log) by extension 'ignore'
[0.219s] Level 1:colcon.colcon_core.package_identification:_identify(log) ignored
[0.219s] Level 1:colcon.colcon_core.package_identification:_identify(src) by extensions ['ignore', 'ignore_ament_install']
[0.219s] Level 1:colcon.colcon_core.package_identification:_identify(src) by extension 'ignore'
[0.219s] Level 1:colcon.colcon_core.package_identification:_identify(src) by extension 'ignore_ament_install'
[0.219s] Level 1:colcon.colcon_core.package_identification:_identify(src) by extensions ['cargo_workspace']
[0.219s] Level 1:colcon.colcon_core.package_identification:_identify(src) by extension 'cargo_workspace'
[0.219s] Level 1:colcon.colcon_core.package_identification:_identify(src) by extensions ['colcon_pkg']
[0.219s] Level 1:colcon.colcon_core.package_identification:_identify(src) by extension 'colcon_pkg'
[0.219s] Level 1:colcon.colcon_core.package_identification:_identify(src) by extensions ['colcon_meta']
[0.219s] Level 1:colcon.colcon_core.package_identification:_identify(src) by extension 'colcon_meta'
[0.219s] Level 1:colcon.colcon_core.package_identification:_identify(src) by extensions ['ros']
[0.219s] Level 1:colcon.colcon_core.package_identification:_identify(src) by extension 'ros'
[0.219s] Level 1:colcon.colcon_core.package_identification:_identify(src) by extensions ['cargo', 'cmake', 'python']
[0.219s] Level 1:colcon.colcon_core.package_identification:_identify(src) by extension 'cargo'
[0.219s] Level 1:colcon.colcon_core.package_identification:_identify(src) by extension 'cmake'
[0.220s] Level 1:colcon.colcon_core.package_identification:_identify(src) by extension 'python'
[0.220s] Level 1:colcon.colcon_core.package_identification:_identify(src) by extensions ['python_setup_py']
[0.220s] Level 1:colcon.colcon_core.package_identification:_identify(src) by extension 'python_setup_py'
[0.220s] Level 1:colcon.colcon_core.package_identification:_identify(src/go1_description) by extensions ['ignore', 'ignore_ament_install']
[0.220s] Level 1:colcon.colcon_core.package_identification:_identify(src/go1_description) by extension 'ignore'
[0.220s] Level 1:colcon.colcon_core.package_identification:_identify(src/go1_description) by extension 'ignore_ament_install'
[0.220s] Level 1:colcon.colcon_core.package_identification:_identify(src/go1_description) by extensions ['cargo_workspace']
[0.220s] Level 1:colcon.colcon_core.package_identification:_identify(src/go1_description) by extension 'cargo_workspace'
[0.220s] Level 1:colcon.colcon_core.package_identification:_identify(src/go1_description) by extensions ['colcon_pkg']
[0.220s] Level 1:colcon.colcon_core.package_identification:_identify(src/go1_description) by extension 'colcon_pkg'
[0.220s] Level 1:colcon.colcon_core.package_identification:_identify(src/go1_description) by extensions ['colcon_meta']
[0.220s] Level 1:colcon.colcon_core.package_identification:_identify(src/go1_description) by extension 'colcon_meta'
[0.220s] Level 1:colcon.colcon_core.package_identification:_identify(src/go1_description) by extensions ['ros']
[0.220s] Level 1:colcon.colcon_core.package_identification:_identify(src/go1_description) by extension 'ros'
[0.223s] DEBUG:colcon.colcon_core.package_identification:Package 'src/go1_description' with type 'ros.ament_cmake' and name 'go1_description'
[0.223s] Level 1:colcon.colcon_core.package_identification:_identify(src/go2_description) by extensions ['ignore', 'ignore_ament_install']
[0.223s] Level 1:colcon.colcon_core.package_identification:_identify(src/go2_description) by extension 'ignore'
[0.224s] Level 1:colcon.colcon_core.package_identification:_identify(src/go2_description) by extension 'ignore_ament_install'
[0.224s] Level 1:colcon.colcon_core.package_identification:_identify(src/go2_description) by extensions ['cargo_workspace']
[0.224s] Level 1:colcon.colcon_core.package_identification:_identify(src/go2_description) by extension 'cargo_workspace'
[0.224s] Level 1:colcon.colcon_core.package_identification:_identify(src/go2_description) by extensions ['colcon_pkg']
[0.224s] Level 1:colcon.colcon_core.package_identification:_identify(src/go2_description) by extension 'colcon_pkg'
[0.224s] Level 1:colcon.colcon_core.package_identification:_identify(src/go2_description) by extensions ['colcon_meta']
[0.224s] Level 1:colcon.colcon_core.package_identification:_identify(src/go2_description) by extension 'colcon_meta'
[0.224s] Level 1:colcon.colcon_core.package_identification:_identify(src/go2_description) by extensions ['ros']
[0.224s] Level 1:colcon.colcon_core.package_identification:_identify(src/go2_description) by extension 'ros'
[0.225s] DEBUG:colcon.colcon_core.package_identification:Package 'src/go2_description' with type 'ros.ament_cmake' and name 'go2_description'
[0.225s] Level 1:colcon.colcon_core.package_identification:_identify(src/ros2_cartography) by extensions ['ignore', 'ignore_ament_install']
[0.225s] Level 1:colcon.colcon_core.package_identification:_identify(src/ros2_cartography) by extension 'ignore'
[0.225s] Level 1:colcon.colcon_core.package_identification:_identify(src/ros2_cartography) by extension 'ignore_ament_install'
[0.225s] Level 1:colcon.colcon_core.package_identification:_identify(src/ros2_cartography) by extensions ['cargo_workspace']
[0.225s] Level 1:colcon.colcon_core.package_identification:_identify(src/ros2_cartography) by extension 'cargo_workspace'
[0.225s] Level 1:colcon.colcon_core.package_identification:_identify(src/ros2_cartography) by extensions ['colcon_pkg']
[0.225s] Level 1:colcon.colcon_core.package_identification:_identify(src/ros2_cartography) by extension 'colcon_pkg'
[0.225s] Level 1:colcon.colcon_core.package_identification:_identify(src/ros2_cartography) by extensions ['colcon_meta']
[0.225s] Level 1:colcon.colcon_core.package_identification:_identify(src/ros2_cartography) by extension 'colcon_meta'
[0.225s] Level 1:colcon.colcon_core.package_identification:_identify(src/ros2_cartography) by extensions ['ros']
[0.225s] Level 1:colcon.colcon_core.package_identification:_identify(src/ros2_cartography) by extension 'ros'
[0.226s] DEBUG:colcon.colcon_core.package_identification:Package 'src/ros2_cartography' with type 'ros.ament_python' and name 'ros2_cartography'
[0.226s] Level 1:colcon.colcon_core.package_identification:_identify(src/ros2_gazebo) by extensions ['ignore', 'ignore_ament_install']
[0.226s] Level 1:colcon.colcon_core.package_identification:_identify(src/ros2_gazebo) by extension 'ignore'
[0.226s] Level 1:colcon.colcon_core.package_identification:_identify(src/ros2_gazebo) by extension 'ignore_ament_install'
[0.226s] Level 1:colcon.colcon_core.package_identification:_identify(src/ros2_gazebo) by extensions ['cargo_workspace']
[0.226s] Level 1:colcon.colcon_core.package_identification:_identify(src/ros2_gazebo) by extension 'cargo_workspace'
[0.226s] Level 1:colcon.colcon_core.package_identification:_identify(src/ros2_gazebo) by extensions ['colcon_pkg']
[0.226s] Level 1:colcon.colcon_core.package_identification:_identify(src/ros2_gazebo) by extension 'colcon_pkg'
[0.226s] Level 1:colcon.colcon_core.package_identification:_identify(src/ros2_gazebo) by extensions ['colcon_meta']
[0.226s] Level 1:colcon.colcon_core.package_identification:_identify(src/ros2_gazebo) by extension 'colcon_meta'
[0.226s] Level 1:colcon.colcon_core.package_identification:_identify(src/ros2_gazebo) by extensions ['ros']
[0.226s] Level 1:colcon.colcon_core.package_identification:_identify(src/ros2_gazebo) by extension 'ros'
[0.227s] DEBUG:colcon.colcon_core.package_identification:Package 'src/ros2_gazebo' with type 'ros.ament_cmake' and name 'ros2_gazebo'
[0.227s] Level 1:colcon.colcon_core.package_identification:_identify(src/ros2_navigation) by extensions ['ignore', 'ignore_ament_install']
[0.227s] Level 1:colcon.colcon_core.package_identification:_identify(src/ros2_navigation) by extension 'ignore'
[0.227s] Level 1:colcon.colcon_core.package_identification:_identify(src/ros2_navigation) by extension 'ignore_ament_install'
[0.227s] Level 1:colcon.colcon_core.package_identification:_identify(src/ros2_navigation) by extensions ['cargo_workspace']
[0.227s] Level 1:colcon.colcon_core.package_identification:_identify(src/ros2_navigation) by extension 'cargo_workspace'
[0.227s] Level 1:colcon.colcon_core.package_identification:_identify(src/ros2_navigation) by extensions ['colcon_pkg']
[0.227s] Level 1:colcon.colcon_core.package_identification:_identify(src/ros2_navigation) by extension 'colcon_pkg'
[0.227s] Level 1:colcon.colcon_core.package_identification:_identify(src/ros2_navigation) by extensions ['colcon_meta']
[0.227s] Level 1:colcon.colcon_core.package_identification:_identify(src/ros2_navigation) by extension 'colcon_meta'
[0.227s] Level 1:colcon.colcon_core.package_identification:_identify(src/ros2_navigation) by extensions ['ros']
[0.227s] Level 1:colcon.colcon_core.package_identification:_identify(src/ros2_navigation) by extension 'ros'
[0.228s] DEBUG:colcon.colcon_core.package_identification:Package 'src/ros2_navigation' with type 'ros.ament_python' and name 'ros2_navigation'
[0.228s] Level 1:colcon.colcon_core.package_identification:_identify(src/ros2_odometry) by extensions ['ignore', 'ignore_ament_install']
[0.228s] Level 1:colcon.colcon_core.package_identification:_identify(src/ros2_odometry) by extension 'ignore'
[0.228s] Level 1:colcon.colcon_core.package_identification:_identify(src/ros2_odometry) by extension 'ignore_ament_install'
[0.228s] Level 1:colcon.colcon_core.package_identification:_identify(src/ros2_odometry) by extensions ['cargo_workspace']
[0.228s] Level 1:colcon.colcon_core.package_identification:_identify(src/ros2_odometry) by extension 'cargo_workspace'
[0.228s] Level 1:colcon.colcon_core.package_identification:_identify(src/ros2_odometry) by extensions ['colcon_pkg']
[0.228s] Level 1:colcon.colcon_core.package_identification:_identify(src/ros2_odometry) by extension 'colcon_pkg'
[0.228s] Level 1:colcon.colcon_core.package_identification:_identify(src/ros2_odometry) by extensions ['colcon_meta']
[0.228s] Level 1:colcon.colcon_core.package_identification:_identify(src/ros2_odometry) by extension 'colcon_meta'
[0.228s] Level 1:colcon.colcon_core.package_identification:_identify(src/ros2_odometry) by extensions ['ros']
[0.228s] Level 1:colcon.colcon_core.package_identification:_identify(src/ros2_odometry) by extension 'ros'
[0.229s] DEBUG:colcon.colcon_core.package_identification:Package 'src/ros2_odometry' with type 'ros.ament_python' and name 'ros2_odometry'
[0.229s] Level 1:colcon.colcon_core.package_identification:_identify(src/ros2_unitree_legged_controller) by extensions ['ignore', 'ignore_ament_install']
[0.229s] Level 1:colcon.colcon_core.package_identification:_identify(src/ros2_unitree_legged_controller) by extension 'ignore'
[0.229s] Level 1:colcon.colcon_core.package_identification:_identify(src/ros2_unitree_legged_controller) by extension 'ignore_ament_install'
[0.229s] Level 1:colcon.colcon_core.package_identification:_identify(src/ros2_unitree_legged_controller) by extensions ['cargo_workspace']
[0.229s] Level 1:colcon.colcon_core.package_identification:_identify(src/ros2_unitree_legged_controller) by extension 'cargo_workspace'
[0.229s] Level 1:colcon.colcon_core.package_identification:_identify(src/ros2_unitree_legged_controller) by extensions ['colcon_pkg']
[0.229s] Level 1:colcon.colcon_core.package_identification:_identify(src/ros2_unitree_legged_controller) by extension 'colcon_pkg'
[0.229s] Level 1:colcon.colcon_core.package_identification:_identify(src/ros2_unitree_legged_controller) by extensions ['colcon_meta']
[0.229s] Level 1:colcon.colcon_core.package_identification:_identify(src/ros2_unitree_legged_controller) by extension 'colcon_meta'
[0.229s] Level 1:colcon.colcon_core.package_identification:_identify(src/ros2_unitree_legged_controller) by extensions ['ros']
[0.229s] Level 1:colcon.colcon_core.package_identification:_identify(src/ros2_unitree_legged_controller) by extension 'ros'
[0.230s] DEBUG:colcon.colcon_core.package_identification:Package 'src/ros2_unitree_legged_controller' with type 'ros.ament_cmake' and name 'ros2_unitree_legged_control'
[0.230s] Level 1:colcon.colcon_core.package_identification:_identify(src/ros2_unitree_legged_msgs) by extensions ['ignore', 'ignore_ament_install']
[0.230s] Level 1:colcon.colcon_core.package_identification:_identify(src/ros2_unitree_legged_msgs) by extension 'ignore'
[0.230s] Level 1:colcon.colcon_core.package_identification:_identify(src/ros2_unitree_legged_msgs) by extension 'ignore_ament_install'
[0.230s] Level 1:colcon.colcon_core.package_identification:_identify(src/ros2_unitree_legged_msgs) by extensions ['cargo_workspace']
[0.230s] Level 1:colcon.colcon_core.package_identification:_identify(src/ros2_unitree_legged_msgs) by extension 'cargo_workspace'
[0.230s] Level 1:colcon.colcon_core.package_identification:_identify(src/ros2_unitree_legged_msgs) by extensions ['colcon_pkg']
[0.230s] Level 1:colcon.colcon_core.package_identification:_identify(src/ros2_unitree_legged_msgs) by extension 'colcon_pkg'
[0.230s] Level 1:colcon.colcon_core.package_identification:_identify(src/ros2_unitree_legged_msgs) by extensions ['colcon_meta']
[0.230s] Level 1:colcon.colcon_core.package_identification:_identify(src/ros2_unitree_legged_msgs) by extension 'colcon_meta'
[0.230s] Level 1:colcon.colcon_core.package_identification:_identify(src/ros2_unitree_legged_msgs) by extensions ['ros']
[0.231s] Level 1:colcon.colcon_core.package_identification:_identify(src/ros2_unitree_legged_msgs) by extension 'ros'
[0.231s] DEBUG:colcon.colcon_core.package_identification:Package 'src/ros2_unitree_legged_msgs' with type 'ros.ament_cmake' and name 'ros2_unitree_legged_msgs'
[0.231s] Level 1:colcon.colcon_core.package_identification:_identify(src/ros2_yolo_recognition) by extensions ['ignore', 'ignore_ament_install']
[0.231s] Level 1:colcon.colcon_core.package_identification:_identify(src/ros2_yolo_recognition) by extension 'ignore'
[0.231s] Level 1:colcon.colcon_core.package_identification:_identify(src/ros2_yolo_recognition) by extension 'ignore_ament_install'
[0.231s] Level 1:colcon.colcon_core.package_identification:_identify(src/ros2_yolo_recognition) by extensions ['cargo_workspace']
[0.231s] Level 1:colcon.colcon_core.package_identification:_identify(src/ros2_yolo_recognition) by extension 'cargo_workspace'
[0.231s] Level 1:colcon.colcon_core.package_identification:_identify(src/ros2_yolo_recognition) by extensions ['colcon_pkg']
[0.231s] Level 1:colcon.colcon_core.package_identification:_identify(src/ros2_yolo_recognition) by extension 'colcon_pkg'
[0.231s] Level 1:colcon.colcon_core.package_identification:_identify(src/ros2_yolo_recognition) by extensions ['colcon_meta']
[0.231s] Level 1:colcon.colcon_core.package_identification:_identify(src/ros2_yolo_recognition) by extension 'colcon_meta'
[0.231s] Level 1:colcon.colcon_core.package_identification:_identify(src/ros2_yolo_recognition) by extensions ['ros']
[0.231s] Level 1:colcon.colcon_core.package_identification:_identify(src/ros2_yolo_recognition) by extension 'ros'
[0.231s] Level 1:colcon.colcon_core.package_identification:_identify(src/ros2_yolo_recognition) by extensions ['cargo', 'cmake', 'python']
[0.231s] Level 1:colcon.colcon_core.package_identification:_identify(src/ros2_yolo_recognition) by extension 'cargo'
[0.231s] Level 1:colcon.colcon_core.package_identification:_identify(src/ros2_yolo_recognition) by extension 'cmake'
[0.231s] Level 1:colcon.colcon_core.package_identification:_identify(src/ros2_yolo_recognition) by extension 'python'
[0.232s] Level 1:colcon.colcon_core.package_identification:_identify(src/ros2_yolo_recognition) by extensions ['python_setup_py']
[0.232s] Level 1:colcon.colcon_core.package_identification:_identify(src/ros2_yolo_recognition) by extension 'python_setup_py'
[0.232s] Level 1:colcon.colcon_core.package_identification:_identify(src/ros2_yolo_recognition/ros2_yolo_recognition) by extensions ['ignore', 'ignore_ament_install']
[0.232s] Level 1:colcon.colcon_core.package_identification:_identify(src/ros2_yolo_recognition/ros2_yolo_recognition) by extension 'ignore'
[0.232s] Level 1:colcon.colcon_core.package_identification:_identify(src/ros2_yolo_recognition/ros2_yolo_recognition) by extension 'ignore_ament_install'
[0.232s] Level 1:colcon.colcon_core.package_identification:_identify(src/ros2_yolo_recognition/ros2_yolo_recognition) by extensions ['cargo_workspace']
[0.232s] Level 1:colcon.colcon_core.package_identification:_identify(src/ros2_yolo_recognition/ros2_yolo_recognition) by extension 'cargo_workspace'
[0.232s] Level 1:colcon.colcon_core.package_identification:_identify(src/ros2_yolo_recognition/ros2_yolo_recognition) by extensions ['colcon_pkg']
[0.232s] Level 1:colcon.colcon_core.package_identification:_identify(src/ros2_yolo_recognition/ros2_yolo_recognition) by extension 'colcon_pkg'
[0.232s] Level 1:colcon.colcon_core.package_identification:_identify(src/ros2_yolo_recognition/ros2_yolo_recognition) by extensions ['colcon_meta']
[0.232s] Level 1:colcon.colcon_core.package_identification:_identify(src/ros2_yolo_recognition/ros2_yolo_recognition) by extension 'colcon_meta'
[0.232s] Level 1:colcon.colcon_core.package_identification:_identify(src/ros2_yolo_recognition/ros2_yolo_recognition) by extensions ['ros']
[0.232s] Level 1:colcon.colcon_core.package_identification:_identify(src/ros2_yolo_recognition/ros2_yolo_recognition) by extension 'ros'
[0.233s] DEBUG:colcon.colcon_core.package_identification:Package 'src/ros2_yolo_recognition/ros2_yolo_recognition' with type 'ros.ament_python' and name 'ros2_yolo_recognition'
[0.233s] Level 1:colcon.colcon_core.package_identification:_identify(src/ros2_yolo_recognition/yolo_bringup) by extensions ['ignore', 'ignore_ament_install']
[0.233s] Level 1:colcon.colcon_core.package_identification:_identify(src/ros2_yolo_recognition/yolo_bringup) by extension 'ignore'
[0.233s] Level 1:colcon.colcon_core.package_identification:_identify(src/ros2_yolo_recognition/yolo_bringup) by extension 'ignore_ament_install'
[0.233s] Level 1:colcon.colcon_core.package_identification:_identify(src/ros2_yolo_recognition/yolo_bringup) by extensions ['cargo_workspace']
[0.233s] Level 1:colcon.colcon_core.package_identification:_identify(src/ros2_yolo_recognition/yolo_bringup) by extension 'cargo_workspace'
[0.233s] Level 1:colcon.colcon_core.package_identification:_identify(src/ros2_yolo_recognition/yolo_bringup) by extensions ['colcon_pkg']
[0.233s] Level 1:colcon.colcon_core.package_identification:_identify(src/ros2_yolo_recognition/yolo_bringup) by extension 'colcon_pkg'
[0.233s] Level 1:colcon.colcon_core.package_identification:_identify(src/ros2_yolo_recognition/yolo_bringup) by extensions ['colcon_meta']
[0.233s] Level 1:colcon.colcon_core.package_identification:_identify(src/ros2_yolo_recognition/yolo_bringup) by extension 'colcon_meta'
[0.233s] Level 1:colcon.colcon_core.package_identification:_identify(src/ros2_yolo_recognition/yolo_bringup) by extensions ['ros']
[0.233s] Level 1:colcon.colcon_core.package_identification:_identify(src/ros2_yolo_recognition/yolo_bringup) by extension 'ros'
[0.233s] DEBUG:colcon.colcon_core.package_identification:Package 'src/ros2_yolo_recognition/yolo_bringup' with type 'ros.ament_cmake' and name 'yolo_bringup'
[0.233s] Level 1:colcon.colcon_core.package_identification:_identify(src/ros2_yolo_recognition/yolo_msgs) by extensions ['ignore', 'ignore_ament_install']
[0.234s] Level 1:colcon.colcon_core.package_identification:_identify(src/ros2_yolo_recognition/yolo_msgs) by extension 'ignore'
[0.234s] Level 1:colcon.colcon_core.package_identification:_identify(src/ros2_yolo_recognition/yolo_msgs) by extension 'ignore_ament_install'
[0.234s] Level 1:colcon.colcon_core.package_identification:_identify(src/ros2_yolo_recognition/yolo_msgs) by extensions ['cargo_workspace']
[0.234s] Level 1:colcon.colcon_core.package_identification:_identify(src/ros2_yolo_recognition/yolo_msgs) by extension 'cargo_workspace'
[0.234s] Level 1:colcon.colcon_core.package_identification:_identify(src/ros2_yolo_recognition/yolo_msgs) by extensions ['colcon_pkg']
[0.234s] Level 1:colcon.colcon_core.package_identification:_identify(src/ros2_yolo_recognition/yolo_msgs) by extension 'colcon_pkg'
[0.234s] Level 1:colcon.colcon_core.package_identification:_identify(src/ros2_yolo_recognition/yolo_msgs) by extensions ['colcon_meta']
[0.234s] Level 1:colcon.colcon_core.package_identification:_identify(src/ros2_yolo_recognition/yolo_msgs) by extension 'colcon_meta'
[0.234s] Level 1:colcon.colcon_core.package_identification:_identify(src/ros2_yolo_recognition/yolo_msgs) by extensions ['ros']
[0.234s] Level 1:colcon.colcon_core.package_identification:_identify(src/ros2_yolo_recognition/yolo_msgs) by extension 'ros'
[0.234s] DEBUG:colcon.colcon_core.package_identification:Package 'src/ros2_yolo_recognition/yolo_msgs' with type 'ros.ament_cmake' and name 'yolo_msgs'
[0.234s] Level 1:colcon.colcon_core.package_identification:_identify(src/unitree_guide2) by extensions ['ignore', 'ignore_ament_install']
[0.234s] Level 1:colcon.colcon_core.package_identification:_identify(src/unitree_guide2) by extension 'ignore'
[0.234s] Level 1:colcon.colcon_core.package_identification:_identify(src/unitree_guide2) by extension 'ignore_ament_install'
[0.235s] Level 1:colcon.colcon_core.package_identification:_identify(src/unitree_guide2) by extensions ['cargo_workspace']
[0.235s] Level 1:colcon.colcon_core.package_identification:_identify(src/unitree_guide2) by extension 'cargo_workspace'
[0.235s] Level 1:colcon.colcon_core.package_identification:_identify(src/unitree_guide2) by extensions ['colcon_pkg']
[0.235s] Level 1:colcon.colcon_core.package_identification:_identify(src/unitree_guide2) by extension 'colcon_pkg'
[0.235s] Level 1:colcon.colcon_core.package_identification:_identify(src/unitree_guide2) by extensions ['colcon_meta']
[0.235s] Level 1:colcon.colcon_core.package_identification:_identify(src/unitree_guide2) by extension 'colcon_meta'
[0.235s] Level 1:colcon.colcon_core.package_identification:_identify(src/unitree_guide2) by extensions ['ros']
[0.235s] Level 1:colcon.colcon_core.package_identification:_identify(src/unitree_guide2) by extension 'ros'
[0.235s] DEBUG:colcon.colcon_core.package_identification:Package 'src/unitree_guide2' with type 'ros.ament_cmake' and name 'unitree_guide2'
[0.235s] Level 1:colcon.colcon_core.package_discovery:discover_packages(recursive) using defaults
[0.235s] Level 1:colcon.colcon_core.package_discovery:discover_packages(ignore) discover
[0.235s] Level 1:colcon.colcon_core.package_discovery:discover_packages(ignore) using defaults
[0.235s] Level 1:colcon.colcon_core.package_discovery:discover_packages(path) discover
[0.235s] Level 1:colcon.colcon_core.package_discovery:discover_packages(path) using defaults
[0.235s] Level 1:colcon.colcon_core.package_discovery:discover_packages(cargo_workspace) discover
[0.235s] Level 1:colcon.colcon_core.package_discovery:discover_packages(cargo_workspace) using defaults
[0.254s] Level 1:colcon.colcon_core.package_discovery:discover_packages(prefix_path) check parameters
[0.254s] Level 1:colcon.colcon_core.package_discovery:discover_packages(prefix_path) discover
[0.255s] WARNING:colcon.colcon_ros.prefix_path.ament:The path '/home/redalexdad/GitHub/WalkingRobotSim/install/yolo_bringup' in the environment variable AMENT_PREFIX_PATH doesn't exist
[0.255s] WARNING:colcon.colcon_ros.prefix_path.ament:The path '/home/redalexdad/GitHub/WalkingRobotSim/install/ros2_yolo_recognition' in the environment variable AMENT_PREFIX_PATH doesn't exist
[0.255s] WARNING:colcon.colcon_ros.prefix_path.ament:The path '/home/redalexdad/GitHub/WalkingRobotSim/install/yolo_msgs' in the environment variable AMENT_PREFIX_PATH doesn't exist
[0.255s] WARNING:colcon.colcon_ros.prefix_path.ament:The path '/home/redalexdad/GitHub/WalkingRobotSim/install/unitree_guide2' in the environment variable AMENT_PREFIX_PATH doesn't exist
[0.255s] WARNING:colcon.colcon_ros.prefix_path.ament:The path '/home/redalexdad/GitHub/WalkingRobotSim/install/ros2_unitree_legged_control' in the environment variable AMENT_PREFIX_PATH doesn't exist
[0.255s] WARNING:colcon.colcon_ros.prefix_path.ament:The path '/home/redalexdad/GitHub/WalkingRobotSim/install/ros2_unitree_legged_msgs' in the environment variable AMENT_PREFIX_PATH doesn't exist
[0.255s] WARNING:colcon.colcon_ros.prefix_path.ament:The path '/home/redalexdad/GitHub/WalkingRobotSim/install/ros2_odometry' in the environment variable AMENT_PREFIX_PATH doesn't exist
[0.255s] WARNING:colcon.colcon_ros.prefix_path.ament:The path '/home/redalexdad/GitHub/WalkingRobotSim/install/ros2_navigation' in the environment variable AMENT_PREFIX_PATH doesn't exist
[0.255s] WARNING:colcon.colcon_ros.prefix_path.ament:The path '/home/redalexdad/GitHub/WalkingRobotSim/install/ros2_gazebo' in the environment variable AMENT_PREFIX_PATH doesn't exist
[0.255s] WARNING:colcon.colcon_ros.prefix_path.ament:The path '/home/redalexdad/GitHub/WalkingRobotSim/install/ros2_cartography' in the environment variable AMENT_PREFIX_PATH doesn't exist
[0.255s] WARNING:colcon.colcon_ros.prefix_path.ament:The path '/home/redalexdad/GitHub/WalkingRobotSim/install/go2_description' in the environment variable AMENT_PREFIX_PATH doesn't exist
[0.255s] WARNING:colcon.colcon_ros.prefix_path.ament:The path '/home/redalexdad/GitHub/WalkingRobotSim/install/go1_description' in the environment variable AMENT_PREFIX_PATH doesn't exist
[0.255s] WARNING:colcon.colcon_ros.prefix_path.catkin:The path '/home/redalexdad/GitHub/WalkingRobotSim/install/yolo_bringup' in the environment variable CMAKE_PREFIX_PATH doesn't exist
[0.255s] WARNING:colcon.colcon_ros.prefix_path.catkin:The path '/home/redalexdad/GitHub/WalkingRobotSim/install/yolo_msgs' in the environment variable CMAKE_PREFIX_PATH doesn't exist
[0.256s] WARNING:colcon.colcon_ros.prefix_path.catkin:The path '/home/redalexdad/GitHub/WalkingRobotSim/install/unitree_guide2' in the environment variable CMAKE_PREFIX_PATH doesn't exist
[0.256s] WARNING:colcon.colcon_ros.prefix_path.catkin:The path '/home/redalexdad/GitHub/WalkingRobotSim/install/ros2_unitree_legged_control' in the environment variable CMAKE_PREFIX_PATH doesn't exist
[0.256s] WARNING:colcon.colcon_ros.prefix_path.catkin:The path '/home/redalexdad/GitHub/WalkingRobotSim/install/ros2_unitree_legged_msgs' in the environment variable CMAKE_PREFIX_PATH doesn't exist
[0.256s] WARNING:colcon.colcon_ros.prefix_path.catkin:The path '/home/redalexdad/GitHub/WalkingRobotSim/install/ros2_gazebo' in the environment variable CMAKE_PREFIX_PATH doesn't exist
[0.256s] WARNING:colcon.colcon_ros.prefix_path.catkin:The path '/home/redalexdad/GitHub/WalkingRobotSim/install/go2_description' in the environment variable CMAKE_PREFIX_PATH doesn't exist
[0.256s] WARNING:colcon.colcon_ros.prefix_path.catkin:The path '/home/redalexdad/GitHub/WalkingRobotSim/install/go1_description' in the environment variable CMAKE_PREFIX_PATH doesn't exist
[0.256s] DEBUG:colcon.colcon_installed_package_information.package_discovery:Found 0 installed packages in /home/redalexdad/GitHub/WalkingRobotSim/install
[0.259s] DEBUG:colcon.colcon_installed_package_information.package_discovery:Found 499 installed packages in /opt/ros/jazzy
[0.260s] Level 1:colcon.colcon_core.package_discovery:discover_packages(prefix_path) using defaults
[0.339s] Level 5:colcon.colcon_core.verb:set package 'go1_description' build argument 'cargo_args' from command line to 'None'
[0.339s] Level 5:colcon.colcon_core.verb:set package 'go1_description' build argument 'clean_build' from command line to 'False'
[0.339s] Level 5:colcon.colcon_core.verb:set package 'go1_description' build argument 'cmake_args' from command line to 'None'
[0.339s] Level 5:colcon.colcon_core.verb:set package 'go1_description' build argument 'cmake_target' from command line to 'None'
[0.339s] Level 5:colcon.colcon_core.verb:set package 'go1_description' build argument 'cmake_target_skip_unavailable' from command line to 'False'
[0.339s] Level 5:colcon.colcon_core.verb:set package 'go1_description' build argument 'cmake_clean_cache' from command line to 'False'
[0.339s] Level 5:colcon.colcon_core.verb:set package 'go1_description' build argument 'cmake_clean_first' from command line to 'False'
[0.339s] Level 5:colcon.colcon_core.verb:set package 'go1_description' build argument 'cmake_force_configure' from command line to 'False'
[0.339s] Level 5:colcon.colcon_core.verb:set package 'go1_description' build argument 'lookup_in_workspace' from command line to 'False'
[0.339s] Level 5:colcon.colcon_core.verb:set package 'go1_description' build argument 'ament_cmake_args' from command line to 'None'
[0.339s] Level 5:colcon.colcon_core.verb:set package 'go1_description' build argument 'catkin_cmake_args' from command line to 'None'
[0.339s] Level 5:colcon.colcon_core.verb:set package 'go1_description' build argument 'catkin_skip_building_tests' from command line to 'False'
[0.340s] DEBUG:colcon.colcon_core.verb:Building package 'go1_description' with the following arguments: {'ament_cmake_args': None, 'build_base': '/home/redalexdad/GitHub/WalkingRobotSim/build/go1_description', 'cargo_args': None, 'catkin_cmake_args': None, 'catkin_skip_building_tests': False, 'clean_build': False, 'cmake_args': None, 'cmake_clean_cache': False, 'cmake_clean_first': False, 'cmake_force_configure': False, 'cmake_target': None, 'cmake_target_skip_unavailable': False, 'install_base': '/home/redalexdad/GitHub/WalkingRobotSim/install/go1_description', 'lookup_in_workspace': False, 'merge_install': False, 'path': '/home/redalexdad/GitHub/WalkingRobotSim/src/go1_description', 'symlink_install': False, 'test_result_base': None}
[0.340s] Level 5:colcon.colcon_core.verb:set package 'go2_description' build argument 'cargo_args' from command line to 'None'
[0.340s] Level 5:colcon.colcon_core.verb:set package 'go2_description' build argument 'clean_build' from command line to 'False'
[0.340s] Level 5:colcon.colcon_core.verb:set package 'go2_description' build argument 'cmake_args' from command line to 'None'
[0.340s] Level 5:colcon.colcon_core.verb:set package 'go2_description' build argument 'cmake_target' from command line to 'None'
[0.340s] Level 5:colcon.colcon_core.verb:set package 'go2_description' build argument 'cmake_target_skip_unavailable' from command line to 'False'
[0.340s] Level 5:colcon.colcon_core.verb:set package 'go2_description' build argument 'cmake_clean_cache' from command line to 'False'
[0.340s] Level 5:colcon.colcon_core.verb:set package 'go2_description' build argument 'cmake_clean_first' from command line to 'False'
[0.340s] Level 5:colcon.colcon_core.verb:set package 'go2_description' build argument 'cmake_force_configure' from command line to 'False'
[0.340s] Level 5:colcon.colcon_core.verb:set package 'go2_description' build argument 'lookup_in_workspace' from command line to 'False'
[0.340s] Level 5:colcon.colcon_core.verb:set package 'go2_description' build argument 'ament_cmake_args' from command line to 'None'
[0.340s] Level 5:colcon.colcon_core.verb:set package 'go2_description' build argument 'catkin_cmake_args' from command line to 'None'
[0.340s] Level 5:colcon.colcon_core.verb:set package 'go2_description' build argument 'catkin_skip_building_tests' from command line to 'False'
[0.340s] DEBUG:colcon.colcon_core.verb:Building package 'go2_description' with the following arguments: {'ament_cmake_args': None, 'build_base': '/home/redalexdad/GitHub/WalkingRobotSim/build/go2_description', 'cargo_args': None, 'catkin_cmake_args': None, 'catkin_skip_building_tests': False, 'clean_build': False, 'cmake_args': None, 'cmake_clean_cache': False, 'cmake_clean_first': False, 'cmake_force_configure': False, 'cmake_target': None, 'cmake_target_skip_unavailable': False, 'install_base': '/home/redalexdad/GitHub/WalkingRobotSim/install/go2_description', 'lookup_in_workspace': False, 'merge_install': False, 'path': '/home/redalexdad/GitHub/WalkingRobotSim/src/go2_description', 'symlink_install': False, 'test_result_base': None}
[0.340s] Level 5:colcon.colcon_core.verb:set package 'ros2_cartography' build argument 'cargo_args' from command line to 'None'
[0.340s] Level 5:colcon.colcon_core.verb:set package 'ros2_cartography' build argument 'clean_build' from command line to 'False'
[0.340s] Level 5:colcon.colcon_core.verb:set package 'ros2_cartography' build argument 'cmake_args' from command line to 'None'
[0.340s] Level 5:colcon.colcon_core.verb:set package 'ros2_cartography' build argument 'cmake_target' from command line to 'None'
[0.340s] Level 5:colcon.colcon_core.verb:set package 'ros2_cartography' build argument 'cmake_target_skip_unavailable' from command line to 'False'
[0.340s] Level 5:colcon.colcon_core.verb:set package 'ros2_cartography' build argument 'cmake_clean_cache' from command line to 'False'
[0.340s] Level 5:colcon.colcon_core.verb:set package 'ros2_cartography' build argument 'cmake_clean_first' from command line to 'False'
[0.340s] Level 5:colcon.colcon_core.verb:set package 'ros2_cartography' build argument 'cmake_force_configure' from command line to 'False'
[0.340s] Level 5:colcon.colcon_core.verb:set package 'ros2_cartography' build argument 'lookup_in_workspace' from command line to 'False'
[0.340s] Level 5:colcon.colcon_core.verb:set package 'ros2_cartography' build argument 'ament_cmake_args' from command line to 'None'
[0.340s] Level 5:colcon.colcon_core.verb:set package 'ros2_cartography' build argument 'catkin_cmake_args' from command line to 'None'
[0.341s] Level 5:colcon.colcon_core.verb:set package 'ros2_cartography' build argument 'catkin_skip_building_tests' from command line to 'False'
[0.341s] DEBUG:colcon.colcon_core.verb:Building package 'ros2_cartography' with the following arguments: {'ament_cmake_args': None, 'build_base': '/home/redalexdad/GitHub/WalkingRobotSim/build/ros2_cartography', 'cargo_args': None, 'catkin_cmake_args': None, 'catkin_skip_building_tests': False, 'clean_build': False, 'cmake_args': None, 'cmake_clean_cache': False, 'cmake_clean_first': False, 'cmake_force_configure': False, 'cmake_target': None, 'cmake_target_skip_unavailable': False, 'install_base': '/home/redalexdad/GitHub/WalkingRobotSim/install/ros2_cartography', 'lookup_in_workspace': False, 'merge_install': False, 'path': '/home/redalexdad/GitHub/WalkingRobotSim/src/ros2_cartography', 'symlink_install': False, 'test_result_base': None}
[0.341s] Level 5:colcon.colcon_core.verb:set package 'ros2_gazebo' build argument 'cargo_args' from command line to 'None'
[0.341s] Level 5:colcon.colcon_core.verb:set package 'ros2_gazebo' build argument 'clean_build' from command line to 'False'
[0.341s] Level 5:colcon.colcon_core.verb:set package 'ros2_gazebo' build argument 'cmake_args' from command line to 'None'
[0.341s] Level 5:colcon.colcon_core.verb:set package 'ros2_gazebo' build argument 'cmake_target' from command line to 'None'
[0.341s] Level 5:colcon.colcon_core.verb:set package 'ros2_gazebo' build argument 'cmake_target_skip_unavailable' from command line to 'False'
[0.341s] Level 5:colcon.colcon_core.verb:set package 'ros2_gazebo' build argument 'cmake_clean_cache' from command line to 'False'
[0.341s] Level 5:colcon.colcon_core.verb:set package 'ros2_gazebo' build argument 'cmake_clean_first' from command line to 'False'
[0.341s] Level 5:colcon.colcon_core.verb:set package 'ros2_gazebo' build argument 'cmake_force_configure' from command line to 'False'
[0.341s] Level 5:colcon.colcon_core.verb:set package 'ros2_gazebo' build argument 'lookup_in_workspace' from command line to 'False'
[0.341s] Level 5:colcon.colcon_core.verb:set package 'ros2_gazebo' build argument 'ament_cmake_args' from command line to 'None'
[0.341s] Level 5:colcon.colcon_core.verb:set package 'ros2_gazebo' build argument 'catkin_cmake_args' from command line to 'None'
[0.341s] Level 5:colcon.colcon_core.verb:set package 'ros2_gazebo' build argument 'catkin_skip_building_tests' from command line to 'False'
[0.341s] DEBUG:colcon.colcon_core.verb:Building package 'ros2_gazebo' with the following arguments: {'ament_cmake_args': None, 'build_base': '/home/redalexdad/GitHub/WalkingRobotSim/build/ros2_gazebo', 'cargo_args': None, 'catkin_cmake_args': None, 'catkin_skip_building_tests': False, 'clean_build': False, 'cmake_args': None, 'cmake_clean_cache': False, 'cmake_clean_first': False, 'cmake_force_configure': False, 'cmake_target': None, 'cmake_target_skip_unavailable': False, 'install_base': '/home/redalexdad/GitHub/WalkingRobotSim/install/ros2_gazebo', 'lookup_in_workspace': False, 'merge_install': False, 'path': '/home/redalexdad/GitHub/WalkingRobotSim/src/ros2_gazebo', 'symlink_install': False, 'test_result_base': None}
[0.341s] Level 5:colcon.colcon_core.verb:set package 'ros2_navigation' build argument 'cargo_args' from command line to 'None'
[0.341s] Level 5:colcon.colcon_core.verb:set package 'ros2_navigation' build argument 'clean_build' from command line to 'False'
[0.341s] Level 5:colcon.colcon_core.verb:set package 'ros2_navigation' build argument 'cmake_args' from command line to 'None'
[0.341s] Level 5:colcon.colcon_core.verb:set package 'ros2_navigation' build argument 'cmake_target' from command line to 'None'
[0.341s] Level 5:colcon.colcon_core.verb:set package 'ros2_navigation' build argument 'cmake_target_skip_unavailable' from command line to 'False'
[0.341s] Level 5:colcon.colcon_core.verb:set package 'ros2_navigation' build argument 'cmake_clean_cache' from command line to 'False'
[0.341s] Level 5:colcon.colcon_core.verb:set package 'ros2_navigation' build argument 'cmake_clean_first' from command line to 'False'
[0.341s] Level 5:colcon.colcon_core.verb:set package 'ros2_navigation' build argument 'cmake_force_configure' from command line to 'False'
[0.341s] Level 5:colcon.colcon_core.verb:set package 'ros2_navigation' build argument 'lookup_in_workspace' from command line to 'False'
[0.341s] Level 5:colcon.colcon_core.verb:set package 'ros2_navigation' build argument 'ament_cmake_args' from command line to 'None'
[0.341s] Level 5:colcon.colcon_core.verb:set package 'ros2_navigation' build argument 'catkin_cmake_args' from command line to 'None'
[0.341s] Level 5:colcon.colcon_core.verb:set package 'ros2_navigation' build argument 'catkin_skip_building_tests' from command line to 'False'
[0.342s] DEBUG:colcon.colcon_core.verb:Building package 'ros2_navigation' with the following arguments: {'ament_cmake_args': None, 'build_base': '/home/redalexdad/GitHub/WalkingRobotSim/build/ros2_navigation', 'cargo_args': None, 'catkin_cmake_args': None, 'catkin_skip_building_tests': False, 'clean_build': False, 'cmake_args': None, 'cmake_clean_cache': False, 'cmake_clean_first': False, 'cmake_force_configure': False, 'cmake_target': None, 'cmake_target_skip_unavailable': False, 'install_base': '/home/redalexdad/GitHub/WalkingRobotSim/install/ros2_navigation', 'lookup_in_workspace': False, 'merge_install': False, 'path': '/home/redalexdad/GitHub/WalkingRobotSim/src/ros2_navigation', 'symlink_install': False, 'test_result_base': None}
[0.342s] Level 5:colcon.colcon_core.verb:set package 'ros2_odometry' build argument 'cargo_args' from command line to 'None'
[0.342s] Level 5:colcon.colcon_core.verb:set package 'ros2_odometry' build argument 'clean_build' from command line to 'False'
[0.342s] Level 5:colcon.colcon_core.verb:set package 'ros2_odometry' build argument 'cmake_args' from command line to 'None'
[0.342s] Level 5:colcon.colcon_core.verb:set package 'ros2_odometry' build argument 'cmake_target' from command line to 'None'
[0.342s] Level 5:colcon.colcon_core.verb:set package 'ros2_odometry' build argument 'cmake_target_skip_unavailable' from command line to 'False'
[0.342s] Level 5:colcon.colcon_core.verb:set package 'ros2_odometry' build argument 'cmake_clean_cache' from command line to 'False'
[0.342s] Level 5:colcon.colcon_core.verb:set package 'ros2_odometry' build argument 'cmake_clean_first' from command line to 'False'
[0.342s] Level 5:colcon.colcon_core.verb:set package 'ros2_odometry' build argument 'cmake_force_configure' from command line to 'False'
[0.342s] Level 5:colcon.colcon_core.verb:set package 'ros2_odometry' build argument 'lookup_in_workspace' from command line to 'False'
[0.342s] Level 5:colcon.colcon_core.verb:set package 'ros2_odometry' build argument 'ament_cmake_args' from command line to 'None'
[0.342s] Level 5:colcon.colcon_core.verb:set package 'ros2_odometry' build argument 'catkin_cmake_args' from command line to 'None'
[0.342s] Level 5:colcon.colcon_core.verb:set package 'ros2_odometry' build argument 'catkin_skip_building_tests' from command line to 'False'
[0.342s] DEBUG:colcon.colcon_core.verb:Building package 'ros2_odometry' with the following arguments: {'ament_cmake_args': None, 'build_base': '/home/redalexdad/GitHub/WalkingRobotSim/build/ros2_odometry', 'cargo_args': None, 'catkin_cmake_args': None, 'catkin_skip_building_tests': False, 'clean_build': False, 'cmake_args': None, 'cmake_clean_cache': False, 'cmake_clean_first': False, 'cmake_force_configure': False, 'cmake_target': None, 'cmake_target_skip_unavailable': False, 'install_base': '/home/redalexdad/GitHub/WalkingRobotSim/install/ros2_odometry', 'lookup_in_workspace': False, 'merge_install': False, 'path': '/home/redalexdad/GitHub/WalkingRobotSim/src/ros2_odometry', 'symlink_install': False, 'test_result_base': None}
[0.342s] Level 5:colcon.colcon_core.verb:set package 'ros2_unitree_legged_msgs' build argument 'cargo_args' from command line to 'None'
[0.342s] Level 5:colcon.colcon_core.verb:set package 'ros2_unitree_legged_msgs' build argument 'clean_build' from command line to 'False'
[0.342s] Level 5:colcon.colcon_core.verb:set package 'ros2_unitree_legged_msgs' build argument 'cmake_args' from command line to 'None'
[0.342s] Level 5:colcon.colcon_core.verb:set package 'ros2_unitree_legged_msgs' build argument 'cmake_target' from command line to 'None'
[0.342s] Level 5:colcon.colcon_core.verb:set package 'ros2_unitree_legged_msgs' build argument 'cmake_target_skip_unavailable' from command line to 'False'
[0.342s] Level 5:colcon.colcon_core.verb:set package 'ros2_unitree_legged_msgs' build argument 'cmake_clean_cache' from command line to 'False'
[0.342s] Level 5:colcon.colcon_core.verb:set package 'ros2_unitree_legged_msgs' build argument 'cmake_clean_first' from command line to 'False'
[0.342s] Level 5:colcon.colcon_core.verb:set package 'ros2_unitree_legged_msgs' build argument 'cmake_force_configure' from command line to 'False'
[0.342s] Level 5:colcon.colcon_core.verb:set package 'ros2_unitree_legged_msgs' build argument 'lookup_in_workspace' from command line to 'False'
[0.342s] Level 5:colcon.colcon_core.verb:set package 'ros2_unitree_legged_msgs' build argument 'ament_cmake_args' from command line to 'None'
[0.342s] Level 5:colcon.colcon_core.verb:set package 'ros2_unitree_legged_msgs' build argument 'catkin_cmake_args' from command line to 'None'
[0.342s] Level 5:colcon.colcon_core.verb:set package 'ros2_unitree_legged_msgs' build argument 'catkin_skip_building_tests' from command line to 'False'
[0.343s] DEBUG:colcon.colcon_core.verb:Building package 'ros2_unitree_legged_msgs' with the following arguments: {'ament_cmake_args': None, 'build_base': '/home/redalexdad/GitHub/WalkingRobotSim/build/ros2_unitree_legged_msgs', 'cargo_args': None, 'catkin_cmake_args': None, 'catkin_skip_building_tests': False, 'clean_build': False, 'cmake_args': None, 'cmake_clean_cache': False, 'cmake_clean_first': False, 'cmake_force_configure': False, 'cmake_target': None, 'cmake_target_skip_unavailable': False, 'install_base': '/home/redalexdad/GitHub/WalkingRobotSim/install/ros2_unitree_legged_msgs', 'lookup_in_workspace': False, 'merge_install': False, 'path': '/home/redalexdad/GitHub/WalkingRobotSim/src/ros2_unitree_legged_msgs', 'symlink_install': False, 'test_result_base': None}
[0.343s] Level 5:colcon.colcon_core.verb:set package 'yolo_msgs' build argument 'cargo_args' from command line to 'None'
[0.343s] Level 5:colcon.colcon_core.verb:set package 'yolo_msgs' build argument 'clean_build' from command line to 'False'
[0.343s] Level 5:colcon.colcon_core.verb:set package 'yolo_msgs' build argument 'cmake_args' from command line to 'None'
[0.343s] Level 5:colcon.colcon_core.verb:set package 'yolo_msgs' build argument 'cmake_target' from command line to 'None'
[0.343s] Level 5:colcon.colcon_core.verb:set package 'yolo_msgs' build argument 'cmake_target_skip_unavailable' from command line to 'False'
[0.343s] Level 5:colcon.colcon_core.verb:set package 'yolo_msgs' build argument 'cmake_clean_cache' from command line to 'False'
[0.343s] Level 5:colcon.colcon_core.verb:set package 'yolo_msgs' build argument 'cmake_clean_first' from command line to 'False'
[0.343s] Level 5:colcon.colcon_core.verb:set package 'yolo_msgs' build argument 'cmake_force_configure' from command line to 'False'
[0.343s] Level 5:colcon.colcon_core.verb:set package 'yolo_msgs' build argument 'lookup_in_workspace' from command line to 'False'
[0.343s] Level 5:colcon.colcon_core.verb:set package 'yolo_msgs' build argument 'ament_cmake_args' from command line to 'None'
[0.343s] Level 5:colcon.colcon_core.verb:set package 'yolo_msgs' build argument 'catkin_cmake_args' from command line to 'None'
[0.343s] Level 5:colcon.colcon_core.verb:set package 'yolo_msgs' build argument 'catkin_skip_building_tests' from command line to 'False'
[0.343s] DEBUG:colcon.colcon_core.verb:Building package 'yolo_msgs' with the following arguments: {'ament_cmake_args': None, 'build_base': '/home/redalexdad/GitHub/WalkingRobotSim/build/yolo_msgs', 'cargo_args': None, 'catkin_cmake_args': None, 'catkin_skip_building_tests': False, 'clean_build': False, 'cmake_args': None, 'cmake_clean_cache': False, 'cmake_clean_first': False, 'cmake_force_configure': False, 'cmake_target': None, 'cmake_target_skip_unavailable': False, 'install_base': '/home/redalexdad/GitHub/WalkingRobotSim/install/yolo_msgs', 'lookup_in_workspace': False, 'merge_install': False, 'path': '/home/redalexdad/GitHub/WalkingRobotSim/src/ros2_yolo_recognition/yolo_msgs', 'symlink_install': False, 'test_result_base': None}
[0.343s] Level 5:colcon.colcon_core.verb:set package 'ros2_unitree_legged_control' build argument 'cargo_args' from command line to 'None'
[0.343s] Level 5:colcon.colcon_core.verb:set package 'ros2_unitree_legged_control' build argument 'clean_build' from command line to 'False'
[0.343s] Level 5:colcon.colcon_core.verb:set package 'ros2_unitree_legged_control' build argument 'cmake_args' from command line to 'None'
[0.343s] Level 5:colcon.colcon_core.verb:set package 'ros2_unitree_legged_control' build argument 'cmake_target' from command line to 'None'
[0.343s] Level 5:colcon.colcon_core.verb:set package 'ros2_unitree_legged_control' build argument 'cmake_target_skip_unavailable' from command line to 'False'
[0.343s] Level 5:colcon.colcon_core.verb:set package 'ros2_unitree_legged_control' build argument 'cmake_clean_cache' from command line to 'False'
[0.343s] Level 5:colcon.colcon_core.verb:set package 'ros2_unitree_legged_control' build argument 'cmake_clean_first' from command line to 'False'
[0.343s] Level 5:colcon.colcon_core.verb:set package 'ros2_unitree_legged_control' build argument 'cmake_force_configure' from command line to 'False'
[0.343s] Level 5:colcon.colcon_core.verb:set package 'ros2_unitree_legged_control' build argument 'lookup_in_workspace' from command line to 'False'
[0.343s] Level 5:colcon.colcon_core.verb:set package 'ros2_unitree_legged_control' build argument 'ament_cmake_args' from command line to 'None'
[0.343s] Level 5:colcon.colcon_core.verb:set package 'ros2_unitree_legged_control' build argument 'catkin_cmake_args' from command line to 'None'
[0.343s] Level 5:colcon.colcon_core.verb:set package 'ros2_unitree_legged_control' build argument 'catkin_skip_building_tests' from command line to 'False'
[0.343s] DEBUG:colcon.colcon_core.verb:Building package 'ros2_unitree_legged_control' with the following arguments: {'ament_cmake_args': None, 'build_base': '/home/redalexdad/GitHub/WalkingRobotSim/build/ros2_unitree_legged_control', 'cargo_args': None, 'catkin_cmake_args': None, 'catkin_skip_building_tests': False, 'clean_build': False, 'cmake_args': None, 'cmake_clean_cache': False, 'cmake_clean_first': False, 'cmake_force_configure': False, 'cmake_target': None, 'cmake_target_skip_unavailable': False, 'install_base': '/home/redalexdad/GitHub/WalkingRobotSim/install/ros2_unitree_legged_control', 'lookup_in_workspace': False, 'merge_install': False, 'path': '/home/redalexdad/GitHub/WalkingRobotSim/src/ros2_unitree_legged_controller', 'symlink_install': False, 'test_result_base': None}
[0.344s] Level 5:colcon.colcon_core.verb:set package 'ros2_yolo_recognition' build argument 'cargo_args' from command line to 'None'
[0.344s] Level 5:colcon.colcon_core.verb:set package 'ros2_yolo_recognition' build argument 'clean_build' from command line to 'False'
[0.344s] Level 5:colcon.colcon_core.verb:set package 'ros2_yolo_recognition' build argument 'cmake_args' from command line to 'None'
[0.344s] Level 5:colcon.colcon_core.verb:set package 'ros2_yolo_recognition' build argument 'cmake_target' from command line to 'None'
[0.344s] Level 5:colcon.colcon_core.verb:set package 'ros2_yolo_recognition' build argument 'cmake_target_skip_unavailable' from command line to 'False'
[0.344s] Level 5:colcon.colcon_core.verb:set package 'ros2_yolo_recognition' build argument 'cmake_clean_cache' from command line to 'False'
[0.344s] Level 5:colcon.colcon_core.verb:set package 'ros2_yolo_recognition' build argument 'cmake_clean_first' from command line to 'False'
[0.344s] Level 5:colcon.colcon_core.verb:set package 'ros2_yolo_recognition' build argument 'cmake_force_configure' from command line to 'False'
[0.344s] Level 5:colcon.colcon_core.verb:set package 'ros2_yolo_recognition' build argument 'lookup_in_workspace' from command line to 'False'
[0.344s] Level 5:colcon.colcon_core.verb:set package 'ros2_yolo_recognition' build argument 'ament_cmake_args' from command line to 'None'
[0.344s] Level 5:colcon.colcon_core.verb:set package 'ros2_yolo_recognition' build argument 'catkin_cmake_args' from command line to 'None'
[0.344s] Level 5:colcon.colcon_core.verb:set package 'ros2_yolo_recognition' build argument 'catkin_skip_building_tests' from command line to 'False'
[0.344s] DEBUG:colcon.colcon_core.verb:Building package 'ros2_yolo_recognition' with the following arguments: {'ament_cmake_args': None, 'build_base': '/home/redalexdad/GitHub/WalkingRobotSim/build/ros2_yolo_recognition', 'cargo_args': None, 'catkin_cmake_args': None, 'catkin_skip_building_tests': False, 'clean_build': False, 'cmake_args': None, 'cmake_clean_cache': False, 'cmake_clean_first': False, 'cmake_force_configure': False, 'cmake_target': None, 'cmake_target_skip_unavailable': False, 'install_base': '/home/redalexdad/GitHub/WalkingRobotSim/install/ros2_yolo_recognition', 'lookup_in_workspace': False, 'merge_install': False, 'path': '/home/redalexdad/GitHub/WalkingRobotSim/src/ros2_yolo_recognition/ros2_yolo_recognition', 'symlink_install': False, 'test_result_base': None}
[0.344s] Level 5:colcon.colcon_core.verb:set package 'unitree_guide2' build argument 'cargo_args' from command line to 'None'
[0.344s] Level 5:colcon.colcon_core.verb:set package 'unitree_guide2' build argument 'clean_build' from command line to 'False'
[0.344s] Level 5:colcon.colcon_core.verb:set package 'unitree_guide2' build argument 'cmake_args' from command line to 'None'
[0.344s] Level 5:colcon.colcon_core.verb:set package 'unitree_guide2' build argument 'cmake_target' from command line to 'None'
[0.344s] Level 5:colcon.colcon_core.verb:set package 'unitree_guide2' build argument 'cmake_target_skip_unavailable' from command line to 'False'
[0.344s] Level 5:colcon.colcon_core.verb:set package 'unitree_guide2' build argument 'cmake_clean_cache' from command line to 'False'
[0.344s] Level 5:colcon.colcon_core.verb:set package 'unitree_guide2' build argument 'cmake_clean_first' from command line to 'False'
[0.344s] Level 5:colcon.colcon_core.verb:set package 'unitree_guide2' build argument 'cmake_force_configure' from command line to 'False'
[0.344s] Level 5:colcon.colcon_core.verb:set package 'unitree_guide2' build argument 'lookup_in_workspace' from command line to 'False'
[0.344s] Level 5:colcon.colcon_core.verb:set package 'unitree_guide2' build argument 'ament_cmake_args' from command line to 'None'
[0.344s] Level 5:colcon.colcon_core.verb:set package 'unitree_guide2' build argument 'catkin_cmake_args' from command line to 'None'
[0.344s] Level 5:colcon.colcon_core.verb:set package 'unitree_guide2' build argument 'catkin_skip_building_tests' from command line to 'False'
[0.344s] DEBUG:colcon.colcon_core.verb:Building package 'unitree_guide2' with the following arguments: {'ament_cmake_args': None, 'build_base': '/home/redalexdad/GitHub/WalkingRobotSim/build/unitree_guide2', 'cargo_args': None, 'catkin_cmake_args': None, 'catkin_skip_building_tests': False, 'clean_build': False, 'cmake_args': None, 'cmake_clean_cache': False, 'cmake_clean_first': False, 'cmake_force_configure': False, 'cmake_target': None, 'cmake_target_skip_unavailable': False, 'install_base': '/home/redalexdad/GitHub/WalkingRobotSim/install/unitree_guide2', 'lookup_in_workspace': False, 'merge_install': False, 'path': '/home/redalexdad/GitHub/WalkingRobotSim/src/unitree_guide2', 'symlink_install': False, 'test_result_base': None}
[0.345s] Level 5:colcon.colcon_core.verb:set package 'yolo_bringup' build argument 'cargo_args' from command line to 'None'
[0.345s] Level 5:colcon.colcon_core.verb:set package 'yolo_bringup' build argument 'clean_build' from command line to 'False'
[0.345s] Level 5:colcon.colcon_core.verb:set package 'yolo_bringup' build argument 'cmake_args' from command line to 'None'
[0.345s] Level 5:colcon.colcon_core.verb:set package 'yolo_bringup' build argument 'cmake_target' from command line to 'None'
[0.345s] Level 5:colcon.colcon_core.verb:set package 'yolo_bringup' build argument 'cmake_target_skip_unavailable' from command line to 'False'
[0.345s] Level 5:colcon.colcon_core.verb:set package 'yolo_bringup' build argument 'cmake_clean_cache' from command line to 'False'
[0.345s] Level 5:colcon.colcon_core.verb:set package 'yolo_bringup' build argument 'cmake_clean_first' from command line to 'False'
[0.345s] Level 5:colcon.colcon_core.verb:set package 'yolo_bringup' build argument 'cmake_force_configure' from command line to 'False'
[0.345s] Level 5:colcon.colcon_core.verb:set package 'yolo_bringup' build argument 'lookup_in_workspace' from command line to 'False'
[0.345s] Level 5:colcon.colcon_core.verb:set package 'yolo_bringup' build argument 'ament_cmake_args' from command line to 'None'
[0.345s] Level 5:colcon.colcon_core.verb:set package 'yolo_bringup' build argument 'catkin_cmake_args' from command line to 'None'
[0.345s] Level 5:colcon.colcon_core.verb:set package 'yolo_bringup' build argument 'catkin_skip_building_tests' from command line to 'False'
[0.345s] DEBUG:colcon.colcon_core.verb:Building package 'yolo_bringup' with the following arguments: {'ament_cmake_args': None, 'build_base': '/home/redalexdad/GitHub/WalkingRobotSim/build/yolo_bringup', 'cargo_args': None, 'catkin_cmake_args': None, 'catkin_skip_building_tests': False, 'clean_build': False, 'cmake_args': None, 'cmake_clean_cache': False, 'cmake_clean_first': False, 'cmake_force_configure': False, 'cmake_target': None, 'cmake_target_skip_unavailable': False, 'install_base': '/home/redalexdad/GitHub/WalkingRobotSim/install/yolo_bringup', 'lookup_in_workspace': False, 'merge_install': False, 'path': '/home/redalexdad/GitHub/WalkingRobotSim/src/ros2_yolo_recognition/yolo_bringup', 'symlink_install': False, 'test_result_base': None}
[0.345s] INFO:colcon.colcon_core.executor:Executing jobs using 'parallel' executor
[0.346s] DEBUG:colcon.colcon_parallel_executor.executor.parallel:run_until_complete
[0.346s] INFO:colcon.colcon_ros.task.ament_cmake.build:Building ROS package in '/home/redalexdad/GitHub/WalkingRobotSim/src/ros2_unitree_legged_msgs' with build type 'ament_cmake'
[0.346s] INFO:colcon.colcon_cmake.task.cmake.build:Building CMake package in '/home/redalexdad/GitHub/WalkingRobotSim/src/ros2_unitree_legged_msgs'
[0.349s] INFO:colcon.colcon_core.plugin_system:Skipping extension 'colcon_core.shell.bat': Not used on non-Windows systems
[0.349s] INFO:colcon.colcon_core.shell:Skip shell extension 'powershell' for command environment: Not usable outside of PowerShell
[0.349s] DEBUG:colcon.colcon_core.shell:Skip shell extension 'dsv' for command environment
[0.353s] INFO:colcon.colcon_ros.task.ament_cmake.build:Building ROS package in '/home/redalexdad/GitHub/WalkingRobotSim/src/ros2_yolo_recognition/yolo_msgs' with build type 'ament_cmake'
[0.354s] INFO:colcon.colcon_cmake.task.cmake.build:Building CMake package in '/home/redalexdad/GitHub/WalkingRobotSim/src/ros2_yolo_recognition/yolo_msgs'
[0.354s] INFO:colcon.colcon_core.shell:Skip shell extension 'powershell' for command environment: Not usable outside of PowerShell
[0.354s] DEBUG:colcon.colcon_core.shell:Skip shell extension 'dsv' for command environment
[0.358s] INFO:colcon.colcon_ros.task.ament_cmake.build:Building ROS package in '/home/redalexdad/GitHub/WalkingRobotSim/src/go1_description' with build type 'ament_cmake'
[0.358s] INFO:colcon.colcon_cmake.task.cmake.build:Building CMake package in '/home/redalexdad/GitHub/WalkingRobotSim/src/go1_description'
[0.358s] INFO:colcon.colcon_core.shell:Skip shell extension 'powershell' for command environment: Not usable outside of PowerShell
[0.358s] DEBUG:colcon.colcon_core.shell:Skip shell extension 'dsv' for command environment
[0.363s] INFO:colcon.colcon_ros.task.ament_cmake.build:Building ROS package in '/home/redalexdad/GitHub/WalkingRobotSim/src/go2_description' with build type 'ament_cmake'
[0.363s] INFO:colcon.colcon_cmake.task.cmake.build:Building CMake package in '/home/redalexdad/GitHub/WalkingRobotSim/src/go2_description'
[0.363s] INFO:colcon.colcon_core.shell:Skip shell extension 'powershell' for command environment: Not usable outside of PowerShell
[0.363s] DEBUG:colcon.colcon_core.shell:Skip shell extension 'dsv' for command environment
[0.368s] INFO:colcon.colcon_ros.task.ament_python.build:Building ROS package in '/home/redalexdad/GitHub/WalkingRobotSim/src/ros2_cartography' with build type 'ament_python'
[0.368s] Level 1:colcon.colcon_core.shell:create_environment_hook('ros2_cartography', 'ament_prefix_path')
[0.368s] INFO:colcon.colcon_core.shell:Creating environment hook '/home/redalexdad/GitHub/WalkingRobotSim/install/ros2_cartography/share/ros2_cartography/hook/ament_prefix_path.ps1'
[0.369s] INFO:colcon.colcon_core.shell:Creating environment descriptor '/home/redalexdad/GitHub/WalkingRobotSim/install/ros2_cartography/share/ros2_cartography/hook/ament_prefix_path.dsv'
[0.369s] INFO:colcon.colcon_core.shell:Creating environment hook '/home/redalexdad/GitHub/WalkingRobotSim/install/ros2_cartography/share/ros2_cartography/hook/ament_prefix_path.sh'
[0.370s] INFO:colcon.colcon_core.shell:Skip shell extension 'powershell' for command environment: Not usable outside of PowerShell
[0.370s] DEBUG:colcon.colcon_core.shell:Skip shell extension 'dsv' for command environment
[0.374s] INFO:colcon.colcon_ros.task.ament_cmake.build:Building ROS package in '/home/redalexdad/GitHub/WalkingRobotSim/src/ros2_gazebo' with build type 'ament_cmake'
[0.374s] INFO:colcon.colcon_cmake.task.cmake.build:Building CMake package in '/home/redalexdad/GitHub/WalkingRobotSim/src/ros2_gazebo'
[0.374s] INFO:colcon.colcon_core.shell:Skip shell extension 'powershell' for command environment: Not usable outside of PowerShell
[0.374s] DEBUG:colcon.colcon_core.shell:Skip shell extension 'dsv' for command environment
[0.379s] INFO:colcon.colcon_ros.task.ament_python.build:Building ROS package in '/home/redalexdad/GitHub/WalkingRobotSim/src/ros2_navigation' with build type 'ament_python'
[0.379s] Level 1:colcon.colcon_core.shell:create_environment_hook('ros2_navigation', 'ament_prefix_path')
[0.379s] INFO:colcon.colcon_core.shell:Creating environment hook '/home/redalexdad/GitHub/WalkingRobotSim/install/ros2_navigation/share/ros2_navigation/hook/ament_prefix_path.ps1'
[0.380s] INFO:colcon.colcon_core.shell:Creating environment descriptor '/home/redalexdad/GitHub/WalkingRobotSim/install/ros2_navigation/share/ros2_navigation/hook/ament_prefix_path.dsv'
[0.380s] INFO:colcon.colcon_core.shell:Creating environment hook '/home/redalexdad/GitHub/WalkingRobotSim/install/ros2_navigation/share/ros2_navigation/hook/ament_prefix_path.sh'
[0.380s] INFO:colcon.colcon_core.shell:Skip shell extension 'powershell' for command environment: Not usable outside of PowerShell
[0.380s] DEBUG:colcon.colcon_core.shell:Skip shell extension 'dsv' for command environment
[0.385s] INFO:colcon.colcon_ros.task.ament_python.build:Building ROS package in '/home/redalexdad/GitHub/WalkingRobotSim/src/ros2_odometry' with build type 'ament_python'
[0.385s] Level 1:colcon.colcon_core.shell:create_environment_hook('ros2_odometry', 'ament_prefix_path')
[0.385s] INFO:colcon.colcon_core.shell:Creating environment hook '/home/redalexdad/GitHub/WalkingRobotSim/install/ros2_odometry/share/ros2_odometry/hook/ament_prefix_path.ps1'
[0.386s] INFO:colcon.colcon_core.shell:Creating environment descriptor '/home/redalexdad/GitHub/WalkingRobotSim/install/ros2_odometry/share/ros2_odometry/hook/ament_prefix_path.dsv'
[0.386s] INFO:colcon.colcon_core.shell:Creating environment hook '/home/redalexdad/GitHub/WalkingRobotSim/install/ros2_odometry/share/ros2_odometry/hook/ament_prefix_path.sh'
[0.387s] INFO:colcon.colcon_core.shell:Skip shell extension 'powershell' for command environment: Not usable outside of PowerShell
[0.387s] DEBUG:colcon.colcon_core.shell:Skip shell extension 'dsv' for command environment
[0.395s] DEBUG:colcon.colcon_core.event_handler.log_command:Invoking command in '/home/redalexdad/GitHub/WalkingRobotSim/build/ros2_unitree_legged_msgs': CMAKE_PREFIX_PATH=${CMAKE_PREFIX_PATH}:/home/redalexdad/GitHub/WalkingRobotSim/install/ros2_yolo_recognition:/home/redalexdad/GitHub/WalkingRobotSim/install/ros2_odometry:/home/redalexdad/GitHub/WalkingRobotSim/install/ros2_navigation:/home/redalexdad/GitHub/WalkingRobotSim/install/ros2_cartography:/opt/ros/jazzy DEBUGINFOD_URLS=https://debuginfod.ubuntu.com /usr/bin/cmake /home/redalexdad/GitHub/WalkingRobotSim/src/ros2_unitree_legged_msgs -DCMAKE_INSTALL_PREFIX=/home/redalexdad/GitHub/WalkingRobotSim/install/ros2_unitree_legged_msgs
[0.396s] DEBUG:colcon.colcon_core.event_handler.log_command:Invoking command in '/home/redalexdad/GitHub/WalkingRobotSim/build/yolo_msgs': CMAKE_PREFIX_PATH=${CMAKE_PREFIX_PATH}:/home/redalexdad/GitHub/WalkingRobotSim/install/ros2_yolo_recognition:/home/redalexdad/GitHub/WalkingRobotSim/install/ros2_odometry:/home/redalexdad/GitHub/WalkingRobotSim/install/ros2_navigation:/home/redalexdad/GitHub/WalkingRobotSim/install/ros2_cartography:/opt/ros/jazzy DEBUGINFOD_URLS=https://debuginfod.ubuntu.com /usr/bin/cmake /home/redalexdad/GitHub/WalkingRobotSim/src/ros2_yolo_recognition/yolo_msgs -DCMAKE_INSTALL_PREFIX=/home/redalexdad/GitHub/WalkingRobotSim/install/yolo_msgs
[0.398s] DEBUG:colcon.colcon_core.event_handler.log_command:Invoking command in '/home/redalexdad/GitHub/WalkingRobotSim/build/go1_description': CMAKE_PREFIX_PATH=${CMAKE_PREFIX_PATH}:/home/redalexdad/GitHub/WalkingRobotSim/install/ros2_yolo_recognition:/home/redalexdad/GitHub/WalkingRobotSim/install/ros2_odometry:/home/redalexdad/GitHub/WalkingRobotSim/install/ros2_navigation:/home/redalexdad/GitHub/WalkingRobotSim/install/ros2_cartography:/opt/ros/jazzy DEBUGINFOD_URLS=https://debuginfod.ubuntu.com /usr/bin/cmake /home/redalexdad/GitHub/WalkingRobotSim/src/go1_description -DCMAKE_INSTALL_PREFIX=/home/redalexdad/GitHub/WalkingRobotSim/install/go1_description
[0.400s] DEBUG:colcon.colcon_core.event_handler.log_command:Invoking command in '/home/redalexdad/GitHub/WalkingRobotSim/build/go2_description': CMAKE_PREFIX_PATH=${CMAKE_PREFIX_PATH}:/home/redalexdad/GitHub/WalkingRobotSim/install/ros2_yolo_recognition:/home/redalexdad/GitHub/WalkingRobotSim/install/ros2_odometry:/home/redalexdad/GitHub/WalkingRobotSim/install/ros2_navigation:/home/redalexdad/GitHub/WalkingRobotSim/install/ros2_cartography:/opt/ros/jazzy DEBUGINFOD_URLS=https://debuginfod.ubuntu.com /usr/bin/cmake /home/redalexdad/GitHub/WalkingRobotSim/src/go2_description -DCMAKE_INSTALL_PREFIX=/home/redalexdad/GitHub/WalkingRobotSim/install/go2_description
[0.711s] INFO:colcon.colcon_core.task.python.build:Building Python package in '/home/redalexdad/GitHub/WalkingRobotSim/src/ros2_cartography'
[0.711s] INFO:colcon.colcon_core.shell:Skip shell extension 'powershell' for command environment: Not usable outside of PowerShell
[0.711s] DEBUG:colcon.colcon_core.shell:Skip shell extension 'dsv' for command environment
[0.720s] DEBUG:colcon.colcon_core.event_handler.log_command:Invoking command in '/home/redalexdad/GitHub/WalkingRobotSim/build/ros2_gazebo': CMAKE_PREFIX_PATH=${CMAKE_PREFIX_PATH}:/home/redalexdad/GitHub/WalkingRobotSim/install/ros2_yolo_recognition:/home/redalexdad/GitHub/WalkingRobotSim/install/ros2_odometry:/home/redalexdad/GitHub/WalkingRobotSim/install/ros2_navigation:/home/redalexdad/GitHub/WalkingRobotSim/install/ros2_cartography:/opt/ros/jazzy DEBUGINFOD_URLS=https://debuginfod.ubuntu.com /usr/bin/cmake /home/redalexdad/GitHub/WalkingRobotSim/src/ros2_gazebo -DCMAKE_INSTALL_PREFIX=/home/redalexdad/GitHub/WalkingRobotSim/install/ros2_gazebo
[1.047s] INFO:colcon.colcon_core.task.python.build:Building Python package in '/home/redalexdad/GitHub/WalkingRobotSim/src/ros2_navigation'
[1.047s] INFO:colcon.colcon_core.shell:Skip shell extension 'powershell' for command environment: Not usable outside of PowerShell
[1.047s] DEBUG:colcon.colcon_core.shell:Skip shell extension 'dsv' for command environment
[1.377s] INFO:colcon.colcon_core.task.python.build:Building Python package in '/home/redalexdad/GitHub/WalkingRobotSim/src/ros2_odometry'
[1.377s] INFO:colcon.colcon_core.shell:Skip shell extension 'powershell' for command environment: Not usable outside of PowerShell
[1.377s] DEBUG:colcon.colcon_core.shell:Skip shell extension 'dsv' for command environment
[2.468s] DEBUG:colcon.colcon_core.event_handler.log_command:Invoking command in '/home/redalexdad/GitHub/WalkingRobotSim/src/ros2_navigation': DEBUGINFOD_URLS=https://debuginfod.ubuntu.com PYTHONPATH=/home/redalexdad/GitHub/WalkingRobotSim/build/ros2_navigation/prefix_override:/usr/lib/python3/dist-packages/colcon_core/task/python/colcon_distutils_commands:/home/redalexdad/GitHub/WalkingRobotSim/install/ros2_navigation/lib/python3.12/site-packages:${PYTHONPATH} /usr/bin/python3 -W ignore:setup.py install is deprecated -W ignore:easy_install command is deprecated setup.py egg_info --egg-base ../../build/ros2_navigation build --build-base /home/redalexdad/GitHub/WalkingRobotSim/build/ros2_navigation/build install --record /home/redalexdad/GitHub/WalkingRobotSim/build/ros2_navigation/install.log --single-version-externally-managed install_data
[2.495s] DEBUG:colcon.colcon_core.event_handler.log_command:Invoking command in '/home/redalexdad/GitHub/WalkingRobotSim/src/ros2_odometry': DEBUGINFOD_URLS=https://debuginfod.ubuntu.com PYTHONPATH=/home/redalexdad/GitHub/WalkingRobotSim/build/ros2_odometry/prefix_override:/usr/lib/python3/dist-packages/colcon_core/task/python/colcon_distutils_commands:/home/redalexdad/GitHub/WalkingRobotSim/install/ros2_odometry/lib/python3.12/site-packages:${PYTHONPATH} /usr/bin/python3 -W ignore:setup.py install is deprecated -W ignore:easy_install command is deprecated setup.py egg_info --egg-base ../../build/ros2_odometry build --build-base /home/redalexdad/GitHub/WalkingRobotSim/build/ros2_odometry/build install --record /home/redalexdad/GitHub/WalkingRobotSim/build/ros2_odometry/install.log --single-version-externally-managed install_data
[2.581s] DEBUG:colcon.colcon_core.event_handler.log_command:Invoking command in '/home/redalexdad/GitHub/WalkingRobotSim/src/ros2_cartography': DEBUGINFOD_URLS=https://debuginfod.ubuntu.com PYTHONPATH=/home/redalexdad/GitHub/WalkingRobotSim/build/ros2_cartography/prefix_override:/usr/lib/python3/dist-packages/colcon_core/task/python/colcon_distutils_commands:/home/redalexdad/GitHub/WalkingRobotSim/install/ros2_cartography/lib/python3.12/site-packages:${PYTHONPATH} /usr/bin/python3 -W ignore:setup.py install is deprecated -W ignore:easy_install command is deprecated setup.py egg_info --egg-base ../../build/ros2_cartography build --build-base /home/redalexdad/GitHub/WalkingRobotSim/build/ros2_cartography/build install --record /home/redalexdad/GitHub/WalkingRobotSim/build/ros2_cartography/install.log --single-version-externally-managed install_data
[2.823s] DEBUG:colcon.colcon_core.event_handler.log_command:Invoked command in '/home/redalexdad/GitHub/WalkingRobotSim/build/go1_description' returned '0': CMAKE_PREFIX_PATH=${CMAKE_PREFIX_PATH}:/home/redalexdad/GitHub/WalkingRobotSim/install/ros2_yolo_recognition:/home/redalexdad/GitHub/WalkingRobotSim/install/ros2_odometry:/home/redalexdad/GitHub/WalkingRobotSim/install/ros2_navigation:/home/redalexdad/GitHub/WalkingRobotSim/install/ros2_cartography:/opt/ros/jazzy DEBUGINFOD_URLS=https://debuginfod.ubuntu.com /usr/bin/cmake /home/redalexdad/GitHub/WalkingRobotSim/src/go1_description -DCMAKE_INSTALL_PREFIX=/home/redalexdad/GitHub/WalkingRobotSim/install/go1_description
[2.825s] DEBUG:colcon.colcon_core.event_handler.log_command:Invoking command in '/home/redalexdad/GitHub/WalkingRobotSim/build/go1_description': CMAKE_PREFIX_PATH=${CMAKE_PREFIX_PATH}:/home/redalexdad/GitHub/WalkingRobotSim/install/ros2_yolo_recognition:/home/redalexdad/GitHub/WalkingRobotSim/install/ros2_odometry:/home/redalexdad/GitHub/WalkingRobotSim/install/ros2_navigation:/home/redalexdad/GitHub/WalkingRobotSim/install/ros2_cartography:/opt/ros/jazzy DEBUGINFOD_URLS=https://debuginfod.ubuntu.com /usr/bin/cmake --build /home/redalexdad/GitHub/WalkingRobotSim/build/go1_description -- -j16 -l16
[2.896s] DEBUG:colcon.colcon_core.event_handler.log_command:Invoked command in '/home/redalexdad/GitHub/WalkingRobotSim/build/go1_description' returned '0': CMAKE_PREFIX_PATH=${CMAKE_PREFIX_PATH}:/home/redalexdad/GitHub/WalkingRobotSim/install/ros2_yolo_recognition:/home/redalexdad/GitHub/WalkingRobotSim/install/ros2_odometry:/home/redalexdad/GitHub/WalkingRobotSim/install/ros2_navigation:/home/redalexdad/GitHub/WalkingRobotSim/install/ros2_cartography:/opt/ros/jazzy DEBUGINFOD_URLS=https://debuginfod.ubuntu.com /usr/bin/cmake --build /home/redalexdad/GitHub/WalkingRobotSim/build/go1_description -- -j16 -l16
[2.911s] DEBUG:colcon.colcon_core.event_handler.log_command:Invoking command in '/home/redalexdad/GitHub/WalkingRobotSim/build/go1_description': CMAKE_PREFIX_PATH=${CMAKE_PREFIX_PATH}:/home/redalexdad/GitHub/WalkingRobotSim/install/ros2_yolo_recognition:/home/redalexdad/GitHub/WalkingRobotSim/install/ros2_odometry:/home/redalexdad/GitHub/WalkingRobotSim/install/ros2_navigation:/home/redalexdad/GitHub/WalkingRobotSim/install/ros2_cartography:/opt/ros/jazzy DEBUGINFOD_URLS=https://debuginfod.ubuntu.com /usr/bin/cmake --install /home/redalexdad/GitHub/WalkingRobotSim/build/go1_description
[3.020s] Level 1:colcon.colcon_core.environment:create_environment_scripts_only(go1_description)
[3.021s] DEBUG:colcon.colcon_core.event_handler.log_command:Invoked command in '/home/redalexdad/GitHub/WalkingRobotSim/build/go1_description' returned '0': CMAKE_PREFIX_PATH=${CMAKE_PREFIX_PATH}:/home/redalexdad/GitHub/WalkingRobotSim/install/ros2_yolo_recognition:/home/redalexdad/GitHub/WalkingRobotSim/install/ros2_odometry:/home/redalexdad/GitHub/WalkingRobotSim/install/ros2_navigation:/home/redalexdad/GitHub/WalkingRobotSim/install/ros2_cartography:/opt/ros/jazzy DEBUGINFOD_URLS=https://debuginfod.ubuntu.com /usr/bin/cmake --install /home/redalexdad/GitHub/WalkingRobotSim/build/go1_description
[3.024s] Level 1:colcon.colcon_core.environment:checking '/home/redalexdad/GitHub/WalkingRobotSim/install/go1_description' for CMake module files
[3.024s] Level 1:colcon.colcon_core.environment:checking '/home/redalexdad/GitHub/WalkingRobotSim/install/go1_description' for CMake config files
[3.025s] Level 1:colcon.colcon_core.shell:create_environment_hook('go1_description', 'cmake_prefix_path')
[3.025s] INFO:colcon.colcon_core.shell:Creating environment hook '/home/redalexdad/GitHub/WalkingRobotSim/install/go1_description/share/go1_description/hook/cmake_prefix_path.ps1'
[3.025s] INFO:colcon.colcon_core.shell:Creating environment descriptor '/home/redalexdad/GitHub/WalkingRobotSim/install/go1_description/share/go1_description/hook/cmake_prefix_path.dsv'
[3.026s] INFO:colcon.colcon_core.shell:Creating environment hook '/home/redalexdad/GitHub/WalkingRobotSim/install/go1_description/share/go1_description/hook/cmake_prefix_path.sh'
[3.026s] Level 1:colcon.colcon_core.environment:checking '/home/redalexdad/GitHub/WalkingRobotSim/install/go1_description/bin'
[3.027s] Level 1:colcon.colcon_core.environment:checking '/home/redalexdad/GitHub/WalkingRobotSim/install/go1_description/lib/pkgconfig/go1_description.pc'
[3.027s] Level 1:colcon.colcon_core.environment:checking '/home/redalexdad/GitHub/WalkingRobotSim/install/go1_description/lib/python3.12/site-packages'
[3.027s] Level 1:colcon.colcon_core.environment:checking '/home/redalexdad/GitHub/WalkingRobotSim/install/go1_description/bin'
[3.027s] INFO:colcon.colcon_core.shell:Creating package script '/home/redalexdad/GitHub/WalkingRobotSim/install/go1_description/share/go1_description/package.ps1'
[3.028s] INFO:colcon.colcon_core.shell:Creating package descriptor '/home/redalexdad/GitHub/WalkingRobotSim/install/go1_description/share/go1_description/package.dsv'
[3.029s] INFO:colcon.colcon_core.shell:Creating package script '/home/redalexdad/GitHub/WalkingRobotSim/install/go1_description/share/go1_description/package.sh'
[3.030s] INFO:colcon.colcon_core.shell:Creating package script '/home/redalexdad/GitHub/WalkingRobotSim/install/go1_description/share/go1_description/package.bash'
[3.030s] INFO:colcon.colcon_core.shell:Creating package script '/home/redalexdad/GitHub/WalkingRobotSim/install/go1_description/share/go1_description/package.zsh'
[3.031s] Level 1:colcon.colcon_core.environment:create_file_with_runtime_dependencies(/home/redalexdad/GitHub/WalkingRobotSim/install/go1_description/share/colcon-core/packages/go1_description)
[3.032s] Level 1:colcon.colcon_core.environment:create_environment_scripts_only(go1_description)
[3.032s] Level 1:colcon.colcon_core.environment:checking '/home/redalexdad/GitHub/WalkingRobotSim/install/go1_description' for CMake module files
[3.033s] Level 1:colcon.colcon_core.environment:checking '/home/redalexdad/GitHub/WalkingRobotSim/install/go1_description' for CMake config files
[3.033s] Level 1:colcon.colcon_core.shell:create_environment_hook('go1_description', 'cmake_prefix_path')
[3.034s] INFO:colcon.colcon_core.shell:Creating environment hook '/home/redalexdad/GitHub/WalkingRobotSim/install/go1_description/share/go1_description/hook/cmake_prefix_path.ps1'
[3.034s] INFO:colcon.colcon_core.shell:Creating environment descriptor '/home/redalexdad/GitHub/WalkingRobotSim/install/go1_description/share/go1_description/hook/cmake_prefix_path.dsv'
[3.035s] INFO:colcon.colcon_core.shell:Creating environment hook '/home/redalexdad/GitHub/WalkingRobotSim/install/go1_description/share/go1_description/hook/cmake_prefix_path.sh'
[3.036s] Level 1:colcon.colcon_core.environment:checking '/home/redalexdad/GitHub/WalkingRobotSim/install/go1_description/bin'
[3.036s] Level 1:colcon.colcon_core.environment:checking '/home/redalexdad/GitHub/WalkingRobotSim/install/go1_description/lib/pkgconfig/go1_description.pc'
[3.036s] Level 1:colcon.colcon_core.environment:checking '/home/redalexdad/GitHub/WalkingRobotSim/install/go1_description/lib/python3.12/site-packages'
[3.036s] Level 1:colcon.colcon_core.environment:checking '/home/redalexdad/GitHub/WalkingRobotSim/install/go1_description/bin'
[3.037s] INFO:colcon.colcon_core.shell:Creating package script '/home/redalexdad/GitHub/WalkingRobotSim/install/go1_description/share/go1_description/package.ps1'
[3.038s] INFO:colcon.colcon_core.shell:Creating package descriptor '/home/redalexdad/GitHub/WalkingRobotSim/install/go1_description/share/go1_description/package.dsv'
[3.038s] INFO:colcon.colcon_core.shell:Creating package script '/home/redalexdad/GitHub/WalkingRobotSim/install/go1_description/share/go1_description/package.sh'
[3.039s] INFO:colcon.colcon_core.shell:Creating package script '/home/redalexdad/GitHub/WalkingRobotSim/install/go1_description/share/go1_description/package.bash'
[3.040s] INFO:colcon.colcon_core.shell:Creating package script '/home/redalexdad/GitHub/WalkingRobotSim/install/go1_description/share/go1_description/package.zsh'
[3.040s] Level 1:colcon.colcon_core.environment:create_file_with_runtime_dependencies(/home/redalexdad/GitHub/WalkingRobotSim/install/go1_description/share/colcon-core/packages/go1_description)
[3.054s] DEBUG:colcon.colcon_core.event_handler.log_command:Invoked command in '/home/redalexdad/GitHub/WalkingRobotSim/build/go2_description' returned '0': CMAKE_PREFIX_PATH=${CMAKE_PREFIX_PATH}:/home/redalexdad/GitHub/WalkingRobotSim/install/ros2_yolo_recognition:/home/redalexdad/GitHub/WalkingRobotSim/install/ros2_odometry:/home/redalexdad/GitHub/WalkingRobotSim/install/ros2_navigation:/home/redalexdad/GitHub/WalkingRobotSim/install/ros2_cartography:/opt/ros/jazzy DEBUGINFOD_URLS=https://debuginfod.ubuntu.com /usr/bin/cmake /home/redalexdad/GitHub/WalkingRobotSim/src/go2_description -DCMAKE_INSTALL_PREFIX=/home/redalexdad/GitHub/WalkingRobotSim/install/go2_description
[3.056s] DEBUG:colcon.colcon_core.event_handler.log_command:Invoking command in '/home/redalexdad/GitHub/WalkingRobotSim/build/go2_description': CMAKE_PREFIX_PATH=${CMAKE_PREFIX_PATH}:/home/redalexdad/GitHub/WalkingRobotSim/install/ros2_yolo_recognition:/home/redalexdad/GitHub/WalkingRobotSim/install/ros2_odometry:/home/redalexdad/GitHub/WalkingRobotSim/install/ros2_navigation:/home/redalexdad/GitHub/WalkingRobotSim/install/ros2_cartography:/opt/ros/jazzy DEBUGINFOD_URLS=https://debuginfod.ubuntu.com /usr/bin/cmake --build /home/redalexdad/GitHub/WalkingRobotSim/build/go2_description -- -j16 -l16
[3.127s] DEBUG:colcon.colcon_core.event_handler.log_command:Invoked command in '/home/redalexdad/GitHub/WalkingRobotSim/build/go2_description' returned '0': CMAKE_PREFIX_PATH=${CMAKE_PREFIX_PATH}:/home/redalexdad/GitHub/WalkingRobotSim/install/ros2_yolo_recognition:/home/redalexdad/GitHub/WalkingRobotSim/install/ros2_odometry:/home/redalexdad/GitHub/WalkingRobotSim/install/ros2_navigation:/home/redalexdad/GitHub/WalkingRobotSim/install/ros2_cartography:/opt/ros/jazzy DEBUGINFOD_URLS=https://debuginfod.ubuntu.com /usr/bin/cmake --build /home/redalexdad/GitHub/WalkingRobotSim/build/go2_description -- -j16 -l16
[3.128s] DEBUG:colcon.colcon_core.event_handler.log_command:Invoking command in '/home/redalexdad/GitHub/WalkingRobotSim/build/go2_description': CMAKE_PREFIX_PATH=${CMAKE_PREFIX_PATH}:/home/redalexdad/GitHub/WalkingRobotSim/install/ros2_yolo_recognition:/home/redalexdad/GitHub/WalkingRobotSim/install/ros2_odometry:/home/redalexdad/GitHub/WalkingRobotSim/install/ros2_navigation:/home/redalexdad/GitHub/WalkingRobotSim/install/ros2_cartography:/opt/ros/jazzy DEBUGINFOD_URLS=https://debuginfod.ubuntu.com /usr/bin/cmake --install /home/redalexdad/GitHub/WalkingRobotSim/build/go2_description
[3.218s] Level 1:colcon.colcon_core.environment:create_environment_scripts_only(go2_description)
[3.219s] DEBUG:colcon.colcon_core.event_handler.log_command:Invoked command in '/home/redalexdad/GitHub/WalkingRobotSim/build/go2_description' returned '0': CMAKE_PREFIX_PATH=${CMAKE_PREFIX_PATH}:/home/redalexdad/GitHub/WalkingRobotSim/install/ros2_yolo_recognition:/home/redalexdad/GitHub/WalkingRobotSim/install/ros2_odometry:/home/redalexdad/GitHub/WalkingRobotSim/install/ros2_navigation:/home/redalexdad/GitHub/WalkingRobotSim/install/ros2_cartography:/opt/ros/jazzy DEBUGINFOD_URLS=https://debuginfod.ubuntu.com /usr/bin/cmake --install /home/redalexdad/GitHub/WalkingRobotSim/build/go2_description
[3.219s] Level 1:colcon.colcon_core.environment:checking '/home/redalexdad/GitHub/WalkingRobotSim/install/go2_description' for CMake module files
[3.220s] Level 1:colcon.colcon_core.environment:checking '/home/redalexdad/GitHub/WalkingRobotSim/install/go2_description' for CMake config files
[3.220s] Level 1:colcon.colcon_core.shell:create_environment_hook('go2_description', 'cmake_prefix_path')
[3.221s] INFO:colcon.colcon_core.shell:Creating environment hook '/home/redalexdad/GitHub/WalkingRobotSim/install/go2_description/share/go2_description/hook/cmake_prefix_path.ps1'
[3.221s] INFO:colcon.colcon_core.shell:Creating environment descriptor '/home/redalexdad/GitHub/WalkingRobotSim/install/go2_description/share/go2_description/hook/cmake_prefix_path.dsv'
[3.222s] INFO:colcon.colcon_core.shell:Creating environment hook '/home/redalexdad/GitHub/WalkingRobotSim/install/go2_description/share/go2_description/hook/cmake_prefix_path.sh'
[3.223s] Level 1:colcon.colcon_core.environment:checking '/home/redalexdad/GitHub/WalkingRobotSim/install/go2_description/bin'
[3.223s] Level 1:colcon.colcon_core.environment:checking '/home/redalexdad/GitHub/WalkingRobotSim/install/go2_description/lib/pkgconfig/go2_description.pc'
[3.223s] Level 1:colcon.colcon_core.environment:checking '/home/redalexdad/GitHub/WalkingRobotSim/install/go2_description/lib/python3.12/site-packages'
[3.223s] Level 1:colcon.colcon_core.environment:checking '/home/redalexdad/GitHub/WalkingRobotSim/install/go2_description/bin'
[3.224s] INFO:colcon.colcon_core.shell:Creating package script '/home/redalexdad/GitHub/WalkingRobotSim/install/go2_description/share/go2_description/package.ps1'
[3.224s] INFO:colcon.colcon_core.shell:Creating package descriptor '/home/redalexdad/GitHub/WalkingRobotSim/install/go2_description/share/go2_description/package.dsv'
[3.225s] INFO:colcon.colcon_core.shell:Creating package script '/home/redalexdad/GitHub/WalkingRobotSim/install/go2_description/share/go2_description/package.sh'
[3.225s] INFO:colcon.colcon_core.shell:Creating package script '/home/redalexdad/GitHub/WalkingRobotSim/install/go2_description/share/go2_description/package.bash'
[3.225s] INFO:colcon.colcon_core.shell:Creating package script '/home/redalexdad/GitHub/WalkingRobotSim/install/go2_description/share/go2_description/package.zsh'
[3.226s] Level 1:colcon.colcon_core.environment:create_file_with_runtime_dependencies(/home/redalexdad/GitHub/WalkingRobotSim/install/go2_description/share/colcon-core/packages/go2_description)
[3.227s] Level 1:colcon.colcon_core.environment:create_environment_scripts_only(go2_description)
[3.227s] Level 1:colcon.colcon_core.environment:checking '/home/redalexdad/GitHub/WalkingRobotSim/install/go2_description' for CMake module files
[3.227s] Level 1:colcon.colcon_core.environment:checking '/home/redalexdad/GitHub/WalkingRobotSim/install/go2_description' for CMake config files
[3.228s] Level 1:colcon.colcon_core.shell:create_environment_hook('go2_description', 'cmake_prefix_path')
[3.228s] INFO:colcon.colcon_core.shell:Creating environment hook '/home/redalexdad/GitHub/WalkingRobotSim/install/go2_description/share/go2_description/hook/cmake_prefix_path.ps1'
[3.229s] INFO:colcon.colcon_core.shell:Creating environment descriptor '/home/redalexdad/GitHub/WalkingRobotSim/install/go2_description/share/go2_description/hook/cmake_prefix_path.dsv'
[3.229s] INFO:colcon.colcon_core.shell:Creating environment hook '/home/redalexdad/GitHub/WalkingRobotSim/install/go2_description/share/go2_description/hook/cmake_prefix_path.sh'
[3.230s] Level 1:colcon.colcon_core.environment:checking '/home/redalexdad/GitHub/WalkingRobotSim/install/go2_description/bin'
[3.230s] Level 1:colcon.colcon_core.environment:checking '/home/redalexdad/GitHub/WalkingRobotSim/install/go2_description/lib/pkgconfig/go2_description.pc'
[3.230s] Level 1:colcon.colcon_core.environment:checking '/home/redalexdad/GitHub/WalkingRobotSim/install/go2_description/lib/python3.12/site-packages'
[3.231s] Level 1:colcon.colcon_core.environment:checking '/home/redalexdad/GitHub/WalkingRobotSim/install/go2_description/bin'
[3.231s] INFO:colcon.colcon_core.shell:Creating package script '/home/redalexdad/GitHub/WalkingRobotSim/install/go2_description/share/go2_description/package.ps1'
[3.232s] INFO:colcon.colcon_core.shell:Creating package descriptor '/home/redalexdad/GitHub/WalkingRobotSim/install/go2_description/share/go2_description/package.dsv'
[3.232s] INFO:colcon.colcon_core.shell:Creating package script '/home/redalexdad/GitHub/WalkingRobotSim/install/go2_description/share/go2_description/package.sh'
[3.233s] INFO:colcon.colcon_core.shell:Creating package script '/home/redalexdad/GitHub/WalkingRobotSim/install/go2_description/share/go2_description/package.bash'
[3.233s] INFO:colcon.colcon_core.shell:Creating package script '/home/redalexdad/GitHub/WalkingRobotSim/install/go2_description/share/go2_description/package.zsh'
[3.234s] Level 1:colcon.colcon_core.environment:create_file_with_runtime_dependencies(/home/redalexdad/GitHub/WalkingRobotSim/install/go2_description/share/colcon-core/packages/go2_description)
[3.402s] Level 1:colcon.colcon_core.environment:checking '/home/redalexdad/GitHub/WalkingRobotSim/install/ros2_navigation' for CMake module files
[3.403s] DEBUG:colcon.colcon_core.event_handler.log_command:Invoked command in '/home/redalexdad/GitHub/WalkingRobotSim/src/ros2_navigation' returned '0': DEBUGINFOD_URLS=https://debuginfod.ubuntu.com PYTHONPATH=/home/redalexdad/GitHub/WalkingRobotSim/build/ros2_navigation/prefix_override:/usr/lib/python3/dist-packages/colcon_core/task/python/colcon_distutils_commands:/home/redalexdad/GitHub/WalkingRobotSim/install/ros2_navigation/lib/python3.12/site-packages:${PYTHONPATH} /usr/bin/python3 -W ignore:setup.py install is deprecated -W ignore:easy_install command is deprecated setup.py egg_info --egg-base ../../build/ros2_navigation build --build-base /home/redalexdad/GitHub/WalkingRobotSim/build/ros2_navigation/build install --record /home/redalexdad/GitHub/WalkingRobotSim/build/ros2_navigation/install.log --single-version-externally-managed install_data
[3.403s] Level 1:colcon.colcon_core.environment:checking '/home/redalexdad/GitHub/WalkingRobotSim/install/ros2_navigation' for CMake config files
[3.404s] Level 1:colcon.colcon_core.environment:checking '/home/redalexdad/GitHub/WalkingRobotSim/install/ros2_navigation/lib'
[3.404s] Level 1:colcon.colcon_core.environment:checking '/home/redalexdad/GitHub/WalkingRobotSim/install/ros2_navigation/bin'
[3.404s] Level 1:colcon.colcon_core.environment:checking '/home/redalexdad/GitHub/WalkingRobotSim/install/ros2_navigation/lib/pkgconfig/ros2_navigation.pc'
[3.405s] Level 1:colcon.colcon_core.environment:checking '/home/redalexdad/GitHub/WalkingRobotSim/install/ros2_navigation/lib/python3.12/site-packages'
[3.405s] Level 1:colcon.colcon_core.shell:create_environment_hook('ros2_navigation', 'pythonpath')
[3.405s] INFO:colcon.colcon_core.shell:Creating environment hook '/home/redalexdad/GitHub/WalkingRobotSim/install/ros2_navigation/share/ros2_navigation/hook/pythonpath.ps1'
[3.405s] INFO:colcon.colcon_core.shell:Creating environment descriptor '/home/redalexdad/GitHub/WalkingRobotSim/install/ros2_navigation/share/ros2_navigation/hook/pythonpath.dsv'
[3.406s] INFO:colcon.colcon_core.shell:Creating environment hook '/home/redalexdad/GitHub/WalkingRobotSim/install/ros2_navigation/share/ros2_navigation/hook/pythonpath.sh'
[3.406s] Level 1:colcon.colcon_core.environment:checking '/home/redalexdad/GitHub/WalkingRobotSim/install/ros2_navigation/bin'
[3.406s] Level 1:colcon.colcon_core.environment:create_environment_scripts_only(ros2_navigation)
[3.407s] INFO:colcon.colcon_core.shell:Creating package script '/home/redalexdad/GitHub/WalkingRobotSim/install/ros2_navigation/share/ros2_navigation/package.ps1'
[3.407s] INFO:colcon.colcon_core.shell:Creating package descriptor '/home/redalexdad/GitHub/WalkingRobotSim/install/ros2_navigation/share/ros2_navigation/package.dsv'
[3.408s] INFO:colcon.colcon_core.shell:Creating package script '/home/redalexdad/GitHub/WalkingRobotSim/install/ros2_navigation/share/ros2_navigation/package.sh'
[3.408s] INFO:colcon.colcon_core.shell:Creating package script '/home/redalexdad/GitHub/WalkingRobotSim/install/ros2_navigation/share/ros2_navigation/package.bash'
[3.408s] INFO:colcon.colcon_core.shell:Creating package script '/home/redalexdad/GitHub/WalkingRobotSim/install/ros2_navigation/share/ros2_navigation/package.zsh'
[3.409s] Level 1:colcon.colcon_core.environment:create_file_with_runtime_dependencies(/home/redalexdad/GitHub/WalkingRobotSim/install/ros2_navigation/share/colcon-core/packages/ros2_navigation)
[3.435s] Level 1:colcon.colcon_core.environment:checking '/home/redalexdad/GitHub/WalkingRobotSim/install/ros2_odometry' for CMake module files
[3.436s] DEBUG:colcon.colcon_core.event_handler.log_command:Invoked command in '/home/redalexdad/GitHub/WalkingRobotSim/src/ros2_odometry' returned '0': DEBUGINFOD_URLS=https://debuginfod.ubuntu.com PYTHONPATH=/home/redalexdad/GitHub/WalkingRobotSim/build/ros2_odometry/prefix_override:/usr/lib/python3/dist-packages/colcon_core/task/python/colcon_distutils_commands:/home/redalexdad/GitHub/WalkingRobotSim/install/ros2_odometry/lib/python3.12/site-packages:${PYTHONPATH} /usr/bin/python3 -W ignore:setup.py install is deprecated -W ignore:easy_install command is deprecated setup.py egg_info --egg-base ../../build/ros2_odometry build --build-base /home/redalexdad/GitHub/WalkingRobotSim/build/ros2_odometry/build install --record /home/redalexdad/GitHub/WalkingRobotSim/build/ros2_odometry/install.log --single-version-externally-managed install_data
[3.437s] Level 1:colcon.colcon_core.environment:checking '/home/redalexdad/GitHub/WalkingRobotSim/install/ros2_odometry' for CMake config files
[3.438s] Level 1:colcon.colcon_core.environment:checking '/home/redalexdad/GitHub/WalkingRobotSim/install/ros2_odometry/lib'
[3.438s] Level 1:colcon.colcon_core.environment:checking '/home/redalexdad/GitHub/WalkingRobotSim/install/ros2_odometry/bin'
[3.438s] Level 1:colcon.colcon_core.environment:checking '/home/redalexdad/GitHub/WalkingRobotSim/install/ros2_odometry/lib/pkgconfig/ros2_odometry.pc'
[3.439s] Level 1:colcon.colcon_core.environment:checking '/home/redalexdad/GitHub/WalkingRobotSim/install/ros2_odometry/lib/python3.12/site-packages'
[3.439s] Level 1:colcon.colcon_core.shell:create_environment_hook('ros2_odometry', 'pythonpath')
[3.439s] INFO:colcon.colcon_core.shell:Creating environment hook '/home/redalexdad/GitHub/WalkingRobotSim/install/ros2_odometry/share/ros2_odometry/hook/pythonpath.ps1'
[3.440s] INFO:colcon.colcon_core.shell:Creating environment descriptor '/home/redalexdad/GitHub/WalkingRobotSim/install/ros2_odometry/share/ros2_odometry/hook/pythonpath.dsv'
[3.441s] INFO:colcon.colcon_core.shell:Creating environment hook '/home/redalexdad/GitHub/WalkingRobotSim/install/ros2_odometry/share/ros2_odometry/hook/pythonpath.sh'
[3.442s] Level 1:colcon.colcon_core.environment:checking '/home/redalexdad/GitHub/WalkingRobotSim/install/ros2_odometry/bin'
[3.442s] Level 1:colcon.colcon_core.environment:create_environment_scripts_only(ros2_odometry)
[3.443s] INFO:colcon.colcon_core.shell:Creating package script '/home/redalexdad/GitHub/WalkingRobotSim/install/ros2_odometry/share/ros2_odometry/package.ps1'
[3.443s] INFO:colcon.colcon_core.shell:Creating package descriptor '/home/redalexdad/GitHub/WalkingRobotSim/install/ros2_odometry/share/ros2_odometry/package.dsv'
[3.444s] INFO:colcon.colcon_core.shell:Creating package script '/home/redalexdad/GitHub/WalkingRobotSim/install/ros2_odometry/share/ros2_odometry/package.sh'
[3.445s] INFO:colcon.colcon_core.shell:Creating package script '/home/redalexdad/GitHub/WalkingRobotSim/install/ros2_odometry/share/ros2_odometry/package.bash'
[3.446s] INFO:colcon.colcon_core.shell:Creating package script '/home/redalexdad/GitHub/WalkingRobotSim/install/ros2_odometry/share/ros2_odometry/package.zsh'
[3.446s] Level 1:colcon.colcon_core.environment:create_file_with_runtime_dependencies(/home/redalexdad/GitHub/WalkingRobotSim/install/ros2_odometry/share/colcon-core/packages/ros2_odometry)
[3.465s] Level 1:colcon.colcon_core.environment:checking '/home/redalexdad/GitHub/WalkingRobotSim/install/ros2_cartography' for CMake module files
[3.466s] DEBUG:colcon.colcon_core.event_handler.log_command:Invoked command in '/home/redalexdad/GitHub/WalkingRobotSim/src/ros2_cartography' returned '0': DEBUGINFOD_URLS=https://debuginfod.ubuntu.com PYTHONPATH=/home/redalexdad/GitHub/WalkingRobotSim/build/ros2_cartography/prefix_override:/usr/lib/python3/dist-packages/colcon_core/task/python/colcon_distutils_commands:/home/redalexdad/GitHub/WalkingRobotSim/install/ros2_cartography/lib/python3.12/site-packages:${PYTHONPATH} /usr/bin/python3 -W ignore:setup.py install is deprecated -W ignore:easy_install command is deprecated setup.py egg_info --egg-base ../../build/ros2_cartography build --build-base /home/redalexdad/GitHub/WalkingRobotSim/build/ros2_cartography/build install --record /home/redalexdad/GitHub/WalkingRobotSim/build/ros2_cartography/install.log --single-version-externally-managed install_data
[3.467s] Level 1:colcon.colcon_core.environment:checking '/home/redalexdad/GitHub/WalkingRobotSim/install/ros2_cartography' for CMake config files
[3.468s] Level 1:colcon.colcon_core.environment:checking '/home/redalexdad/GitHub/WalkingRobotSim/install/ros2_cartography/lib'
[3.468s] Level 1:colcon.colcon_core.environment:checking '/home/redalexdad/GitHub/WalkingRobotSim/install/ros2_cartography/bin'
[3.468s] Level 1:colcon.colcon_core.environment:checking '/home/redalexdad/GitHub/WalkingRobotSim/install/ros2_cartography/lib/pkgconfig/ros2_cartography.pc'
[3.468s] Level 1:colcon.colcon_core.environment:checking '/home/redalexdad/GitHub/WalkingRobotSim/install/ros2_cartography/lib/python3.12/site-packages'
[3.468s] Level 1:colcon.colcon_core.shell:create_environment_hook('ros2_cartography', 'pythonpath')
[3.469s] INFO:colcon.colcon_core.shell:Creating environment hook '/home/redalexdad/GitHub/WalkingRobotSim/install/ros2_cartography/share/ros2_cartography/hook/pythonpath.ps1'
[3.469s] INFO:colcon.colcon_core.shell:Creating environment descriptor '/home/redalexdad/GitHub/WalkingRobotSim/install/ros2_cartography/share/ros2_cartography/hook/pythonpath.dsv'
[3.470s] INFO:colcon.colcon_core.shell:Creating environment hook '/home/redalexdad/GitHub/WalkingRobotSim/install/ros2_cartography/share/ros2_cartography/hook/pythonpath.sh'
[3.471s] Level 1:colcon.colcon_core.environment:checking '/home/redalexdad/GitHub/WalkingRobotSim/install/ros2_cartography/bin'
[3.471s] Level 1:colcon.colcon_core.environment:create_environment_scripts_only(ros2_cartography)
[3.472s] INFO:colcon.colcon_core.shell:Creating package script '/home/redalexdad/GitHub/WalkingRobotSim/install/ros2_cartography/share/ros2_cartography/package.ps1'
[3.472s] INFO:colcon.colcon_core.shell:Creating package descriptor '/home/redalexdad/GitHub/WalkingRobotSim/install/ros2_cartography/share/ros2_cartography/package.dsv'
[3.473s] INFO:colcon.colcon_core.shell:Creating package script '/home/redalexdad/GitHub/WalkingRobotSim/install/ros2_cartography/share/ros2_cartography/package.sh'
[3.474s] INFO:colcon.colcon_core.shell:Creating package script '/home/redalexdad/GitHub/WalkingRobotSim/install/ros2_cartography/share/ros2_cartography/package.bash'
[3.474s] INFO:colcon.colcon_core.shell:Creating package script '/home/redalexdad/GitHub/WalkingRobotSim/install/ros2_cartography/share/ros2_cartography/package.zsh'
[3.475s] Level 1:colcon.colcon_core.environment:create_file_with_runtime_dependencies(/home/redalexdad/GitHub/WalkingRobotSim/install/ros2_cartography/share/colcon-core/packages/ros2_cartography)
[3.512s] DEBUG:colcon.colcon_core.event_handler.log_command:Invoked command in '/home/redalexdad/GitHub/WalkingRobotSim/build/ros2_gazebo' returned '0': CMAKE_PREFIX_PATH=${CMAKE_PREFIX_PATH}:/home/redalexdad/GitHub/WalkingRobotSim/install/ros2_yolo_recognition:/home/redalexdad/GitHub/WalkingRobotSim/install/ros2_odometry:/home/redalexdad/GitHub/WalkingRobotSim/install/ros2_navigation:/home/redalexdad/GitHub/WalkingRobotSim/install/ros2_cartography:/opt/ros/jazzy DEBUGINFOD_URLS=https://debuginfod.ubuntu.com /usr/bin/cmake /home/redalexdad/GitHub/WalkingRobotSim/src/ros2_gazebo -DCMAKE_INSTALL_PREFIX=/home/redalexdad/GitHub/WalkingRobotSim/install/ros2_gazebo
[3.514s] DEBUG:colcon.colcon_core.event_handler.log_command:Invoking command in '/home/redalexdad/GitHub/WalkingRobotSim/build/ros2_gazebo': CMAKE_PREFIX_PATH=${CMAKE_PREFIX_PATH}:/home/redalexdad/GitHub/WalkingRobotSim/install/ros2_yolo_recognition:/home/redalexdad/GitHub/WalkingRobotSim/install/ros2_odometry:/home/redalexdad/GitHub/WalkingRobotSim/install/ros2_navigation:/home/redalexdad/GitHub/WalkingRobotSim/install/ros2_cartography:/opt/ros/jazzy DEBUGINFOD_URLS=https://debuginfod.ubuntu.com /usr/bin/cmake --build /home/redalexdad/GitHub/WalkingRobotSim/build/ros2_gazebo -- -j16 -l16
[3.604s] DEBUG:colcon.colcon_core.event_handler.log_command:Invoked command in '/home/redalexdad/GitHub/WalkingRobotSim/build/ros2_gazebo' returned '0': CMAKE_PREFIX_PATH=${CMAKE_PREFIX_PATH}:/home/redalexdad/GitHub/WalkingRobotSim/install/ros2_yolo_recognition:/home/redalexdad/GitHub/WalkingRobotSim/install/ros2_odometry:/home/redalexdad/GitHub/WalkingRobotSim/install/ros2_navigation:/home/redalexdad/GitHub/WalkingRobotSim/install/ros2_cartography:/opt/ros/jazzy DEBUGINFOD_URLS=https://debuginfod.ubuntu.com /usr/bin/cmake --build /home/redalexdad/GitHub/WalkingRobotSim/build/ros2_gazebo -- -j16 -l16
[3.606s] DEBUG:colcon.colcon_core.event_handler.log_command:Invoking command in '/home/redalexdad/GitHub/WalkingRobotSim/build/ros2_gazebo': CMAKE_PREFIX_PATH=${CMAKE_PREFIX_PATH}:/home/redalexdad/GitHub/WalkingRobotSim/install/ros2_yolo_recognition:/home/redalexdad/GitHub/WalkingRobotSim/install/ros2_odometry:/home/redalexdad/GitHub/WalkingRobotSim/install/ros2_navigation:/home/redalexdad/GitHub/WalkingRobotSim/install/ros2_cartography:/opt/ros/jazzy DEBUGINFOD_URLS=https://debuginfod.ubuntu.com /usr/bin/cmake --install /home/redalexdad/GitHub/WalkingRobotSim/build/ros2_gazebo
[3.624s] Level 1:colcon.colcon_core.environment:create_environment_scripts_only(ros2_gazebo)
[3.624s] DEBUG:colcon.colcon_core.event_handler.log_command:Invoked command in '/home/redalexdad/GitHub/WalkingRobotSim/build/ros2_gazebo' returned '0': CMAKE_PREFIX_PATH=${CMAKE_PREFIX_PATH}:/home/redalexdad/GitHub/WalkingRobotSim/install/ros2_yolo_recognition:/home/redalexdad/GitHub/WalkingRobotSim/install/ros2_odometry:/home/redalexdad/GitHub/WalkingRobotSim/install/ros2_navigation:/home/redalexdad/GitHub/WalkingRobotSim/install/ros2_cartography:/opt/ros/jazzy DEBUGINFOD_URLS=https://debuginfod.ubuntu.com /usr/bin/cmake --install /home/redalexdad/GitHub/WalkingRobotSim/build/ros2_gazebo
[3.624s] Level 1:colcon.colcon_core.environment:checking '/home/redalexdad/GitHub/WalkingRobotSim/install/ros2_gazebo' for CMake module files
[3.625s] Level 1:colcon.colcon_core.environment:checking '/home/redalexdad/GitHub/WalkingRobotSim/install/ros2_gazebo' for CMake config files
[3.625s] Level 1:colcon.colcon_core.shell:create_environment_hook('ros2_gazebo', 'cmake_prefix_path')
[3.625s] INFO:colcon.colcon_core.shell:Creating environment hook '/home/redalexdad/GitHub/WalkingRobotSim/install/ros2_gazebo/share/ros2_gazebo/hook/cmake_prefix_path.ps1'
[3.626s] INFO:colcon.colcon_core.shell:Creating environment descriptor '/home/redalexdad/GitHub/WalkingRobotSim/install/ros2_gazebo/share/ros2_gazebo/hook/cmake_prefix_path.dsv'
[3.626s] INFO:colcon.colcon_core.shell:Creating environment hook '/home/redalexdad/GitHub/WalkingRobotSim/install/ros2_gazebo/share/ros2_gazebo/hook/cmake_prefix_path.sh'
[3.627s] Level 1:colcon.colcon_core.environment:checking '/home/redalexdad/GitHub/WalkingRobotSim/install/ros2_gazebo/bin'
[3.627s] Level 1:colcon.colcon_core.environment:checking '/home/redalexdad/GitHub/WalkingRobotSim/install/ros2_gazebo/lib/pkgconfig/ros2_gazebo.pc'
[3.627s] Level 1:colcon.colcon_core.environment:checking '/home/redalexdad/GitHub/WalkingRobotSim/install/ros2_gazebo/lib/python3.12/site-packages'
[3.627s] Level 1:colcon.colcon_core.environment:checking '/home/redalexdad/GitHub/WalkingRobotSim/install/ros2_gazebo/bin'
[3.627s] INFO:colcon.colcon_core.shell:Creating package script '/home/redalexdad/GitHub/WalkingRobotSim/install/ros2_gazebo/share/ros2_gazebo/package.ps1'
[3.628s] INFO:colcon.colcon_core.shell:Creating package descriptor '/home/redalexdad/GitHub/WalkingRobotSim/install/ros2_gazebo/share/ros2_gazebo/package.dsv'
[3.628s] INFO:colcon.colcon_core.shell:Creating package script '/home/redalexdad/GitHub/WalkingRobotSim/install/ros2_gazebo/share/ros2_gazebo/package.sh'
[3.628s] INFO:colcon.colcon_core.shell:Creating package script '/home/redalexdad/GitHub/WalkingRobotSim/install/ros2_gazebo/share/ros2_gazebo/package.bash'
[3.629s] INFO:colcon.colcon_core.shell:Creating package script '/home/redalexdad/GitHub/WalkingRobotSim/install/ros2_gazebo/share/ros2_gazebo/package.zsh'
[3.629s] Level 1:colcon.colcon_core.environment:create_file_with_runtime_dependencies(/home/redalexdad/GitHub/WalkingRobotSim/install/ros2_gazebo/share/colcon-core/packages/ros2_gazebo)
[3.629s] Level 1:colcon.colcon_core.environment:create_environment_scripts_only(ros2_gazebo)
[3.630s] Level 1:colcon.colcon_core.environment:checking '/home/redalexdad/GitHub/WalkingRobotSim/install/ros2_gazebo' for CMake module files
[3.630s] Level 1:colcon.colcon_core.environment:checking '/home/redalexdad/GitHub/WalkingRobotSim/install/ros2_gazebo' for CMake config files
[3.630s] Level 1:colcon.colcon_core.shell:create_environment_hook('ros2_gazebo', 'cmake_prefix_path')
[3.630s] INFO:colcon.colcon_core.shell:Creating environment hook '/home/redalexdad/GitHub/WalkingRobotSim/install/ros2_gazebo/share/ros2_gazebo/hook/cmake_prefix_path.ps1'
[3.631s] INFO:colcon.colcon_core.shell:Creating environment descriptor '/home/redalexdad/GitHub/WalkingRobotSim/install/ros2_gazebo/share/ros2_gazebo/hook/cmake_prefix_path.dsv'
[3.631s] INFO:colcon.colcon_core.shell:Creating environment hook '/home/redalexdad/GitHub/WalkingRobotSim/install/ros2_gazebo/share/ros2_gazebo/hook/cmake_prefix_path.sh'
[3.632s] Level 1:colcon.colcon_core.environment:checking '/home/redalexdad/GitHub/WalkingRobotSim/install/ros2_gazebo/bin'
[3.632s] Level 1:colcon.colcon_core.environment:checking '/home/redalexdad/GitHub/WalkingRobotSim/install/ros2_gazebo/lib/pkgconfig/ros2_gazebo.pc'
[3.632s] Level 1:colcon.colcon_core.environment:checking '/home/redalexdad/GitHub/WalkingRobotSim/install/ros2_gazebo/lib/python3.12/site-packages'
[3.632s] Level 1:colcon.colcon_core.environment:checking '/home/redalexdad/GitHub/WalkingRobotSim/install/ros2_gazebo/bin'
[3.633s] INFO:colcon.colcon_core.shell:Creating package script '/home/redalexdad/GitHub/WalkingRobotSim/install/ros2_gazebo/share/ros2_gazebo/package.ps1'
[3.633s] INFO:colcon.colcon_core.shell:Creating package descriptor '/home/redalexdad/GitHub/WalkingRobotSim/install/ros2_gazebo/share/ros2_gazebo/package.dsv'
[3.634s] INFO:colcon.colcon_core.shell:Creating package script '/home/redalexdad/GitHub/WalkingRobotSim/install/ros2_gazebo/share/ros2_gazebo/package.sh'
[3.634s] INFO:colcon.colcon_core.shell:Creating package script '/home/redalexdad/GitHub/WalkingRobotSim/install/ros2_gazebo/share/ros2_gazebo/package.bash'
[3.634s] INFO:colcon.colcon_core.shell:Creating package script '/home/redalexdad/GitHub/WalkingRobotSim/install/ros2_gazebo/share/ros2_gazebo/package.zsh'
[3.635s] Level 1:colcon.colcon_core.environment:create_file_with_runtime_dependencies(/home/redalexdad/GitHub/WalkingRobotSim/install/ros2_gazebo/share/colcon-core/packages/ros2_gazebo)
[5.055s] DEBUG:colcon.colcon_core.event_handler.log_command:Invoked command in '/home/redalexdad/GitHub/WalkingRobotSim/build/ros2_unitree_legged_msgs' returned '0': CMAKE_PREFIX_PATH=${CMAKE_PREFIX_PATH}:/home/redalexdad/GitHub/WalkingRobotSim/install/ros2_yolo_recognition:/home/redalexdad/GitHub/WalkingRobotSim/install/ros2_odometry:/home/redalexdad/GitHub/WalkingRobotSim/install/ros2_navigation:/home/redalexdad/GitHub/WalkingRobotSim/install/ros2_cartography:/opt/ros/jazzy DEBUGINFOD_URLS=https://debuginfod.ubuntu.com /usr/bin/cmake /home/redalexdad/GitHub/WalkingRobotSim/src/ros2_unitree_legged_msgs -DCMAKE_INSTALL_PREFIX=/home/redalexdad/GitHub/WalkingRobotSim/install/ros2_unitree_legged_msgs
[5.056s] DEBUG:colcon.colcon_core.event_handler.log_command:Invoking command in '/home/redalexdad/GitHub/WalkingRobotSim/build/ros2_unitree_legged_msgs': CMAKE_PREFIX_PATH=${CMAKE_PREFIX_PATH}:/home/redalexdad/GitHub/WalkingRobotSim/install/ros2_yolo_recognition:/home/redalexdad/GitHub/WalkingRobotSim/install/ros2_odometry:/home/redalexdad/GitHub/WalkingRobotSim/install/ros2_navigation:/home/redalexdad/GitHub/WalkingRobotSim/install/ros2_cartography:/opt/ros/jazzy DEBUGINFOD_URLS=https://debuginfod.ubuntu.com /usr/bin/cmake --build /home/redalexdad/GitHub/WalkingRobotSim/build/ros2_unitree_legged_msgs -- -j16 -l16
[5.597s] DEBUG:colcon.colcon_core.event_handler.log_command:Invoked command in '/home/redalexdad/GitHub/WalkingRobotSim/build/yolo_msgs' returned '0': CMAKE_PREFIX_PATH=${CMAKE_PREFIX_PATH}:/home/redalexdad/GitHub/WalkingRobotSim/install/ros2_yolo_recognition:/home/redalexdad/GitHub/WalkingRobotSim/install/ros2_odometry:/home/redalexdad/GitHub/WalkingRobotSim/install/ros2_navigation:/home/redalexdad/GitHub/WalkingRobotSim/install/ros2_cartography:/opt/ros/jazzy DEBUGINFOD_URLS=https://debuginfod.ubuntu.com /usr/bin/cmake /home/redalexdad/GitHub/WalkingRobotSim/src/ros2_yolo_recognition/yolo_msgs -DCMAKE_INSTALL_PREFIX=/home/redalexdad/GitHub/WalkingRobotSim/install/yolo_msgs
[5.599s] DEBUG:colcon.colcon_core.event_handler.log_command:Invoking command in '/home/redalexdad/GitHub/WalkingRobotSim/build/yolo_msgs': CMAKE_PREFIX_PATH=${CMAKE_PREFIX_PATH}:/home/redalexdad/GitHub/WalkingRobotSim/install/ros2_yolo_recognition:/home/redalexdad/GitHub/WalkingRobotSim/install/ros2_odometry:/home/redalexdad/GitHub/WalkingRobotSim/install/ros2_navigation:/home/redalexdad/GitHub/WalkingRobotSim/install/ros2_cartography:/opt/ros/jazzy DEBUGINFOD_URLS=https://debuginfod.ubuntu.com /usr/bin/cmake --build /home/redalexdad/GitHub/WalkingRobotSim/build/yolo_msgs -- -j16 -l16
[18.517s] DEBUG:colcon.colcon_core.event_handler.log_command:Invoked command in '/home/redalexdad/GitHub/WalkingRobotSim/build/yolo_msgs' returned '0': CMAKE_PREFIX_PATH=${CMAKE_PREFIX_PATH}:/home/redalexdad/GitHub/WalkingRobotSim/install/ros2_yolo_recognition:/home/redalexdad/GitHub/WalkingRobotSim/install/ros2_odometry:/home/redalexdad/GitHub/WalkingRobotSim/install/ros2_navigation:/home/redalexdad/GitHub/WalkingRobotSim/install/ros2_cartography:/opt/ros/jazzy DEBUGINFOD_URLS=https://debuginfod.ubuntu.com /usr/bin/cmake --build /home/redalexdad/GitHub/WalkingRobotSim/build/yolo_msgs -- -j16 -l16
[18.518s] DEBUG:colcon.colcon_core.event_handler.log_command:Invoking command in '/home/redalexdad/GitHub/WalkingRobotSim/build/yolo_msgs': CMAKE_PREFIX_PATH=${CMAKE_PREFIX_PATH}:/home/redalexdad/GitHub/WalkingRobotSim/install/ros2_yolo_recognition:/home/redalexdad/GitHub/WalkingRobotSim/install/ros2_odometry:/home/redalexdad/GitHub/WalkingRobotSim/install/ros2_navigation:/home/redalexdad/GitHub/WalkingRobotSim/install/ros2_cartography:/opt/ros/jazzy DEBUGINFOD_URLS=https://debuginfod.ubuntu.com /usr/bin/cmake --install /home/redalexdad/GitHub/WalkingRobotSim/build/yolo_msgs
[18.522s] DEBUG:colcon.colcon_core.event_handler.log_command:Invoked command in '/home/redalexdad/GitHub/WalkingRobotSim/build/ros2_unitree_legged_msgs' returned '0': CMAKE_PREFIX_PATH=${CMAKE_PREFIX_PATH}:/home/redalexdad/GitHub/WalkingRobotSim/install/ros2_yolo_recognition:/home/redalexdad/GitHub/WalkingRobotSim/install/ros2_odometry:/home/redalexdad/GitHub/WalkingRobotSim/install/ros2_navigation:/home/redalexdad/GitHub/WalkingRobotSim/install/ros2_cartography:/opt/ros/jazzy DEBUGINFOD_URLS=https://debuginfod.ubuntu.com /usr/bin/cmake --build /home/redalexdad/GitHub/WalkingRobotSim/build/ros2_unitree_legged_msgs -- -j16 -l16
[18.523s] DEBUG:colcon.colcon_core.event_handler.log_command:Invoking command in '/home/redalexdad/GitHub/WalkingRobotSim/build/ros2_unitree_legged_msgs': CMAKE_PREFIX_PATH=${CMAKE_PREFIX_PATH}:/home/redalexdad/GitHub/WalkingRobotSim/install/ros2_yolo_recognition:/home/redalexdad/GitHub/WalkingRobotSim/install/ros2_odometry:/home/redalexdad/GitHub/WalkingRobotSim/install/ros2_navigation:/home/redalexdad/GitHub/WalkingRobotSim/install/ros2_cartography:/opt/ros/jazzy DEBUGINFOD_URLS=https://debuginfod.ubuntu.com /usr/bin/cmake --install /home/redalexdad/GitHub/WalkingRobotSim/build/ros2_unitree_legged_msgs
[18.690s] Level 1:colcon.colcon_core.environment:create_environment_scripts_only(ros2_unitree_legged_msgs)
[18.691s] DEBUG:colcon.colcon_core.event_handler.log_command:Invoked command in '/home/redalexdad/GitHub/WalkingRobotSim/build/ros2_unitree_legged_msgs' returned '0': CMAKE_PREFIX_PATH=${CMAKE_PREFIX_PATH}:/home/redalexdad/GitHub/WalkingRobotSim/install/ros2_yolo_recognition:/home/redalexdad/GitHub/WalkingRobotSim/install/ros2_odometry:/home/redalexdad/GitHub/WalkingRobotSim/install/ros2_navigation:/home/redalexdad/GitHub/WalkingRobotSim/install/ros2_cartography:/opt/ros/jazzy DEBUGINFOD_URLS=https://debuginfod.ubuntu.com /usr/bin/cmake --install /home/redalexdad/GitHub/WalkingRobotSim/build/ros2_unitree_legged_msgs
[18.691s] Level 1:colcon.colcon_core.environment:checking '/home/redalexdad/GitHub/WalkingRobotSim/install/ros2_unitree_legged_msgs' for CMake module files
[18.693s] Level 1:colcon.colcon_core.environment:checking '/home/redalexdad/GitHub/WalkingRobotSim/install/ros2_unitree_legged_msgs' for CMake config files
[18.695s] Level 1:colcon.colcon_core.shell:create_environment_hook('ros2_unitree_legged_msgs', 'cmake_prefix_path')
[18.695s] INFO:colcon.colcon_core.shell:Creating environment hook '/home/redalexdad/GitHub/WalkingRobotSim/install/ros2_unitree_legged_msgs/share/ros2_unitree_legged_msgs/hook/cmake_prefix_path.ps1'
[18.696s] INFO:colcon.colcon_core.shell:Creating environment descriptor '/home/redalexdad/GitHub/WalkingRobotSim/install/ros2_unitree_legged_msgs/share/ros2_unitree_legged_msgs/hook/cmake_prefix_path.dsv'
[18.696s] INFO:colcon.colcon_core.shell:Creating environment hook '/home/redalexdad/GitHub/WalkingRobotSim/install/ros2_unitree_legged_msgs/share/ros2_unitree_legged_msgs/hook/cmake_prefix_path.sh'
[18.697s] Level 1:colcon.colcon_core.environment:checking '/home/redalexdad/GitHub/WalkingRobotSim/install/ros2_unitree_legged_msgs/lib'
[18.697s] Level 1:colcon.colcon_core.shell:create_environment_hook('ros2_unitree_legged_msgs', 'ld_library_path_lib')
[18.698s] INFO:colcon.colcon_core.shell:Creating environment hook '/home/redalexdad/GitHub/WalkingRobotSim/install/ros2_unitree_legged_msgs/share/ros2_unitree_legged_msgs/hook/ld_library_path_lib.ps1'
[18.699s] INFO:colcon.colcon_core.shell:Creating environment descriptor '/home/redalexdad/GitHub/WalkingRobotSim/install/ros2_unitree_legged_msgs/share/ros2_unitree_legged_msgs/hook/ld_library_path_lib.dsv'
[18.700s] INFO:colcon.colcon_core.shell:Creating environment hook '/home/redalexdad/GitHub/WalkingRobotSim/install/ros2_unitree_legged_msgs/share/ros2_unitree_legged_msgs/hook/ld_library_path_lib.sh'
[18.701s] Level 1:colcon.colcon_core.environment:checking '/home/redalexdad/GitHub/WalkingRobotSim/install/ros2_unitree_legged_msgs/bin'
[18.701s] Level 1:colcon.colcon_core.environment:checking '/home/redalexdad/GitHub/WalkingRobotSim/install/ros2_unitree_legged_msgs/lib/pkgconfig/ros2_unitree_legged_msgs.pc'
[18.701s] Level 1:colcon.colcon_core.environment:checking '/home/redalexdad/GitHub/WalkingRobotSim/install/ros2_unitree_legged_msgs/lib/python3.12/site-packages'
[18.701s] Level 1:colcon.colcon_core.shell:create_environment_hook('ros2_unitree_legged_msgs', 'pythonpath')
[18.702s] INFO:colcon.colcon_core.shell:Creating environment hook '/home/redalexdad/GitHub/WalkingRobotSim/install/ros2_unitree_legged_msgs/share/ros2_unitree_legged_msgs/hook/pythonpath.ps1'
[18.702s] INFO:colcon.colcon_core.shell:Creating environment descriptor '/home/redalexdad/GitHub/WalkingRobotSim/install/ros2_unitree_legged_msgs/share/ros2_unitree_legged_msgs/hook/pythonpath.dsv'
[18.703s] INFO:colcon.colcon_core.shell:Creating environment hook '/home/redalexdad/GitHub/WalkingRobotSim/install/ros2_unitree_legged_msgs/share/ros2_unitree_legged_msgs/hook/pythonpath.sh'
[18.704s] Level 1:colcon.colcon_core.environment:checking '/home/redalexdad/GitHub/WalkingRobotSim/install/ros2_unitree_legged_msgs/bin'
[18.705s] INFO:colcon.colcon_core.shell:Creating package script '/home/redalexdad/GitHub/WalkingRobotSim/install/ros2_unitree_legged_msgs/share/ros2_unitree_legged_msgs/package.ps1'
[18.706s] INFO:colcon.colcon_core.shell:Creating package descriptor '/home/redalexdad/GitHub/WalkingRobotSim/install/ros2_unitree_legged_msgs/share/ros2_unitree_legged_msgs/package.dsv'
[18.707s] INFO:colcon.colcon_core.shell:Creating package script '/home/redalexdad/GitHub/WalkingRobotSim/install/ros2_unitree_legged_msgs/share/ros2_unitree_legged_msgs/package.sh'
[18.707s] INFO:colcon.colcon_core.shell:Creating package script '/home/redalexdad/GitHub/WalkingRobotSim/install/ros2_unitree_legged_msgs/share/ros2_unitree_legged_msgs/package.bash'
[18.708s] INFO:colcon.colcon_core.shell:Creating package script '/home/redalexdad/GitHub/WalkingRobotSim/install/ros2_unitree_legged_msgs/share/ros2_unitree_legged_msgs/package.zsh'
[18.708s] Level 1:colcon.colcon_core.environment:create_file_with_runtime_dependencies(/home/redalexdad/GitHub/WalkingRobotSim/install/ros2_unitree_legged_msgs/share/colcon-core/packages/ros2_unitree_legged_msgs)
[18.710s] Level 1:colcon.colcon_core.environment:create_environment_scripts_only(ros2_unitree_legged_msgs)
[18.710s] Level 1:colcon.colcon_core.environment:checking '/home/redalexdad/GitHub/WalkingRobotSim/install/ros2_unitree_legged_msgs' for CMake module files
[18.711s] Level 1:colcon.colcon_core.environment:checking '/home/redalexdad/GitHub/WalkingRobotSim/install/ros2_unitree_legged_msgs' for CMake config files
[18.713s] Level 1:colcon.colcon_core.shell:create_environment_hook('ros2_unitree_legged_msgs', 'cmake_prefix_path')
[18.713s] INFO:colcon.colcon_core.shell:Creating environment hook '/home/redalexdad/GitHub/WalkingRobotSim/install/ros2_unitree_legged_msgs/share/ros2_unitree_legged_msgs/hook/cmake_prefix_path.ps1'
[18.714s] INFO:colcon.colcon_core.shell:Creating environment descriptor '/home/redalexdad/GitHub/WalkingRobotSim/install/ros2_unitree_legged_msgs/share/ros2_unitree_legged_msgs/hook/cmake_prefix_path.dsv'
[18.715s] INFO:colcon.colcon_core.shell:Creating environment hook '/home/redalexdad/GitHub/WalkingRobotSim/install/ros2_unitree_legged_msgs/share/ros2_unitree_legged_msgs/hook/cmake_prefix_path.sh'
[18.716s] Level 1:colcon.colcon_core.environment:checking '/home/redalexdad/GitHub/WalkingRobotSim/install/ros2_unitree_legged_msgs/lib'
[18.717s] Level 1:colcon.colcon_core.shell:create_environment_hook('ros2_unitree_legged_msgs', 'ld_library_path_lib')
[18.717s] INFO:colcon.colcon_core.shell:Creating environment hook '/home/redalexdad/GitHub/WalkingRobotSim/install/ros2_unitree_legged_msgs/share/ros2_unitree_legged_msgs/hook/ld_library_path_lib.ps1'
[18.718s] INFO:colcon.colcon_core.shell:Creating environment descriptor '/home/redalexdad/GitHub/WalkingRobotSim/install/ros2_unitree_legged_msgs/share/ros2_unitree_legged_msgs/hook/ld_library_path_lib.dsv'
[18.718s] INFO:colcon.colcon_core.shell:Creating environment hook '/home/redalexdad/GitHub/WalkingRobotSim/install/ros2_unitree_legged_msgs/share/ros2_unitree_legged_msgs/hook/ld_library_path_lib.sh'
[18.719s] Level 1:colcon.colcon_core.environment:checking '/home/redalexdad/GitHub/WalkingRobotSim/install/ros2_unitree_legged_msgs/bin'
[18.719s] Level 1:colcon.colcon_core.environment:checking '/home/redalexdad/GitHub/WalkingRobotSim/install/ros2_unitree_legged_msgs/lib/pkgconfig/ros2_unitree_legged_msgs.pc'
[18.720s] Level 1:colcon.colcon_core.environment:checking '/home/redalexdad/GitHub/WalkingRobotSim/install/ros2_unitree_legged_msgs/lib/python3.12/site-packages'
[18.720s] Level 1:colcon.colcon_core.shell:create_environment_hook('ros2_unitree_legged_msgs', 'pythonpath')
[18.720s] INFO:colcon.colcon_core.shell:Creating environment hook '/home/redalexdad/GitHub/WalkingRobotSim/install/ros2_unitree_legged_msgs/share/ros2_unitree_legged_msgs/hook/pythonpath.ps1'
[18.721s] INFO:colcon.colcon_core.shell:Creating environment descriptor '/home/redalexdad/GitHub/WalkingRobotSim/install/ros2_unitree_legged_msgs/share/ros2_unitree_legged_msgs/hook/pythonpath.dsv'
[18.722s] INFO:colcon.colcon_core.shell:Creating environment hook '/home/redalexdad/GitHub/WalkingRobotSim/install/ros2_unitree_legged_msgs/share/ros2_unitree_legged_msgs/hook/pythonpath.sh'
[18.723s] Level 1:colcon.colcon_core.environment:checking '/home/redalexdad/GitHub/WalkingRobotSim/install/ros2_unitree_legged_msgs/bin'
[18.724s] INFO:colcon.colcon_core.shell:Creating package script '/home/redalexdad/GitHub/WalkingRobotSim/install/ros2_unitree_legged_msgs/share/ros2_unitree_legged_msgs/package.ps1'
[18.725s] INFO:colcon.colcon_core.shell:Creating package descriptor '/home/redalexdad/GitHub/WalkingRobotSim/install/ros2_unitree_legged_msgs/share/ros2_unitree_legged_msgs/package.dsv'
[18.726s] INFO:colcon.colcon_core.shell:Creating package script '/home/redalexdad/GitHub/WalkingRobotSim/install/ros2_unitree_legged_msgs/share/ros2_unitree_legged_msgs/package.sh'
[18.727s] INFO:colcon.colcon_core.shell:Creating package script '/home/redalexdad/GitHub/WalkingRobotSim/install/ros2_unitree_legged_msgs/share/ros2_unitree_legged_msgs/package.bash'
[18.728s] INFO:colcon.colcon_core.shell:Creating package script '/home/redalexdad/GitHub/WalkingRobotSim/install/ros2_unitree_legged_msgs/share/ros2_unitree_legged_msgs/package.zsh'
[18.728s] Level 1:colcon.colcon_core.environment:create_file_with_runtime_dependencies(/home/redalexdad/GitHub/WalkingRobotSim/install/ros2_unitree_legged_msgs/share/colcon-core/packages/ros2_unitree_legged_msgs)
[18.730s] INFO:colcon.colcon_ros.task.ament_cmake.build:Building ROS package in '/home/redalexdad/GitHub/WalkingRobotSim/src/ros2_unitree_legged_controller' with build type 'ament_cmake'
[18.730s] INFO:colcon.colcon_cmake.task.cmake.build:Building CMake package in '/home/redalexdad/GitHub/WalkingRobotSim/src/ros2_unitree_legged_controller'
[18.730s] INFO:colcon.colcon_core.shell:Skip shell extension 'powershell' for command environment: Not usable outside of PowerShell
[18.730s] DEBUG:colcon.colcon_core.shell:Skip shell extension 'dsv' for command environment
[18.736s] INFO:colcon.colcon_ros.task.ament_cmake.build:Building ROS package in '/home/redalexdad/GitHub/WalkingRobotSim/src/unitree_guide2' with build type 'ament_cmake'
[18.737s] INFO:colcon.colcon_cmake.task.cmake.build:Building CMake package in '/home/redalexdad/GitHub/WalkingRobotSim/src/unitree_guide2'
[18.737s] INFO:colcon.colcon_core.shell:Skip shell extension 'powershell' for command environment: Not usable outside of PowerShell
[18.737s] DEBUG:colcon.colcon_core.shell:Skip shell extension 'dsv' for command environment
[18.742s] Level 1:colcon.colcon_core.environment:create_environment_scripts_only(yolo_msgs)
[18.743s] Level 1:colcon.colcon_core.environment:checking '/home/redalexdad/GitHub/WalkingRobotSim/install/yolo_msgs' for CMake module files
[18.745s] DEBUG:colcon.colcon_core.event_handler.log_command:Invoked command in '/home/redalexdad/GitHub/WalkingRobotSim/build/yolo_msgs' returned '0': CMAKE_PREFIX_PATH=${CMAKE_PREFIX_PATH}:/home/redalexdad/GitHub/WalkingRobotSim/install/ros2_yolo_recognition:/home/redalexdad/GitHub/WalkingRobotSim/install/ros2_odometry:/home/redalexdad/GitHub/WalkingRobotSim/install/ros2_navigation:/home/redalexdad/GitHub/WalkingRobotSim/install/ros2_cartography:/opt/ros/jazzy DEBUGINFOD_URLS=https://debuginfod.ubuntu.com /usr/bin/cmake --install /home/redalexdad/GitHub/WalkingRobotSim/build/yolo_msgs
[18.746s] Level 1:colcon.colcon_core.environment:checking '/home/redalexdad/GitHub/WalkingRobotSim/install/yolo_msgs' for CMake config files
[18.747s] Level 1:colcon.colcon_core.shell:create_environment_hook('yolo_msgs', 'cmake_prefix_path')
[18.747s] INFO:colcon.colcon_core.shell:Creating environment hook '/home/redalexdad/GitHub/WalkingRobotSim/install/yolo_msgs/share/yolo_msgs/hook/cmake_prefix_path.ps1'
[18.747s] INFO:colcon.colcon_core.shell:Creating environment descriptor '/home/redalexdad/GitHub/WalkingRobotSim/install/yolo_msgs/share/yolo_msgs/hook/cmake_prefix_path.dsv'
[18.748s] INFO:colcon.colcon_core.shell:Creating environment hook '/home/redalexdad/GitHub/WalkingRobotSim/install/yolo_msgs/share/yolo_msgs/hook/cmake_prefix_path.sh'
[18.748s] Level 1:colcon.colcon_core.environment:checking '/home/redalexdad/GitHub/WalkingRobotSim/install/yolo_msgs/lib'
[18.748s] Level 1:colcon.colcon_core.shell:create_environment_hook('yolo_msgs', 'ld_library_path_lib')
[18.749s] INFO:colcon.colcon_core.shell:Creating environment hook '/home/redalexdad/GitHub/WalkingRobotSim/install/yolo_msgs/share/yolo_msgs/hook/ld_library_path_lib.ps1'
[18.749s] INFO:colcon.colcon_core.shell:Creating environment descriptor '/home/redalexdad/GitHub/WalkingRobotSim/install/yolo_msgs/share/yolo_msgs/hook/ld_library_path_lib.dsv'
[18.749s] INFO:colcon.colcon_core.shell:Creating environment hook '/home/redalexdad/GitHub/WalkingRobotSim/install/yolo_msgs/share/yolo_msgs/hook/ld_library_path_lib.sh'
[18.750s] Level 1:colcon.colcon_core.environment:checking '/home/redalexdad/GitHub/WalkingRobotSim/install/yolo_msgs/bin'
[18.750s] Level 1:colcon.colcon_core.environment:checking '/home/redalexdad/GitHub/WalkingRobotSim/install/yolo_msgs/lib/pkgconfig/yolo_msgs.pc'
[18.750s] Level 1:colcon.colcon_core.environment:checking '/home/redalexdad/GitHub/WalkingRobotSim/install/yolo_msgs/lib/python3.12/site-packages'
[18.750s] Level 1:colcon.colcon_core.shell:create_environment_hook('yolo_msgs', 'pythonpath')
[18.750s] INFO:colcon.colcon_core.shell:Creating environment hook '/home/redalexdad/GitHub/WalkingRobotSim/install/yolo_msgs/share/yolo_msgs/hook/pythonpath.ps1'
[18.751s] INFO:colcon.colcon_core.shell:Creating environment descriptor '/home/redalexdad/GitHub/WalkingRobotSim/install/yolo_msgs/share/yolo_msgs/hook/pythonpath.dsv'
[18.751s] INFO:colcon.colcon_core.shell:Creating environment hook '/home/redalexdad/GitHub/WalkingRobotSim/install/yolo_msgs/share/yolo_msgs/hook/pythonpath.sh'
[18.752s] Level 1:colcon.colcon_core.environment:checking '/home/redalexdad/GitHub/WalkingRobotSim/install/yolo_msgs/bin'
[18.752s] INFO:colcon.colcon_core.shell:Creating package script '/home/redalexdad/GitHub/WalkingRobotSim/install/yolo_msgs/share/yolo_msgs/package.ps1'
[18.753s] INFO:colcon.colcon_core.shell:Creating package descriptor '/home/redalexdad/GitHub/WalkingRobotSim/install/yolo_msgs/share/yolo_msgs/package.dsv'
[18.753s] INFO:colcon.colcon_core.shell:Creating package script '/home/redalexdad/GitHub/WalkingRobotSim/install/yolo_msgs/share/yolo_msgs/package.sh'
[18.753s] INFO:colcon.colcon_core.shell:Creating package script '/home/redalexdad/GitHub/WalkingRobotSim/install/yolo_msgs/share/yolo_msgs/package.bash'
[18.754s] INFO:colcon.colcon_core.shell:Creating package script '/home/redalexdad/GitHub/WalkingRobotSim/install/yolo_msgs/share/yolo_msgs/package.zsh'
[18.754s] Level 1:colcon.colcon_core.environment:create_file_with_runtime_dependencies(/home/redalexdad/GitHub/WalkingRobotSim/install/yolo_msgs/share/colcon-core/packages/yolo_msgs)
[18.755s] Level 1:colcon.colcon_core.environment:create_environment_scripts_only(yolo_msgs)
[18.755s] Level 1:colcon.colcon_core.environment:checking '/home/redalexdad/GitHub/WalkingRobotSim/install/yolo_msgs' for CMake module files
[18.755s] Level 1:colcon.colcon_core.environment:checking '/home/redalexdad/GitHub/WalkingRobotSim/install/yolo_msgs' for CMake config files
[18.756s] Level 1:colcon.colcon_core.shell:create_environment_hook('yolo_msgs', 'cmake_prefix_path')
[18.756s] INFO:colcon.colcon_core.shell:Creating environment hook '/home/redalexdad/GitHub/WalkingRobotSim/install/yolo_msgs/share/yolo_msgs/hook/cmake_prefix_path.ps1'
[18.757s] INFO:colcon.colcon_core.shell:Creating environment descriptor '/home/redalexdad/GitHub/WalkingRobotSim/install/yolo_msgs/share/yolo_msgs/hook/cmake_prefix_path.dsv'
[18.757s] INFO:colcon.colcon_core.shell:Creating environment hook '/home/redalexdad/GitHub/WalkingRobotSim/install/yolo_msgs/share/yolo_msgs/hook/cmake_prefix_path.sh'
[18.758s] Level 1:colcon.colcon_core.environment:checking '/home/redalexdad/GitHub/WalkingRobotSim/install/yolo_msgs/lib'
[18.758s] Level 1:colcon.colcon_core.shell:create_environment_hook('yolo_msgs', 'ld_library_path_lib')
[18.758s] INFO:colcon.colcon_core.shell:Creating environment hook '/home/redalexdad/GitHub/WalkingRobotSim/install/yolo_msgs/share/yolo_msgs/hook/ld_library_path_lib.ps1'
[18.759s] INFO:colcon.colcon_core.shell:Creating environment descriptor '/home/redalexdad/GitHub/WalkingRobotSim/install/yolo_msgs/share/yolo_msgs/hook/ld_library_path_lib.dsv'
[18.759s] INFO:colcon.colcon_core.shell:Creating environment hook '/home/redalexdad/GitHub/WalkingRobotSim/install/yolo_msgs/share/yolo_msgs/hook/ld_library_path_lib.sh'
[18.759s] Level 1:colcon.colcon_core.environment:checking '/home/redalexdad/GitHub/WalkingRobotSim/install/yolo_msgs/bin'
[18.759s] Level 1:colcon.colcon_core.environment:checking '/home/redalexdad/GitHub/WalkingRobotSim/install/yolo_msgs/lib/pkgconfig/yolo_msgs.pc'
[18.760s] Level 1:colcon.colcon_core.environment:checking '/home/redalexdad/GitHub/WalkingRobotSim/install/yolo_msgs/lib/python3.12/site-packages'
[18.760s] Level 1:colcon.colcon_core.shell:create_environment_hook('yolo_msgs', 'pythonpath')
[18.760s] INFO:colcon.colcon_core.shell:Creating environment hook '/home/redalexdad/GitHub/WalkingRobotSim/install/yolo_msgs/share/yolo_msgs/hook/pythonpath.ps1'
[18.760s] INFO:colcon.colcon_core.shell:Creating environment descriptor '/home/redalexdad/GitHub/WalkingRobotSim/install/yolo_msgs/share/yolo_msgs/hook/pythonpath.dsv'
[18.760s] INFO:colcon.colcon_core.shell:Creating environment hook '/home/redalexdad/GitHub/WalkingRobotSim/install/yolo_msgs/share/yolo_msgs/hook/pythonpath.sh'
[18.761s] Level 1:colcon.colcon_core.environment:checking '/home/redalexdad/GitHub/WalkingRobotSim/install/yolo_msgs/bin'
[18.761s] INFO:colcon.colcon_core.shell:Creating package script '/home/redalexdad/GitHub/WalkingRobotSim/install/yolo_msgs/share/yolo_msgs/package.ps1'
[18.762s] INFO:colcon.colcon_core.shell:Creating package descriptor '/home/redalexdad/GitHub/WalkingRobotSim/install/yolo_msgs/share/yolo_msgs/package.dsv'
[18.762s] INFO:colcon.colcon_core.shell:Creating package script '/home/redalexdad/GitHub/WalkingRobotSim/install/yolo_msgs/share/yolo_msgs/package.sh'
[18.763s] INFO:colcon.colcon_core.shell:Creating package script '/home/redalexdad/GitHub/WalkingRobotSim/install/yolo_msgs/share/yolo_msgs/package.bash'
[18.763s] INFO:colcon.colcon_core.shell:Creating package script '/home/redalexdad/GitHub/WalkingRobotSim/install/yolo_msgs/share/yolo_msgs/package.zsh'
[18.763s] Level 1:colcon.colcon_core.environment:create_file_with_runtime_dependencies(/home/redalexdad/GitHub/WalkingRobotSim/install/yolo_msgs/share/colcon-core/packages/yolo_msgs)
[18.764s] INFO:colcon.colcon_ros.task.ament_python.build:Building ROS package in '/home/redalexdad/GitHub/WalkingRobotSim/src/ros2_yolo_recognition/ros2_yolo_recognition' with build type 'ament_python'
[18.765s] Level 1:colcon.colcon_core.shell:create_environment_hook('ros2_yolo_recognition', 'ament_prefix_path')
[18.765s] INFO:colcon.colcon_core.shell:Creating environment hook '/home/redalexdad/GitHub/WalkingRobotSim/install/ros2_yolo_recognition/share/ros2_yolo_recognition/hook/ament_prefix_path.ps1'
[18.766s] INFO:colcon.colcon_core.shell:Creating environment descriptor '/home/redalexdad/GitHub/WalkingRobotSim/install/ros2_yolo_recognition/share/ros2_yolo_recognition/hook/ament_prefix_path.dsv'
[18.766s] INFO:colcon.colcon_core.shell:Creating environment hook '/home/redalexdad/GitHub/WalkingRobotSim/install/ros2_yolo_recognition/share/ros2_yolo_recognition/hook/ament_prefix_path.sh'
[18.766s] INFO:colcon.colcon_core.shell:Skip shell extension 'powershell' for command environment: Not usable outside of PowerShell
[18.766s] DEBUG:colcon.colcon_core.shell:Skip shell extension 'dsv' for command environment
[18.777s] DEBUG:colcon.colcon_core.event_handler.log_command:Invoking command in '/home/redalexdad/GitHub/WalkingRobotSim/build/ros2_unitree_legged_control': CMAKE_PREFIX_PATH=/home/redalexdad/GitHub/WalkingRobotSim/install/ros2_unitree_legged_msgs:/home/redalexdad/GitHub/WalkingRobotSim/install/yolo_bringup:/home/redalexdad/GitHub/WalkingRobotSim/install/yolo_msgs:/home/redalexdad/GitHub/WalkingRobotSim/install/unitree_guide2:/home/redalexdad/GitHub/WalkingRobotSim/install/ros2_unitree_legged_control:/home/redalexdad/GitHub/WalkingRobotSim/install/ros2_gazebo:/home/redalexdad/GitHub/WalkingRobotSim/install/go2_description:/home/redalexdad/GitHub/WalkingRobotSim/install/go1_description:/usr/local/libtorch:/opt/unitree_robotics:/opt/ros/jazzy/opt/gz_sim_vendor:/opt/ros/jazzy/opt/gz_sensors_vendor:/opt/ros/jazzy/opt/gz_physics_vendor:/opt/ros/jazzy/opt/sdformat_vendor:/opt/ros/jazzy/opt/gz_gui_vendor:/opt/ros/jazzy/opt/gz_transport_vendor:/opt/ros/jazzy/opt/gz_rendering_vendor:/opt/ros/jazzy/opt/gz_plugin_vendor:/opt/ros/jazzy/opt/gz_fuel_tools_vendor:/opt/ros/jazzy/opt/gz_msgs_vendor:/opt/ros/jazzy/opt/gz_common_vendor:/opt/ros/jazzy/opt/gz_math_vendor:/opt/ros/jazzy/opt/gz_utils_vendor:/opt/ros/jazzy/opt/gz_tools_vendor:/opt/ros/jazzy/opt/gz_ogre_next_vendor:/opt/ros/jazzy/opt/gz_dartsim_vendor:/opt/ros/jazzy/opt/gz_cmake_vendor:/home/redalexdad/GitHub/WalkingRobotSim/install/ros2_yolo_recognition:/home/redalexdad/GitHub/WalkingRobotSim/install/ros2_odometry:/home/redalexdad/GitHub/WalkingRobotSim/install/ros2_navigation:/home/redalexdad/GitHub/WalkingRobotSim/install/ros2_cartography:/opt/ros/jazzy DEBUGINFOD_URLS=https://debuginfod.ubuntu.com LD_LIBRARY_PATH=/home/redalexdad/GitHub/WalkingRobotSim/install/ros2_unitree_legged_msgs/lib:/home/redalexdad/GitHub/WalkingRobotSim/install/yolo_msgs/lib:/home/redalexdad/GitHub/WalkingRobotSim/install/ros2_unitree_legged_control/lib:/opt/ros/jazzy/opt/gz_sim_vendor/lib:/opt/ros/jazzy/opt/gz_sensors_vendor/lib:/opt/ros/jazzy/opt/gz_physics_vendor/lib:/opt/ros/jazzy/opt/sdformat_vendor/lib:/opt/ros/jazzy/opt/rviz_ogre_vendor/lib:/opt/ros/jazzy/lib/x86_64-linux-gnu:/opt/ros/jazzy/opt/gz_gui_vendor/lib:/opt/ros/jazzy/opt/gz_transport_vendor/lib:/opt/ros/jazzy/opt/gz_rendering_vendor/lib:/opt/ros/jazzy/opt/gz_plugin_vendor/lib:/opt/ros/jazzy/opt/gz_fuel_tools_vendor/lib:/opt/ros/jazzy/opt/gz_msgs_vendor/lib:/opt/ros/jazzy/opt/gz_common_vendor/lib:/opt/ros/jazzy/opt/gz_math_vendor/lib:/opt/ros/jazzy/opt/gz_utils_vendor/lib:/opt/ros/jazzy/opt/gz_tools_vendor/lib:/opt/ros/jazzy/opt/gz_ogre_next_vendor/lib:/opt/ros/jazzy/opt/gz_dartsim_vendor/lib:/opt/ros/jazzy/opt/gz_cmake_vendor/lib:/opt/ros/jazzy/lib:/usr/local/cuda-12.9/lib64 PYTHONPATH=/home/redalexdad/GitHub/WalkingRobotSim/install/ros2_unitree_legged_msgs/lib/python3.12/site-packages:/home/redalexdad/GitHub/WalkingRobotSim/install/ros2_yolo_recognition/lib/python3.12/site-packages:/home/redalexdad/GitHub/WalkingRobotSim/install/yolo_msgs/lib/python3.12/site-packages:/home/redalexdad/GitHub/WalkingRobotSim/install/ros2_odometry/lib/python3.12/site-packages:/home/redalexdad/GitHub/WalkingRobotSim/install/ros2_navigation/lib/python3.12/site-packages:/home/redalexdad/GitHub/WalkingRobotSim/install/ros2_cartography/lib/python3.12/site-packages:/opt/ros/jazzy/lib/python3.12/site-packages /usr/bin/cmake /home/redalexdad/GitHub/WalkingRobotSim/src/ros2_unitree_legged_controller -DCMAKE_INSTALL_PREFIX=/home/redalexdad/GitHub/WalkingRobotSim/install/ros2_unitree_legged_control
[18.780s] DEBUG:colcon.colcon_core.event_handler.log_command:Invoking command in '/home/redalexdad/GitHub/WalkingRobotSim/build/unitree_guide2': CMAKE_PREFIX_PATH=/home/redalexdad/GitHub/WalkingRobotSim/install/ros2_unitree_legged_msgs:/home/redalexdad/GitHub/WalkingRobotSim/install/yolo_bringup:/home/redalexdad/GitHub/WalkingRobotSim/install/yolo_msgs:/home/redalexdad/GitHub/WalkingRobotSim/install/unitree_guide2:/home/redalexdad/GitHub/WalkingRobotSim/install/ros2_unitree_legged_control:/home/redalexdad/GitHub/WalkingRobotSim/install/ros2_gazebo:/home/redalexdad/GitHub/WalkingRobotSim/install/go2_description:/home/redalexdad/GitHub/WalkingRobotSim/install/go1_description:/usr/local/libtorch:/opt/unitree_robotics:/opt/ros/jazzy/opt/gz_sim_vendor:/opt/ros/jazzy/opt/gz_sensors_vendor:/opt/ros/jazzy/opt/gz_physics_vendor:/opt/ros/jazzy/opt/sdformat_vendor:/opt/ros/jazzy/opt/gz_gui_vendor:/opt/ros/jazzy/opt/gz_transport_vendor:/opt/ros/jazzy/opt/gz_rendering_vendor:/opt/ros/jazzy/opt/gz_plugin_vendor:/opt/ros/jazzy/opt/gz_fuel_tools_vendor:/opt/ros/jazzy/opt/gz_msgs_vendor:/opt/ros/jazzy/opt/gz_common_vendor:/opt/ros/jazzy/opt/gz_math_vendor:/opt/ros/jazzy/opt/gz_utils_vendor:/opt/ros/jazzy/opt/gz_tools_vendor:/opt/ros/jazzy/opt/gz_ogre_next_vendor:/opt/ros/jazzy/opt/gz_dartsim_vendor:/opt/ros/jazzy/opt/gz_cmake_vendor:/home/redalexdad/GitHub/WalkingRobotSim/install/ros2_yolo_recognition:/home/redalexdad/GitHub/WalkingRobotSim/install/ros2_odometry:/home/redalexdad/GitHub/WalkingRobotSim/install/ros2_navigation:/home/redalexdad/GitHub/WalkingRobotSim/install/ros2_cartography:/opt/ros/jazzy DEBUGINFOD_URLS=https://debuginfod.ubuntu.com LD_LIBRARY_PATH=/home/redalexdad/GitHub/WalkingRobotSim/install/ros2_unitree_legged_msgs/lib:/home/redalexdad/GitHub/WalkingRobotSim/install/yolo_msgs/lib:/home/redalexdad/GitHub/WalkingRobotSim/install/ros2_unitree_legged_control/lib:/opt/ros/jazzy/opt/gz_sim_vendor/lib:/opt/ros/jazzy/opt/gz_sensors_vendor/lib:/opt/ros/jazzy/opt/gz_physics_vendor/lib:/opt/ros/jazzy/opt/sdformat_vendor/lib:/opt/ros/jazzy/opt/rviz_ogre_vendor/lib:/opt/ros/jazzy/lib/x86_64-linux-gnu:/opt/ros/jazzy/opt/gz_gui_vendor/lib:/opt/ros/jazzy/opt/gz_transport_vendor/lib:/opt/ros/jazzy/opt/gz_rendering_vendor/lib:/opt/ros/jazzy/opt/gz_plugin_vendor/lib:/opt/ros/jazzy/opt/gz_fuel_tools_vendor/lib:/opt/ros/jazzy/opt/gz_msgs_vendor/lib:/opt/ros/jazzy/opt/gz_common_vendor/lib:/opt/ros/jazzy/opt/gz_math_vendor/lib:/opt/ros/jazzy/opt/gz_utils_vendor/lib:/opt/ros/jazzy/opt/gz_tools_vendor/lib:/opt/ros/jazzy/opt/gz_ogre_next_vendor/lib:/opt/ros/jazzy/opt/gz_dartsim_vendor/lib:/opt/ros/jazzy/opt/gz_cmake_vendor/lib:/opt/ros/jazzy/lib:/usr/local/cuda-12.9/lib64 PYTHONPATH=/home/redalexdad/GitHub/WalkingRobotSim/install/ros2_unitree_legged_msgs/lib/python3.12/site-packages:/home/redalexdad/GitHub/WalkingRobotSim/install/ros2_yolo_recognition/lib/python3.12/site-packages:/home/redalexdad/GitHub/WalkingRobotSim/install/yolo_msgs/lib/python3.12/site-packages:/home/redalexdad/GitHub/WalkingRobotSim/install/ros2_odometry/lib/python3.12/site-packages:/home/redalexdad/GitHub/WalkingRobotSim/install/ros2_navigation/lib/python3.12/site-packages:/home/redalexdad/GitHub/WalkingRobotSim/install/ros2_cartography/lib/python3.12/site-packages:/opt/ros/jazzy/lib/python3.12/site-packages /usr/bin/cmake /home/redalexdad/GitHub/WalkingRobotSim/src/unitree_guide2 -DCMAKE_INSTALL_PREFIX=/home/redalexdad/GitHub/WalkingRobotSim/install/unitree_guide2
[19.084s] INFO:colcon.colcon_core.task.python.build:Building Python package in '/home/redalexdad/GitHub/WalkingRobotSim/src/ros2_yolo_recognition/ros2_yolo_recognition'
[19.085s] INFO:colcon.colcon_core.shell:Skip shell extension 'powershell' for command environment: Not usable outside of PowerShell
[19.085s] DEBUG:colcon.colcon_core.shell:Skip shell extension 'dsv' for command environment
[19.953s] DEBUG:colcon.colcon_core.event_handler.log_command:Invoking command in '/home/redalexdad/GitHub/WalkingRobotSim/src/ros2_yolo_recognition/ros2_yolo_recognition': CMAKE_PREFIX_PATH=/home/redalexdad/GitHub/WalkingRobotSim/install/yolo_msgs:/home/redalexdad/GitHub/WalkingRobotSim/install/yolo_bringup:/home/redalexdad/GitHub/WalkingRobotSim/install/unitree_guide2:/home/redalexdad/GitHub/WalkingRobotSim/install/ros2_unitree_legged_control:/home/redalexdad/GitHub/WalkingRobotSim/install/ros2_unitree_legged_msgs:/home/redalexdad/GitHub/WalkingRobotSim/install/ros2_gazebo:/home/redalexdad/GitHub/WalkingRobotSim/install/go2_description:/home/redalexdad/GitHub/WalkingRobotSim/install/go1_description:/usr/local/libtorch:/opt/unitree_robotics:/opt/ros/jazzy/opt/gz_sim_vendor:/opt/ros/jazzy/opt/gz_sensors_vendor:/opt/ros/jazzy/opt/gz_physics_vendor:/opt/ros/jazzy/opt/sdformat_vendor:/opt/ros/jazzy/opt/gz_gui_vendor:/opt/ros/jazzy/opt/gz_transport_vendor:/opt/ros/jazzy/opt/gz_rendering_vendor:/opt/ros/jazzy/opt/gz_plugin_vendor:/opt/ros/jazzy/opt/gz_fuel_tools_vendor:/opt/ros/jazzy/opt/gz_msgs_vendor:/opt/ros/jazzy/opt/gz_common_vendor:/opt/ros/jazzy/opt/gz_math_vendor:/opt/ros/jazzy/opt/gz_utils_vendor:/opt/ros/jazzy/opt/gz_tools_vendor:/opt/ros/jazzy/opt/gz_ogre_next_vendor:/opt/ros/jazzy/opt/gz_dartsim_vendor:/opt/ros/jazzy/opt/gz_cmake_vendor DEBUGINFOD_URLS=https://debuginfod.ubuntu.com LD_LIBRARY_PATH=/home/redalexdad/GitHub/WalkingRobotSim/install/yolo_msgs/lib:/home/redalexdad/GitHub/WalkingRobotSim/install/ros2_unitree_legged_control/lib:/home/redalexdad/GitHub/WalkingRobotSim/install/ros2_unitree_legged_msgs/lib:/opt/ros/jazzy/opt/gz_sim_vendor/lib:/opt/ros/jazzy/opt/gz_sensors_vendor/lib:/opt/ros/jazzy/opt/gz_physics_vendor/lib:/opt/ros/jazzy/opt/sdformat_vendor/lib:/opt/ros/jazzy/opt/rviz_ogre_vendor/lib:/opt/ros/jazzy/lib/x86_64-linux-gnu:/opt/ros/jazzy/opt/gz_gui_vendor/lib:/opt/ros/jazzy/opt/gz_transport_vendor/lib:/opt/ros/jazzy/opt/gz_rendering_vendor/lib:/opt/ros/jazzy/opt/gz_plugin_vendor/lib:/opt/ros/jazzy/opt/gz_fuel_tools_vendor/lib:/opt/ros/jazzy/opt/gz_msgs_vendor/lib:/opt/ros/jazzy/opt/gz_common_vendor/lib:/opt/ros/jazzy/opt/gz_math_vendor/lib:/opt/ros/jazzy/opt/gz_utils_vendor/lib:/opt/ros/jazzy/opt/gz_tools_vendor/lib:/opt/ros/jazzy/opt/gz_ogre_next_vendor/lib:/opt/ros/jazzy/opt/gz_dartsim_vendor/lib:/opt/ros/jazzy/opt/gz_cmake_vendor/lib:/opt/ros/jazzy/lib:/usr/local/cuda-12.9/lib64 PYTHONPATH=/home/redalexdad/GitHub/WalkingRobotSim/build/ros2_yolo_recognition/prefix_override:/usr/lib/python3/dist-packages/colcon_core/task/python/colcon_distutils_commands:/home/redalexdad/GitHub/WalkingRobotSim/install/ros2_yolo_recognition/lib/python3.12/site-packages:/home/redalexdad/GitHub/WalkingRobotSim/install/yolo_msgs/lib/python3.12/site-packages:/home/redalexdad/GitHub/WalkingRobotSim/install/ros2_yolo_recognition/lib/python3.12/site-packages:/home/redalexdad/GitHub/WalkingRobotSim/install/ros2_unitree_legged_msgs/lib/python3.12/site-packages:/home/redalexdad/GitHub/WalkingRobotSim/install/ros2_odometry/lib/python3.12/site-packages:/home/redalexdad/GitHub/WalkingRobotSim/install/ros2_navigation/lib/python3.12/site-packages:/home/redalexdad/GitHub/WalkingRobotSim/install/ros2_cartography/lib/python3.12/site-packages:/opt/ros/jazzy/lib/python3.12/site-packages /usr/bin/python3 -W ignore:setup.py install is deprecated -W ignore:easy_install command is deprecated setup.py egg_info --egg-base ../../../build/ros2_yolo_recognition build --build-base /home/redalexdad/GitHub/WalkingRobotSim/build/ros2_yolo_recognition/build install --record /home/redalexdad/GitHub/WalkingRobotSim/build/ros2_yolo_recognition/install.log --single-version-externally-managed install_data
[20.883s] Level 1:colcon.colcon_core.environment:checking '/home/redalexdad/GitHub/WalkingRobotSim/install/ros2_yolo_recognition' for CMake module files
[20.883s] Level 1:colcon.colcon_core.environment:checking '/home/redalexdad/GitHub/WalkingRobotSim/install/ros2_yolo_recognition' for CMake config files
[20.884s] Level 1:colcon.colcon_core.environment:checking '/home/redalexdad/GitHub/WalkingRobotSim/install/ros2_yolo_recognition/lib'
[20.884s] Level 1:colcon.colcon_core.environment:checking '/home/redalexdad/GitHub/WalkingRobotSim/install/ros2_yolo_recognition/bin'
[20.884s] Level 1:colcon.colcon_core.environment:checking '/home/redalexdad/GitHub/WalkingRobotSim/install/ros2_yolo_recognition/lib/pkgconfig/ros2_yolo_recognition.pc'
[20.885s] Level 1:colcon.colcon_core.environment:checking '/home/redalexdad/GitHub/WalkingRobotSim/install/ros2_yolo_recognition/lib/python3.12/site-packages'
[20.885s] DEBUG:colcon.colcon_core.event_handler.log_command:Invoked command in '/home/redalexdad/GitHub/WalkingRobotSim/src/ros2_yolo_recognition/ros2_yolo_recognition' returned '0': CMAKE_PREFIX_PATH=/home/redalexdad/GitHub/WalkingRobotSim/install/yolo_msgs:/home/redalexdad/GitHub/WalkingRobotSim/install/yolo_bringup:/home/redalexdad/GitHub/WalkingRobotSim/install/unitree_guide2:/home/redalexdad/GitHub/WalkingRobotSim/install/ros2_unitree_legged_control:/home/redalexdad/GitHub/WalkingRobotSim/install/ros2_unitree_legged_msgs:/home/redalexdad/GitHub/WalkingRobotSim/install/ros2_gazebo:/home/redalexdad/GitHub/WalkingRobotSim/install/go2_description:/home/redalexdad/GitHub/WalkingRobotSim/install/go1_description:/usr/local/libtorch:/opt/unitree_robotics:/opt/ros/jazzy/opt/gz_sim_vendor:/opt/ros/jazzy/opt/gz_sensors_vendor:/opt/ros/jazzy/opt/gz_physics_vendor:/opt/ros/jazzy/opt/sdformat_vendor:/opt/ros/jazzy/opt/gz_gui_vendor:/opt/ros/jazzy/opt/gz_transport_vendor:/opt/ros/jazzy/opt/gz_rendering_vendor:/opt/ros/jazzy/opt/gz_plugin_vendor:/opt/ros/jazzy/opt/gz_fuel_tools_vendor:/opt/ros/jazzy/opt/gz_msgs_vendor:/opt/ros/jazzy/opt/gz_common_vendor:/opt/ros/jazzy/opt/gz_math_vendor:/opt/ros/jazzy/opt/gz_utils_vendor:/opt/ros/jazzy/opt/gz_tools_vendor:/opt/ros/jazzy/opt/gz_ogre_next_vendor:/opt/ros/jazzy/opt/gz_dartsim_vendor:/opt/ros/jazzy/opt/gz_cmake_vendor DEBUGINFOD_URLS=https://debuginfod.ubuntu.com LD_LIBRARY_PATH=/home/redalexdad/GitHub/WalkingRobotSim/install/yolo_msgs/lib:/home/redalexdad/GitHub/WalkingRobotSim/install/ros2_unitree_legged_control/lib:/home/redalexdad/GitHub/WalkingRobotSim/install/ros2_unitree_legged_msgs/lib:/opt/ros/jazzy/opt/gz_sim_vendor/lib:/opt/ros/jazzy/opt/gz_sensors_vendor/lib:/opt/ros/jazzy/opt/gz_physics_vendor/lib:/opt/ros/jazzy/opt/sdformat_vendor/lib:/opt/ros/jazzy/opt/rviz_ogre_vendor/lib:/opt/ros/jazzy/lib/x86_64-linux-gnu:/opt/ros/jazzy/opt/gz_gui_vendor/lib:/opt/ros/jazzy/opt/gz_transport_vendor/lib:/opt/ros/jazzy/opt/gz_rendering_vendor/lib:/opt/ros/jazzy/opt/gz_plugin_vendor/lib:/opt/ros/jazzy/opt/gz_fuel_tools_vendor/lib:/opt/ros/jazzy/opt/gz_msgs_vendor/lib:/opt/ros/jazzy/opt/gz_common_vendor/lib:/opt/ros/jazzy/opt/gz_math_vendor/lib:/opt/ros/jazzy/opt/gz_utils_vendor/lib:/opt/ros/jazzy/opt/gz_tools_vendor/lib:/opt/ros/jazzy/opt/gz_ogre_next_vendor/lib:/opt/ros/jazzy/opt/gz_dartsim_vendor/lib:/opt/ros/jazzy/opt/gz_cmake_vendor/lib:/opt/ros/jazzy/lib:/usr/local/cuda-12.9/lib64 PYTHONPATH=/home/redalexdad/GitHub/WalkingRobotSim/build/ros2_yolo_recognition/prefix_override:/usr/lib/python3/dist-packages/colcon_core/task/python/colcon_distutils_commands:/home/redalexdad/GitHub/WalkingRobotSim/install/ros2_yolo_recognition/lib/python3.12/site-packages:/home/redalexdad/GitHub/WalkingRobotSim/install/yolo_msgs/lib/python3.12/site-packages:/home/redalexdad/GitHub/WalkingRobotSim/install/ros2_yolo_recognition/lib/python3.12/site-packages:/home/redalexdad/GitHub/WalkingRobotSim/install/ros2_unitree_legged_msgs/lib/python3.12/site-packages:/home/redalexdad/GitHub/WalkingRobotSim/install/ros2_odometry/lib/python3.12/site-packages:/home/redalexdad/GitHub/WalkingRobotSim/install/ros2_navigation/lib/python3.12/site-packages:/home/redalexdad/GitHub/WalkingRobotSim/install/ros2_cartography/lib/python3.12/site-packages:/opt/ros/jazzy/lib/python3.12/site-packages /usr/bin/python3 -W ignore:setup.py install is deprecated -W ignore:easy_install command is deprecated setup.py egg_info --egg-base ../../../build/ros2_yolo_recognition build --build-base /home/redalexdad/GitHub/WalkingRobotSim/build/ros2_yolo_recognition/build install --record /home/redalexdad/GitHub/WalkingRobotSim/build/ros2_yolo_recognition/install.log --single-version-externally-managed install_data
[20.885s] Level 1:colcon.colcon_core.shell:create_environment_hook('ros2_yolo_recognition', 'pythonpath')
[20.886s] INFO:colcon.colcon_core.shell:Creating environment hook '/home/redalexdad/GitHub/WalkingRobotSim/install/ros2_yolo_recognition/share/ros2_yolo_recognition/hook/pythonpath.ps1'
[20.886s] INFO:colcon.colcon_core.shell:Creating environment descriptor '/home/redalexdad/GitHub/WalkingRobotSim/install/ros2_yolo_recognition/share/ros2_yolo_recognition/hook/pythonpath.dsv'
[20.887s] INFO:colcon.colcon_core.shell:Creating environment hook '/home/redalexdad/GitHub/WalkingRobotSim/install/ros2_yolo_recognition/share/ros2_yolo_recognition/hook/pythonpath.sh'
[20.888s] Level 1:colcon.colcon_core.environment:checking '/home/redalexdad/GitHub/WalkingRobotSim/install/ros2_yolo_recognition/bin'
[20.888s] Level 1:colcon.colcon_core.environment:create_environment_scripts_only(ros2_yolo_recognition)
[20.888s] INFO:colcon.colcon_core.shell:Creating package script '/home/redalexdad/GitHub/WalkingRobotSim/install/ros2_yolo_recognition/share/ros2_yolo_recognition/package.ps1'
[20.889s] INFO:colcon.colcon_core.shell:Creating package descriptor '/home/redalexdad/GitHub/WalkingRobotSim/install/ros2_yolo_recognition/share/ros2_yolo_recognition/package.dsv'
[20.890s] INFO:colcon.colcon_core.shell:Creating package script '/home/redalexdad/GitHub/WalkingRobotSim/install/ros2_yolo_recognition/share/ros2_yolo_recognition/package.sh'
[20.890s] INFO:colcon.colcon_core.shell:Creating package script '/home/redalexdad/GitHub/WalkingRobotSim/install/ros2_yolo_recognition/share/ros2_yolo_recognition/package.bash'
[20.891s] INFO:colcon.colcon_core.shell:Creating package script '/home/redalexdad/GitHub/WalkingRobotSim/install/ros2_yolo_recognition/share/ros2_yolo_recognition/package.zsh'
[20.891s] Level 1:colcon.colcon_core.environment:create_file_with_runtime_dependencies(/home/redalexdad/GitHub/WalkingRobotSim/install/ros2_yolo_recognition/share/colcon-core/packages/ros2_yolo_recognition)
[20.893s] INFO:colcon.colcon_ros.task.ament_cmake.build:Building ROS package in '/home/redalexdad/GitHub/WalkingRobotSim/src/ros2_yolo_recognition/yolo_bringup' with build type 'ament_cmake'
[20.893s] INFO:colcon.colcon_cmake.task.cmake.build:Building CMake package in '/home/redalexdad/GitHub/WalkingRobotSim/src/ros2_yolo_recognition/yolo_bringup'
[20.893s] INFO:colcon.colcon_core.shell:Skip shell extension 'powershell' for command environment: Not usable outside of PowerShell
[20.893s] DEBUG:colcon.colcon_core.shell:Skip shell extension 'dsv' for command environment
[20.914s] DEBUG:colcon.colcon_core.event_handler.log_command:Invoking command in '/home/redalexdad/GitHub/WalkingRobotSim/build/yolo_bringup': AMENT_PREFIX_PATH=/home/redalexdad/GitHub/WalkingRobotSim/install/ros2_yolo_recognition:/home/redalexdad/GitHub/WalkingRobotSim/install/yolo_bringup:/home/redalexdad/GitHub/WalkingRobotSim/install/yolo_msgs:/home/redalexdad/GitHub/WalkingRobotSim/install/unitree_guide2:/home/redalexdad/GitHub/WalkingRobotSim/install/ros2_unitree_legged_control:/home/redalexdad/GitHub/WalkingRobotSim/install/ros2_unitree_legged_msgs:/home/redalexdad/GitHub/WalkingRobotSim/install/ros2_odometry:/home/redalexdad/GitHub/WalkingRobotSim/install/ros2_navigation:/home/redalexdad/GitHub/WalkingRobotSim/install/ros2_gazebo:/home/redalexdad/GitHub/WalkingRobotSim/install/ros2_cartography:/home/redalexdad/GitHub/WalkingRobotSim/install/go2_description:/home/redalexdad/GitHub/WalkingRobotSim/install/go1_description:/opt/ros/jazzy CMAKE_PREFIX_PATH=/home/redalexdad/GitHub/WalkingRobotSim/install/yolo_msgs:/home/redalexdad/GitHub/WalkingRobotSim/install/yolo_bringup:/home/redalexdad/GitHub/WalkingRobotSim/install/unitree_guide2:/home/redalexdad/GitHub/WalkingRobotSim/install/ros2_unitree_legged_control:/home/redalexdad/GitHub/WalkingRobotSim/install/ros2_unitree_legged_msgs:/home/redalexdad/GitHub/WalkingRobotSim/install/ros2_gazebo:/home/redalexdad/GitHub/WalkingRobotSim/install/go2_description:/home/redalexdad/GitHub/WalkingRobotSim/install/go1_description:/usr/local/libtorch:/opt/unitree_robotics:/opt/ros/jazzy/opt/gz_sim_vendor:/opt/ros/jazzy/opt/gz_sensors_vendor:/opt/ros/jazzy/opt/gz_physics_vendor:/opt/ros/jazzy/opt/sdformat_vendor:/opt/ros/jazzy/opt/gz_gui_vendor:/opt/ros/jazzy/opt/gz_transport_vendor:/opt/ros/jazzy/opt/gz_rendering_vendor:/opt/ros/jazzy/opt/gz_plugin_vendor:/opt/ros/jazzy/opt/gz_fuel_tools_vendor:/opt/ros/jazzy/opt/gz_msgs_vendor:/opt/ros/jazzy/opt/gz_common_vendor:/opt/ros/jazzy/opt/gz_math_vendor:/opt/ros/jazzy/opt/gz_utils_vendor:/opt/ros/jazzy/opt/gz_tools_vendor:/opt/ros/jazzy/opt/gz_ogre_next_vendor:/opt/ros/jazzy/opt/gz_dartsim_vendor:/opt/ros/jazzy/opt/gz_cmake_vendor:/home/redalexdad/GitHub/WalkingRobotSim/install/ros2_yolo_recognition:/home/redalexdad/GitHub/WalkingRobotSim/install/ros2_odometry:/home/redalexdad/GitHub/WalkingRobotSim/install/ros2_navigation:/home/redalexdad/GitHub/WalkingRobotSim/install/ros2_cartography:/opt/ros/jazzy DEBUGINFOD_URLS=https://debuginfod.ubuntu.com LD_LIBRARY_PATH=/home/redalexdad/GitHub/WalkingRobotSim/install/yolo_msgs/lib:/home/redalexdad/GitHub/WalkingRobotSim/install/ros2_unitree_legged_control/lib:/home/redalexdad/GitHub/WalkingRobotSim/install/ros2_unitree_legged_msgs/lib:/opt/ros/jazzy/opt/gz_sim_vendor/lib:/opt/ros/jazzy/opt/gz_sensors_vendor/lib:/opt/ros/jazzy/opt/gz_physics_vendor/lib:/opt/ros/jazzy/opt/sdformat_vendor/lib:/opt/ros/jazzy/opt/rviz_ogre_vendor/lib:/opt/ros/jazzy/lib/x86_64-linux-gnu:/opt/ros/jazzy/opt/gz_gui_vendor/lib:/opt/ros/jazzy/opt/gz_transport_vendor/lib:/opt/ros/jazzy/opt/gz_rendering_vendor/lib:/opt/ros/jazzy/opt/gz_plugin_vendor/lib:/opt/ros/jazzy/opt/gz_fuel_tools_vendor/lib:/opt/ros/jazzy/opt/gz_msgs_vendor/lib:/opt/ros/jazzy/opt/gz_common_vendor/lib:/opt/ros/jazzy/opt/gz_math_vendor/lib:/opt/ros/jazzy/opt/gz_utils_vendor/lib:/opt/ros/jazzy/opt/gz_tools_vendor/lib:/opt/ros/jazzy/opt/gz_ogre_next_vendor/lib:/opt/ros/jazzy/opt/gz_dartsim_vendor/lib:/opt/ros/jazzy/opt/gz_cmake_vendor/lib:/opt/ros/jazzy/lib:/usr/local/cuda-12.9/lib64 /usr/bin/cmake /home/redalexdad/GitHub/WalkingRobotSim/src/ros2_yolo_recognition/yolo_bringup -DCMAKE_INSTALL_PREFIX=/home/redalexdad/GitHub/WalkingRobotSim/install/yolo_bringup
[21.499s] DEBUG:colcon.colcon_core.event_handler.log_command:Invoked command in '/home/redalexdad/GitHub/WalkingRobotSim/build/ros2_unitree_legged_control' returned '0': CMAKE_PREFIX_PATH=/home/redalexdad/GitHub/WalkingRobotSim/install/ros2_unitree_legged_msgs:/home/redalexdad/GitHub/WalkingRobotSim/install/yolo_bringup:/home/redalexdad/GitHub/WalkingRobotSim/install/yolo_msgs:/home/redalexdad/GitHub/WalkingRobotSim/install/unitree_guide2:/home/redalexdad/GitHub/WalkingRobotSim/install/ros2_unitree_legged_control:/home/redalexdad/GitHub/WalkingRobotSim/install/ros2_gazebo:/home/redalexdad/GitHub/WalkingRobotSim/install/go2_description:/home/redalexdad/GitHub/WalkingRobotSim/install/go1_description:/usr/local/libtorch:/opt/unitree_robotics:/opt/ros/jazzy/opt/gz_sim_vendor:/opt/ros/jazzy/opt/gz_sensors_vendor:/opt/ros/jazzy/opt/gz_physics_vendor:/opt/ros/jazzy/opt/sdformat_vendor:/opt/ros/jazzy/opt/gz_gui_vendor:/opt/ros/jazzy/opt/gz_transport_vendor:/opt/ros/jazzy/opt/gz_rendering_vendor:/opt/ros/jazzy/opt/gz_plugin_vendor:/opt/ros/jazzy/opt/gz_fuel_tools_vendor:/opt/ros/jazzy/opt/gz_msgs_vendor:/opt/ros/jazzy/opt/gz_common_vendor:/opt/ros/jazzy/opt/gz_math_vendor:/opt/ros/jazzy/opt/gz_utils_vendor:/opt/ros/jazzy/opt/gz_tools_vendor:/opt/ros/jazzy/opt/gz_ogre_next_vendor:/opt/ros/jazzy/opt/gz_dartsim_vendor:/opt/ros/jazzy/opt/gz_cmake_vendor:/home/redalexdad/GitHub/WalkingRobotSim/install/ros2_yolo_recognition:/home/redalexdad/GitHub/WalkingRobotSim/install/ros2_odometry:/home/redalexdad/GitHub/WalkingRobotSim/install/ros2_navigation:/home/redalexdad/GitHub/WalkingRobotSim/install/ros2_cartography:/opt/ros/jazzy DEBUGINFOD_URLS=https://debuginfod.ubuntu.com LD_LIBRARY_PATH=/home/redalexdad/GitHub/WalkingRobotSim/install/ros2_unitree_legged_msgs/lib:/home/redalexdad/GitHub/WalkingRobotSim/install/yolo_msgs/lib:/home/redalexdad/GitHub/WalkingRobotSim/install/ros2_unitree_legged_control/lib:/opt/ros/jazzy/opt/gz_sim_vendor/lib:/opt/ros/jazzy/opt/gz_sensors_vendor/lib:/opt/ros/jazzy/opt/gz_physics_vendor/lib:/opt/ros/jazzy/opt/sdformat_vendor/lib:/opt/ros/jazzy/opt/rviz_ogre_vendor/lib:/opt/ros/jazzy/lib/x86_64-linux-gnu:/opt/ros/jazzy/opt/gz_gui_vendor/lib:/opt/ros/jazzy/opt/gz_transport_vendor/lib:/opt/ros/jazzy/opt/gz_rendering_vendor/lib:/opt/ros/jazzy/opt/gz_plugin_vendor/lib:/opt/ros/jazzy/opt/gz_fuel_tools_vendor/lib:/opt/ros/jazzy/opt/gz_msgs_vendor/lib:/opt/ros/jazzy/opt/gz_common_vendor/lib:/opt/ros/jazzy/opt/gz_math_vendor/lib:/opt/ros/jazzy/opt/gz_utils_vendor/lib:/opt/ros/jazzy/opt/gz_tools_vendor/lib:/opt/ros/jazzy/opt/gz_ogre_next_vendor/lib:/opt/ros/jazzy/opt/gz_dartsim_vendor/lib:/opt/ros/jazzy/opt/gz_cmake_vendor/lib:/opt/ros/jazzy/lib:/usr/local/cuda-12.9/lib64 PYTHONPATH=/home/redalexdad/GitHub/WalkingRobotSim/install/ros2_unitree_legged_msgs/lib/python3.12/site-packages:/home/redalexdad/GitHub/WalkingRobotSim/install/ros2_yolo_recognition/lib/python3.12/site-packages:/home/redalexdad/GitHub/WalkingRobotSim/install/yolo_msgs/lib/python3.12/site-packages:/home/redalexdad/GitHub/WalkingRobotSim/install/ros2_odometry/lib/python3.12/site-packages:/home/redalexdad/GitHub/WalkingRobotSim/install/ros2_navigation/lib/python3.12/site-packages:/home/redalexdad/GitHub/WalkingRobotSim/install/ros2_cartography/lib/python3.12/site-packages:/opt/ros/jazzy/lib/python3.12/site-packages /usr/bin/cmake /home/redalexdad/GitHub/WalkingRobotSim/src/ros2_unitree_legged_controller -DCMAKE_INSTALL_PREFIX=/home/redalexdad/GitHub/WalkingRobotSim/install/ros2_unitree_legged_control
[21.501s] DEBUG:colcon.colcon_core.event_handler.log_command:Invoking command in '/home/redalexdad/GitHub/WalkingRobotSim/build/ros2_unitree_legged_control': CMAKE_PREFIX_PATH=/home/redalexdad/GitHub/WalkingRobotSim/install/ros2_unitree_legged_msgs:/home/redalexdad/GitHub/WalkingRobotSim/install/yolo_bringup:/home/redalexdad/GitHub/WalkingRobotSim/install/yolo_msgs:/home/redalexdad/GitHub/WalkingRobotSim/install/unitree_guide2:/home/redalexdad/GitHub/WalkingRobotSim/install/ros2_unitree_legged_control:/home/redalexdad/GitHub/WalkingRobotSim/install/ros2_gazebo:/home/redalexdad/GitHub/WalkingRobotSim/install/go2_description:/home/redalexdad/GitHub/WalkingRobotSim/install/go1_description:/usr/local/libtorch:/opt/unitree_robotics:/opt/ros/jazzy/opt/gz_sim_vendor:/opt/ros/jazzy/opt/gz_sensors_vendor:/opt/ros/jazzy/opt/gz_physics_vendor:/opt/ros/jazzy/opt/sdformat_vendor:/opt/ros/jazzy/opt/gz_gui_vendor:/opt/ros/jazzy/opt/gz_transport_vendor:/opt/ros/jazzy/opt/gz_rendering_vendor:/opt/ros/jazzy/opt/gz_plugin_vendor:/opt/ros/jazzy/opt/gz_fuel_tools_vendor:/opt/ros/jazzy/opt/gz_msgs_vendor:/opt/ros/jazzy/opt/gz_common_vendor:/opt/ros/jazzy/opt/gz_math_vendor:/opt/ros/jazzy/opt/gz_utils_vendor:/opt/ros/jazzy/opt/gz_tools_vendor:/opt/ros/jazzy/opt/gz_ogre_next_vendor:/opt/ros/jazzy/opt/gz_dartsim_vendor:/opt/ros/jazzy/opt/gz_cmake_vendor:/home/redalexdad/GitHub/WalkingRobotSim/install/ros2_yolo_recognition:/home/redalexdad/GitHub/WalkingRobotSim/install/ros2_odometry:/home/redalexdad/GitHub/WalkingRobotSim/install/ros2_navigation:/home/redalexdad/GitHub/WalkingRobotSim/install/ros2_cartography:/opt/ros/jazzy DEBUGINFOD_URLS=https://debuginfod.ubuntu.com LD_LIBRARY_PATH=/home/redalexdad/GitHub/WalkingRobotSim/install/ros2_unitree_legged_msgs/lib:/home/redalexdad/GitHub/WalkingRobotSim/install/yolo_msgs/lib:/home/redalexdad/GitHub/WalkingRobotSim/install/ros2_unitree_legged_control/lib:/opt/ros/jazzy/opt/gz_sim_vendor/lib:/opt/ros/jazzy/opt/gz_sensors_vendor/lib:/opt/ros/jazzy/opt/gz_physics_vendor/lib:/opt/ros/jazzy/opt/sdformat_vendor/lib:/opt/ros/jazzy/opt/rviz_ogre_vendor/lib:/opt/ros/jazzy/lib/x86_64-linux-gnu:/opt/ros/jazzy/opt/gz_gui_vendor/lib:/opt/ros/jazzy/opt/gz_transport_vendor/lib:/opt/ros/jazzy/opt/gz_rendering_vendor/lib:/opt/ros/jazzy/opt/gz_plugin_vendor/lib:/opt/ros/jazzy/opt/gz_fuel_tools_vendor/lib:/opt/ros/jazzy/opt/gz_msgs_vendor/lib:/opt/ros/jazzy/opt/gz_common_vendor/lib:/opt/ros/jazzy/opt/gz_math_vendor/lib:/opt/ros/jazzy/opt/gz_utils_vendor/lib:/opt/ros/jazzy/opt/gz_tools_vendor/lib:/opt/ros/jazzy/opt/gz_ogre_next_vendor/lib:/opt/ros/jazzy/opt/gz_dartsim_vendor/lib:/opt/ros/jazzy/opt/gz_cmake_vendor/lib:/opt/ros/jazzy/lib:/usr/local/cuda-12.9/lib64 PYTHONPATH=/home/redalexdad/GitHub/WalkingRobotSim/install/ros2_unitree_legged_msgs/lib/python3.12/site-packages:/home/redalexdad/GitHub/WalkingRobotSim/install/ros2_yolo_recognition/lib/python3.12/site-packages:/home/redalexdad/GitHub/WalkingRobotSim/install/yolo_msgs/lib/python3.12/site-packages:/home/redalexdad/GitHub/WalkingRobotSim/install/ros2_odometry/lib/python3.12/site-packages:/home/redalexdad/GitHub/WalkingRobotSim/install/ros2_navigation/lib/python3.12/site-packages:/home/redalexdad/GitHub/WalkingRobotSim/install/ros2_cartography/lib/python3.12/site-packages:/opt/ros/jazzy/lib/python3.12/site-packages /usr/bin/cmake --build /home/redalexdad/GitHub/WalkingRobotSim/build/ros2_unitree_legged_control -- -j16 -l16
[21.701s] DEBUG:colcon.colcon_core.event_handler.log_command:Invoked command in '/home/redalexdad/GitHub/WalkingRobotSim/build/unitree_guide2' returned '0': CMAKE_PREFIX_PATH=/home/redalexdad/GitHub/WalkingRobotSim/install/ros2_unitree_legged_msgs:/home/redalexdad/GitHub/WalkingRobotSim/install/yolo_bringup:/home/redalexdad/GitHub/WalkingRobotSim/install/yolo_msgs:/home/redalexdad/GitHub/WalkingRobotSim/install/unitree_guide2:/home/redalexdad/GitHub/WalkingRobotSim/install/ros2_unitree_legged_control:/home/redalexdad/GitHub/WalkingRobotSim/install/ros2_gazebo:/home/redalexdad/GitHub/WalkingRobotSim/install/go2_description:/home/redalexdad/GitHub/WalkingRobotSim/install/go1_description:/usr/local/libtorch:/opt/unitree_robotics:/opt/ros/jazzy/opt/gz_sim_vendor:/opt/ros/jazzy/opt/gz_sensors_vendor:/opt/ros/jazzy/opt/gz_physics_vendor:/opt/ros/jazzy/opt/sdformat_vendor:/opt/ros/jazzy/opt/gz_gui_vendor:/opt/ros/jazzy/opt/gz_transport_vendor:/opt/ros/jazzy/opt/gz_rendering_vendor:/opt/ros/jazzy/opt/gz_plugin_vendor:/opt/ros/jazzy/opt/gz_fuel_tools_vendor:/opt/ros/jazzy/opt/gz_msgs_vendor:/opt/ros/jazzy/opt/gz_common_vendor:/opt/ros/jazzy/opt/gz_math_vendor:/opt/ros/jazzy/opt/gz_utils_vendor:/opt/ros/jazzy/opt/gz_tools_vendor:/opt/ros/jazzy/opt/gz_ogre_next_vendor:/opt/ros/jazzy/opt/gz_dartsim_vendor:/opt/ros/jazzy/opt/gz_cmake_vendor:/home/redalexdad/GitHub/WalkingRobotSim/install/ros2_yolo_recognition:/home/redalexdad/GitHub/WalkingRobotSim/install/ros2_odometry:/home/redalexdad/GitHub/WalkingRobotSim/install/ros2_navigation:/home/redalexdad/GitHub/WalkingRobotSim/install/ros2_cartography:/opt/ros/jazzy DEBUGINFOD_URLS=https://debuginfod.ubuntu.com LD_LIBRARY_PATH=/home/redalexdad/GitHub/WalkingRobotSim/install/ros2_unitree_legged_msgs/lib:/home/redalexdad/GitHub/WalkingRobotSim/install/yolo_msgs/lib:/home/redalexdad/GitHub/WalkingRobotSim/install/ros2_unitree_legged_control/lib:/opt/ros/jazzy/opt/gz_sim_vendor/lib:/opt/ros/jazzy/opt/gz_sensors_vendor/lib:/opt/ros/jazzy/opt/gz_physics_vendor/lib:/opt/ros/jazzy/opt/sdformat_vendor/lib:/opt/ros/jazzy/opt/rviz_ogre_vendor/lib:/opt/ros/jazzy/lib/x86_64-linux-gnu:/opt/ros/jazzy/opt/gz_gui_vendor/lib:/opt/ros/jazzy/opt/gz_transport_vendor/lib:/opt/ros/jazzy/opt/gz_rendering_vendor/lib:/opt/ros/jazzy/opt/gz_plugin_vendor/lib:/opt/ros/jazzy/opt/gz_fuel_tools_vendor/lib:/opt/ros/jazzy/opt/gz_msgs_vendor/lib:/opt/ros/jazzy/opt/gz_common_vendor/lib:/opt/ros/jazzy/opt/gz_math_vendor/lib:/opt/ros/jazzy/opt/gz_utils_vendor/lib:/opt/ros/jazzy/opt/gz_tools_vendor/lib:/opt/ros/jazzy/opt/gz_ogre_next_vendor/lib:/opt/ros/jazzy/opt/gz_dartsim_vendor/lib:/opt/ros/jazzy/opt/gz_cmake_vendor/lib:/opt/ros/jazzy/lib:/usr/local/cuda-12.9/lib64 PYTHONPATH=/home/redalexdad/GitHub/WalkingRobotSim/install/ros2_unitree_legged_msgs/lib/python3.12/site-packages:/home/redalexdad/GitHub/WalkingRobotSim/install/ros2_yolo_recognition/lib/python3.12/site-packages:/home/redalexdad/GitHub/WalkingRobotSim/install/yolo_msgs/lib/python3.12/site-packages:/home/redalexdad/GitHub/WalkingRobotSim/install/ros2_odometry/lib/python3.12/site-packages:/home/redalexdad/GitHub/WalkingRobotSim/install/ros2_navigation/lib/python3.12/site-packages:/home/redalexdad/GitHub/WalkingRobotSim/install/ros2_cartography/lib/python3.12/site-packages:/opt/ros/jazzy/lib/python3.12/site-packages /usr/bin/cmake /home/redalexdad/GitHub/WalkingRobotSim/src/unitree_guide2 -DCMAKE_INSTALL_PREFIX=/home/redalexdad/GitHub/WalkingRobotSim/install/unitree_guide2
[21.703s] DEBUG:colcon.colcon_core.event_handler.log_command:Invoking command in '/home/redalexdad/GitHub/WalkingRobotSim/build/unitree_guide2': CMAKE_PREFIX_PATH=/home/redalexdad/GitHub/WalkingRobotSim/install/ros2_unitree_legged_msgs:/home/redalexdad/GitHub/WalkingRobotSim/install/yolo_bringup:/home/redalexdad/GitHub/WalkingRobotSim/install/yolo_msgs:/home/redalexdad/GitHub/WalkingRobotSim/install/unitree_guide2:/home/redalexdad/GitHub/WalkingRobotSim/install/ros2_unitree_legged_control:/home/redalexdad/GitHub/WalkingRobotSim/install/ros2_gazebo:/home/redalexdad/GitHub/WalkingRobotSim/install/go2_description:/home/redalexdad/GitHub/WalkingRobotSim/install/go1_description:/usr/local/libtorch:/opt/unitree_robotics:/opt/ros/jazzy/opt/gz_sim_vendor:/opt/ros/jazzy/opt/gz_sensors_vendor:/opt/ros/jazzy/opt/gz_physics_vendor:/opt/ros/jazzy/opt/sdformat_vendor:/opt/ros/jazzy/opt/gz_gui_vendor:/opt/ros/jazzy/opt/gz_transport_vendor:/opt/ros/jazzy/opt/gz_rendering_vendor:/opt/ros/jazzy/opt/gz_plugin_vendor:/opt/ros/jazzy/opt/gz_fuel_tools_vendor:/opt/ros/jazzy/opt/gz_msgs_vendor:/opt/ros/jazzy/opt/gz_common_vendor:/opt/ros/jazzy/opt/gz_math_vendor:/opt/ros/jazzy/opt/gz_utils_vendor:/opt/ros/jazzy/opt/gz_tools_vendor:/opt/ros/jazzy/opt/gz_ogre_next_vendor:/opt/ros/jazzy/opt/gz_dartsim_vendor:/opt/ros/jazzy/opt/gz_cmake_vendor:/home/redalexdad/GitHub/WalkingRobotSim/install/ros2_yolo_recognition:/home/redalexdad/GitHub/WalkingRobotSim/install/ros2_odometry:/home/redalexdad/GitHub/WalkingRobotSim/install/ros2_navigation:/home/redalexdad/GitHub/WalkingRobotSim/install/ros2_cartography:/opt/ros/jazzy DEBUGINFOD_URLS=https://debuginfod.ubuntu.com LD_LIBRARY_PATH=/home/redalexdad/GitHub/WalkingRobotSim/install/ros2_unitree_legged_msgs/lib:/home/redalexdad/GitHub/WalkingRobotSim/install/yolo_msgs/lib:/home/redalexdad/GitHub/WalkingRobotSim/install/ros2_unitree_legged_control/lib:/opt/ros/jazzy/opt/gz_sim_vendor/lib:/opt/ros/jazzy/opt/gz_sensors_vendor/lib:/opt/ros/jazzy/opt/gz_physics_vendor/lib:/opt/ros/jazzy/opt/sdformat_vendor/lib:/opt/ros/jazzy/opt/rviz_ogre_vendor/lib:/opt/ros/jazzy/lib/x86_64-linux-gnu:/opt/ros/jazzy/opt/gz_gui_vendor/lib:/opt/ros/jazzy/opt/gz_transport_vendor/lib:/opt/ros/jazzy/opt/gz_rendering_vendor/lib:/opt/ros/jazzy/opt/gz_plugin_vendor/lib:/opt/ros/jazzy/opt/gz_fuel_tools_vendor/lib:/opt/ros/jazzy/opt/gz_msgs_vendor/lib:/opt/ros/jazzy/opt/gz_common_vendor/lib:/opt/ros/jazzy/opt/gz_math_vendor/lib:/opt/ros/jazzy/opt/gz_utils_vendor/lib:/opt/ros/jazzy/opt/gz_tools_vendor/lib:/opt/ros/jazzy/opt/gz_ogre_next_vendor/lib:/opt/ros/jazzy/opt/gz_dartsim_vendor/lib:/opt/ros/jazzy/opt/gz_cmake_vendor/lib:/opt/ros/jazzy/lib:/usr/local/cuda-12.9/lib64 PYTHONPATH=/home/redalexdad/GitHub/WalkingRobotSim/install/ros2_unitree_legged_msgs/lib/python3.12/site-packages:/home/redalexdad/GitHub/WalkingRobotSim/install/ros2_yolo_recognition/lib/python3.12/site-packages:/home/redalexdad/GitHub/WalkingRobotSim/install/yolo_msgs/lib/python3.12/site-packages:/home/redalexdad/GitHub/WalkingRobotSim/install/ros2_odometry/lib/python3.12/site-packages:/home/redalexdad/GitHub/WalkingRobotSim/install/ros2_navigation/lib/python3.12/site-packages:/home/redalexdad/GitHub/WalkingRobotSim/install/ros2_cartography/lib/python3.12/site-packages:/opt/ros/jazzy/lib/python3.12/site-packages /usr/bin/cmake --build /home/redalexdad/GitHub/WalkingRobotSim/build/unitree_guide2 -- -j16 -l16
[22.476s] DEBUG:colcon.colcon_core.event_handler.log_command:Invoked command in '/home/redalexdad/GitHub/WalkingRobotSim/build/yolo_bringup' returned '0': AMENT_PREFIX_PATH=/home/redalexdad/GitHub/WalkingRobotSim/install/ros2_yolo_recognition:/home/redalexdad/GitHub/WalkingRobotSim/install/yolo_bringup:/home/redalexdad/GitHub/WalkingRobotSim/install/yolo_msgs:/home/redalexdad/GitHub/WalkingRobotSim/install/unitree_guide2:/home/redalexdad/GitHub/WalkingRobotSim/install/ros2_unitree_legged_control:/home/redalexdad/GitHub/WalkingRobotSim/install/ros2_unitree_legged_msgs:/home/redalexdad/GitHub/WalkingRobotSim/install/ros2_odometry:/home/redalexdad/GitHub/WalkingRobotSim/install/ros2_navigation:/home/redalexdad/GitHub/WalkingRobotSim/install/ros2_gazebo:/home/redalexdad/GitHub/WalkingRobotSim/install/ros2_cartography:/home/redalexdad/GitHub/WalkingRobotSim/install/go2_description:/home/redalexdad/GitHub/WalkingRobotSim/install/go1_description:/opt/ros/jazzy CMAKE_PREFIX_PATH=/home/redalexdad/GitHub/WalkingRobotSim/install/yolo_msgs:/home/redalexdad/GitHub/WalkingRobotSim/install/yolo_bringup:/home/redalexdad/GitHub/WalkingRobotSim/install/unitree_guide2:/home/redalexdad/GitHub/WalkingRobotSim/install/ros2_unitree_legged_control:/home/redalexdad/GitHub/WalkingRobotSim/install/ros2_unitree_legged_msgs:/home/redalexdad/GitHub/WalkingRobotSim/install/ros2_gazebo:/home/redalexdad/GitHub/WalkingRobotSim/install/go2_description:/home/redalexdad/GitHub/WalkingRobotSim/install/go1_description:/usr/local/libtorch:/opt/unitree_robotics:/opt/ros/jazzy/opt/gz_sim_vendor:/opt/ros/jazzy/opt/gz_sensors_vendor:/opt/ros/jazzy/opt/gz_physics_vendor:/opt/ros/jazzy/opt/sdformat_vendor:/opt/ros/jazzy/opt/gz_gui_vendor:/opt/ros/jazzy/opt/gz_transport_vendor:/opt/ros/jazzy/opt/gz_rendering_vendor:/opt/ros/jazzy/opt/gz_plugin_vendor:/opt/ros/jazzy/opt/gz_fuel_tools_vendor:/opt/ros/jazzy/opt/gz_msgs_vendor:/opt/ros/jazzy/opt/gz_common_vendor:/opt/ros/jazzy/opt/gz_math_vendor:/opt/ros/jazzy/opt/gz_utils_vendor:/opt/ros/jazzy/opt/gz_tools_vendor:/opt/ros/jazzy/opt/gz_ogre_next_vendor:/opt/ros/jazzy/opt/gz_dartsim_vendor:/opt/ros/jazzy/opt/gz_cmake_vendor:/home/redalexdad/GitHub/WalkingRobotSim/install/ros2_yolo_recognition:/home/redalexdad/GitHub/WalkingRobotSim/install/ros2_odometry:/home/redalexdad/GitHub/WalkingRobotSim/install/ros2_navigation:/home/redalexdad/GitHub/WalkingRobotSim/install/ros2_cartography:/opt/ros/jazzy DEBUGINFOD_URLS=https://debuginfod.ubuntu.com LD_LIBRARY_PATH=/home/redalexdad/GitHub/WalkingRobotSim/install/yolo_msgs/lib:/home/redalexdad/GitHub/WalkingRobotSim/install/ros2_unitree_legged_control/lib:/home/redalexdad/GitHub/WalkingRobotSim/install/ros2_unitree_legged_msgs/lib:/opt/ros/jazzy/opt/gz_sim_vendor/lib:/opt/ros/jazzy/opt/gz_sensors_vendor/lib:/opt/ros/jazzy/opt/gz_physics_vendor/lib:/opt/ros/jazzy/opt/sdformat_vendor/lib:/opt/ros/jazzy/opt/rviz_ogre_vendor/lib:/opt/ros/jazzy/lib/x86_64-linux-gnu:/opt/ros/jazzy/opt/gz_gui_vendor/lib:/opt/ros/jazzy/opt/gz_transport_vendor/lib:/opt/ros/jazzy/opt/gz_rendering_vendor/lib:/opt/ros/jazzy/opt/gz_plugin_vendor/lib:/opt/ros/jazzy/opt/gz_fuel_tools_vendor/lib:/opt/ros/jazzy/opt/gz_msgs_vendor/lib:/opt/ros/jazzy/opt/gz_common_vendor/lib:/opt/ros/jazzy/opt/gz_math_vendor/lib:/opt/ros/jazzy/opt/gz_utils_vendor/lib:/opt/ros/jazzy/opt/gz_tools_vendor/lib:/opt/ros/jazzy/opt/gz_ogre_next_vendor/lib:/opt/ros/jazzy/opt/gz_dartsim_vendor/lib:/opt/ros/jazzy/opt/gz_cmake_vendor/lib:/opt/ros/jazzy/lib:/usr/local/cuda-12.9/lib64 /usr/bin/cmake /home/redalexdad/GitHub/WalkingRobotSim/src/ros2_yolo_recognition/yolo_bringup -DCMAKE_INSTALL_PREFIX=/home/redalexdad/GitHub/WalkingRobotSim/install/yolo_bringup
[22.480s] DEBUG:colcon.colcon_core.event_handler.log_command:Invoking command in '/home/redalexdad/GitHub/WalkingRobotSim/build/yolo_bringup': AMENT_PREFIX_PATH=/home/redalexdad/GitHub/WalkingRobotSim/install/ros2_yolo_recognition:/home/redalexdad/GitHub/WalkingRobotSim/install/yolo_bringup:/home/redalexdad/GitHub/WalkingRobotSim/install/yolo_msgs:/home/redalexdad/GitHub/WalkingRobotSim/install/unitree_guide2:/home/redalexdad/GitHub/WalkingRobotSim/install/ros2_unitree_legged_control:/home/redalexdad/GitHub/WalkingRobotSim/install/ros2_unitree_legged_msgs:/home/redalexdad/GitHub/WalkingRobotSim/install/ros2_odometry:/home/redalexdad/GitHub/WalkingRobotSim/install/ros2_navigation:/home/redalexdad/GitHub/WalkingRobotSim/install/ros2_gazebo:/home/redalexdad/GitHub/WalkingRobotSim/install/ros2_cartography:/home/redalexdad/GitHub/WalkingRobotSim/install/go2_description:/home/redalexdad/GitHub/WalkingRobotSim/install/go1_description:/opt/ros/jazzy CMAKE_PREFIX_PATH=/home/redalexdad/GitHub/WalkingRobotSim/install/yolo_msgs:/home/redalexdad/GitHub/WalkingRobotSim/install/yolo_bringup:/home/redalexdad/GitHub/WalkingRobotSim/install/unitree_guide2:/home/redalexdad/GitHub/WalkingRobotSim/install/ros2_unitree_legged_control:/home/redalexdad/GitHub/WalkingRobotSim/install/ros2_unitree_legged_msgs:/home/redalexdad/GitHub/WalkingRobotSim/install/ros2_gazebo:/home/redalexdad/GitHub/WalkingRobotSim/install/go2_description:/home/redalexdad/GitHub/WalkingRobotSim/install/go1_description:/usr/local/libtorch:/opt/unitree_robotics:/opt/ros/jazzy/opt/gz_sim_vendor:/opt/ros/jazzy/opt/gz_sensors_vendor:/opt/ros/jazzy/opt/gz_physics_vendor:/opt/ros/jazzy/opt/sdformat_vendor:/opt/ros/jazzy/opt/gz_gui_vendor:/opt/ros/jazzy/opt/gz_transport_vendor:/opt/ros/jazzy/opt/gz_rendering_vendor:/opt/ros/jazzy/opt/gz_plugin_vendor:/opt/ros/jazzy/opt/gz_fuel_tools_vendor:/opt/ros/jazzy/opt/gz_msgs_vendor:/opt/ros/jazzy/opt/gz_common_vendor:/opt/ros/jazzy/opt/gz_math_vendor:/opt/ros/jazzy/opt/gz_utils_vendor:/opt/ros/jazzy/opt/gz_tools_vendor:/opt/ros/jazzy/opt/gz_ogre_next_vendor:/opt/ros/jazzy/opt/gz_dartsim_vendor:/opt/ros/jazzy/opt/gz_cmake_vendor:/home/redalexdad/GitHub/WalkingRobotSim/install/ros2_yolo_recognition:/home/redalexdad/GitHub/WalkingRobotSim/install/ros2_odometry:/home/redalexdad/GitHub/WalkingRobotSim/install/ros2_navigation:/home/redalexdad/GitHub/WalkingRobotSim/install/ros2_cartography:/opt/ros/jazzy DEBUGINFOD_URLS=https://debuginfod.ubuntu.com LD_LIBRARY_PATH=/home/redalexdad/GitHub/WalkingRobotSim/install/yolo_msgs/lib:/home/redalexdad/GitHub/WalkingRobotSim/install/ros2_unitree_legged_control/lib:/home/redalexdad/GitHub/WalkingRobotSim/install/ros2_unitree_legged_msgs/lib:/opt/ros/jazzy/opt/gz_sim_vendor/lib:/opt/ros/jazzy/opt/gz_sensors_vendor/lib:/opt/ros/jazzy/opt/gz_physics_vendor/lib:/opt/ros/jazzy/opt/sdformat_vendor/lib:/opt/ros/jazzy/opt/rviz_ogre_vendor/lib:/opt/ros/jazzy/lib/x86_64-linux-gnu:/opt/ros/jazzy/opt/gz_gui_vendor/lib:/opt/ros/jazzy/opt/gz_transport_vendor/lib:/opt/ros/jazzy/opt/gz_rendering_vendor/lib:/opt/ros/jazzy/opt/gz_plugin_vendor/lib:/opt/ros/jazzy/opt/gz_fuel_tools_vendor/lib:/opt/ros/jazzy/opt/gz_msgs_vendor/lib:/opt/ros/jazzy/opt/gz_common_vendor/lib:/opt/ros/jazzy/opt/gz_math_vendor/lib:/opt/ros/jazzy/opt/gz_utils_vendor/lib:/opt/ros/jazzy/opt/gz_tools_vendor/lib:/opt/ros/jazzy/opt/gz_ogre_next_vendor/lib:/opt/ros/jazzy/opt/gz_dartsim_vendor/lib:/opt/ros/jazzy/opt/gz_cmake_vendor/lib:/opt/ros/jazzy/lib:/usr/local/cuda-12.9/lib64 /usr/bin/cmake --build /home/redalexdad/GitHub/WalkingRobotSim/build/yolo_bringup -- -j16 -l16
[22.679s] DEBUG:colcon.colcon_core.event_handler.log_command:Invoked command in '/home/redalexdad/GitHub/WalkingRobotSim/build/yolo_bringup' returned '0': AMENT_PREFIX_PATH=/home/redalexdad/GitHub/WalkingRobotSim/install/ros2_yolo_recognition:/home/redalexdad/GitHub/WalkingRobotSim/install/yolo_bringup:/home/redalexdad/GitHub/WalkingRobotSim/install/yolo_msgs:/home/redalexdad/GitHub/WalkingRobotSim/install/unitree_guide2:/home/redalexdad/GitHub/WalkingRobotSim/install/ros2_unitree_legged_control:/home/redalexdad/GitHub/WalkingRobotSim/install/ros2_unitree_legged_msgs:/home/redalexdad/GitHub/WalkingRobotSim/install/ros2_odometry:/home/redalexdad/GitHub/WalkingRobotSim/install/ros2_navigation:/home/redalexdad/GitHub/WalkingRobotSim/install/ros2_gazebo:/home/redalexdad/GitHub/WalkingRobotSim/install/ros2_cartography:/home/redalexdad/GitHub/WalkingRobotSim/install/go2_description:/home/redalexdad/GitHub/WalkingRobotSim/install/go1_description:/opt/ros/jazzy CMAKE_PREFIX_PATH=/home/redalexdad/GitHub/WalkingRobotSim/install/yolo_msgs:/home/redalexdad/GitHub/WalkingRobotSim/install/yolo_bringup:/home/redalexdad/GitHub/WalkingRobotSim/install/unitree_guide2:/home/redalexdad/GitHub/WalkingRobotSim/install/ros2_unitree_legged_control:/home/redalexdad/GitHub/WalkingRobotSim/install/ros2_unitree_legged_msgs:/home/redalexdad/GitHub/WalkingRobotSim/install/ros2_gazebo:/home/redalexdad/GitHub/WalkingRobotSim/install/go2_description:/home/redalexdad/GitHub/WalkingRobotSim/install/go1_description:/usr/local/libtorch:/opt/unitree_robotics:/opt/ros/jazzy/opt/gz_sim_vendor:/opt/ros/jazzy/opt/gz_sensors_vendor:/opt/ros/jazzy/opt/gz_physics_vendor:/opt/ros/jazzy/opt/sdformat_vendor:/opt/ros/jazzy/opt/gz_gui_vendor:/opt/ros/jazzy/opt/gz_transport_vendor:/opt/ros/jazzy/opt/gz_rendering_vendor:/opt/ros/jazzy/opt/gz_plugin_vendor:/opt/ros/jazzy/opt/gz_fuel_tools_vendor:/opt/ros/jazzy/opt/gz_msgs_vendor:/opt/ros/jazzy/opt/gz_common_vendor:/opt/ros/jazzy/opt/gz_math_vendor:/opt/ros/jazzy/opt/gz_utils_vendor:/opt/ros/jazzy/opt/gz_tools_vendor:/opt/ros/jazzy/opt/gz_ogre_next_vendor:/opt/ros/jazzy/opt/gz_dartsim_vendor:/opt/ros/jazzy/opt/gz_cmake_vendor:/home/redalexdad/GitHub/WalkingRobotSim/install/ros2_yolo_recognition:/home/redalexdad/GitHub/WalkingRobotSim/install/ros2_odometry:/home/redalexdad/GitHub/WalkingRobotSim/install/ros2_navigation:/home/redalexdad/GitHub/WalkingRobotSim/install/ros2_cartography:/opt/ros/jazzy DEBUGINFOD_URLS=https://debuginfod.ubuntu.com LD_LIBRARY_PATH=/home/redalexdad/GitHub/WalkingRobotSim/install/yolo_msgs/lib:/home/redalexdad/GitHub/WalkingRobotSim/install/ros2_unitree_legged_control/lib:/home/redalexdad/GitHub/WalkingRobotSim/install/ros2_unitree_legged_msgs/lib:/opt/ros/jazzy/opt/gz_sim_vendor/lib:/opt/ros/jazzy/opt/gz_sensors_vendor/lib:/opt/ros/jazzy/opt/gz_physics_vendor/lib:/opt/ros/jazzy/opt/sdformat_vendor/lib:/opt/ros/jazzy/opt/rviz_ogre_vendor/lib:/opt/ros/jazzy/lib/x86_64-linux-gnu:/opt/ros/jazzy/opt/gz_gui_vendor/lib:/opt/ros/jazzy/opt/gz_transport_vendor/lib:/opt/ros/jazzy/opt/gz_rendering_vendor/lib:/opt/ros/jazzy/opt/gz_plugin_vendor/lib:/opt/ros/jazzy/opt/gz_fuel_tools_vendor/lib:/opt/ros/jazzy/opt/gz_msgs_vendor/lib:/opt/ros/jazzy/opt/gz_common_vendor/lib:/opt/ros/jazzy/opt/gz_math_vendor/lib:/opt/ros/jazzy/opt/gz_utils_vendor/lib:/opt/ros/jazzy/opt/gz_tools_vendor/lib:/opt/ros/jazzy/opt/gz_ogre_next_vendor/lib:/opt/ros/jazzy/opt/gz_dartsim_vendor/lib:/opt/ros/jazzy/opt/gz_cmake_vendor/lib:/opt/ros/jazzy/lib:/usr/local/cuda-12.9/lib64 /usr/bin/cmake --build /home/redalexdad/GitHub/WalkingRobotSim/build/yolo_bringup -- -j16 -l16
[22.681s] DEBUG:colcon.colcon_core.event_handler.log_command:Invoking command in '/home/redalexdad/GitHub/WalkingRobotSim/build/yolo_bringup': AMENT_PREFIX_PATH=/home/redalexdad/GitHub/WalkingRobotSim/install/ros2_yolo_recognition:/home/redalexdad/GitHub/WalkingRobotSim/install/yolo_bringup:/home/redalexdad/GitHub/WalkingRobotSim/install/yolo_msgs:/home/redalexdad/GitHub/WalkingRobotSim/install/unitree_guide2:/home/redalexdad/GitHub/WalkingRobotSim/install/ros2_unitree_legged_control:/home/redalexdad/GitHub/WalkingRobotSim/install/ros2_unitree_legged_msgs:/home/redalexdad/GitHub/WalkingRobotSim/install/ros2_odometry:/home/redalexdad/GitHub/WalkingRobotSim/install/ros2_navigation:/home/redalexdad/GitHub/WalkingRobotSim/install/ros2_gazebo:/home/redalexdad/GitHub/WalkingRobotSim/install/ros2_cartography:/home/redalexdad/GitHub/WalkingRobotSim/install/go2_description:/home/redalexdad/GitHub/WalkingRobotSim/install/go1_description:/opt/ros/jazzy CMAKE_PREFIX_PATH=/home/redalexdad/GitHub/WalkingRobotSim/install/yolo_msgs:/home/redalexdad/GitHub/WalkingRobotSim/install/yolo_bringup:/home/redalexdad/GitHub/WalkingRobotSim/install/unitree_guide2:/home/redalexdad/GitHub/WalkingRobotSim/install/ros2_unitree_legged_control:/home/redalexdad/GitHub/WalkingRobotSim/install/ros2_unitree_legged_msgs:/home/redalexdad/GitHub/WalkingRobotSim/install/ros2_gazebo:/home/redalexdad/GitHub/WalkingRobotSim/install/go2_description:/home/redalexdad/GitHub/WalkingRobotSim/install/go1_description:/usr/local/libtorch:/opt/unitree_robotics:/opt/ros/jazzy/opt/gz_sim_vendor:/opt/ros/jazzy/opt/gz_sensors_vendor:/opt/ros/jazzy/opt/gz_physics_vendor:/opt/ros/jazzy/opt/sdformat_vendor:/opt/ros/jazzy/opt/gz_gui_vendor:/opt/ros/jazzy/opt/gz_transport_vendor:/opt/ros/jazzy/opt/gz_rendering_vendor:/opt/ros/jazzy/opt/gz_plugin_vendor:/opt/ros/jazzy/opt/gz_fuel_tools_vendor:/opt/ros/jazzy/opt/gz_msgs_vendor:/opt/ros/jazzy/opt/gz_common_vendor:/opt/ros/jazzy/opt/gz_math_vendor:/opt/ros/jazzy/opt/gz_utils_vendor:/opt/ros/jazzy/opt/gz_tools_vendor:/opt/ros/jazzy/opt/gz_ogre_next_vendor:/opt/ros/jazzy/opt/gz_dartsim_vendor:/opt/ros/jazzy/opt/gz_cmake_vendor:/home/redalexdad/GitHub/WalkingRobotSim/install/ros2_yolo_recognition:/home/redalexdad/GitHub/WalkingRobotSim/install/ros2_odometry:/home/redalexdad/GitHub/WalkingRobotSim/install/ros2_navigation:/home/redalexdad/GitHub/WalkingRobotSim/install/ros2_cartography:/opt/ros/jazzy DEBUGINFOD_URLS=https://debuginfod.ubuntu.com LD_LIBRARY_PATH=/home/redalexdad/GitHub/WalkingRobotSim/install/yolo_msgs/lib:/home/redalexdad/GitHub/WalkingRobotSim/install/ros2_unitree_legged_control/lib:/home/redalexdad/GitHub/WalkingRobotSim/install/ros2_unitree_legged_msgs/lib:/opt/ros/jazzy/opt/gz_sim_vendor/lib:/opt/ros/jazzy/opt/gz_sensors_vendor/lib:/opt/ros/jazzy/opt/gz_physics_vendor/lib:/opt/ros/jazzy/opt/sdformat_vendor/lib:/opt/ros/jazzy/opt/rviz_ogre_vendor/lib:/opt/ros/jazzy/lib/x86_64-linux-gnu:/opt/ros/jazzy/opt/gz_gui_vendor/lib:/opt/ros/jazzy/opt/gz_transport_vendor/lib:/opt/ros/jazzy/opt/gz_rendering_vendor/lib:/opt/ros/jazzy/opt/gz_plugin_vendor/lib:/opt/ros/jazzy/opt/gz_fuel_tools_vendor/lib:/opt/ros/jazzy/opt/gz_msgs_vendor/lib:/opt/ros/jazzy/opt/gz_common_vendor/lib:/opt/ros/jazzy/opt/gz_math_vendor/lib:/opt/ros/jazzy/opt/gz_utils_vendor/lib:/opt/ros/jazzy/opt/gz_tools_vendor/lib:/opt/ros/jazzy/opt/gz_ogre_next_vendor/lib:/opt/ros/jazzy/opt/gz_dartsim_vendor/lib:/opt/ros/jazzy/opt/gz_cmake_vendor/lib:/opt/ros/jazzy/lib:/usr/local/cuda-12.9/lib64 /usr/bin/cmake --install /home/redalexdad/GitHub/WalkingRobotSim/build/yolo_bringup
[22.748s] Level 1:colcon.colcon_core.environment:create_environment_scripts_only(yolo_bringup)
[22.749s] Level 1:colcon.colcon_core.environment:checking '/home/redalexdad/GitHub/WalkingRobotSim/install/yolo_bringup' for CMake module files
[22.750s] Level 1:colcon.colcon_core.environment:checking '/home/redalexdad/GitHub/WalkingRobotSim/install/yolo_bringup' for CMake config files
[22.751s] Level 1:colcon.colcon_core.shell:create_environment_hook('yolo_bringup', 'cmake_prefix_path')
[22.752s] INFO:colcon.colcon_core.shell:Creating environment hook '/home/redalexdad/GitHub/WalkingRobotSim/install/yolo_bringup/share/yolo_bringup/hook/cmake_prefix_path.ps1'
[22.753s] INFO:colcon.colcon_core.shell:Creating environment descriptor '/home/redalexdad/GitHub/WalkingRobotSim/install/yolo_bringup/share/yolo_bringup/hook/cmake_prefix_path.dsv'
[22.753s] DEBUG:colcon.colcon_core.event_handler.log_command:Invoked command in '/home/redalexdad/GitHub/WalkingRobotSim/build/yolo_bringup' returned '0': AMENT_PREFIX_PATH=/home/redalexdad/GitHub/WalkingRobotSim/install/ros2_yolo_recognition:/home/redalexdad/GitHub/WalkingRobotSim/install/yolo_bringup:/home/redalexdad/GitHub/WalkingRobotSim/install/yolo_msgs:/home/redalexdad/GitHub/WalkingRobotSim/install/unitree_guide2:/home/redalexdad/GitHub/WalkingRobotSim/install/ros2_unitree_legged_control:/home/redalexdad/GitHub/WalkingRobotSim/install/ros2_unitree_legged_msgs:/home/redalexdad/GitHub/WalkingRobotSim/install/ros2_odometry:/home/redalexdad/GitHub/WalkingRobotSim/install/ros2_navigation:/home/redalexdad/GitHub/WalkingRobotSim/install/ros2_gazebo:/home/redalexdad/GitHub/WalkingRobotSim/install/ros2_cartography:/home/redalexdad/GitHub/WalkingRobotSim/install/go2_description:/home/redalexdad/GitHub/WalkingRobotSim/install/go1_description:/opt/ros/jazzy CMAKE_PREFIX_PATH=/home/redalexdad/GitHub/WalkingRobotSim/install/yolo_msgs:/home/redalexdad/GitHub/WalkingRobotSim/install/yolo_bringup:/home/redalexdad/GitHub/WalkingRobotSim/install/unitree_guide2:/home/redalexdad/GitHub/WalkingRobotSim/install/ros2_unitree_legged_control:/home/redalexdad/GitHub/WalkingRobotSim/install/ros2_unitree_legged_msgs:/home/redalexdad/GitHub/WalkingRobotSim/install/ros2_gazebo:/home/redalexdad/GitHub/WalkingRobotSim/install/go2_description:/home/redalexdad/GitHub/WalkingRobotSim/install/go1_description:/usr/local/libtorch:/opt/unitree_robotics:/opt/ros/jazzy/opt/gz_sim_vendor:/opt/ros/jazzy/opt/gz_sensors_vendor:/opt/ros/jazzy/opt/gz_physics_vendor:/opt/ros/jazzy/opt/sdformat_vendor:/opt/ros/jazzy/opt/gz_gui_vendor:/opt/ros/jazzy/opt/gz_transport_vendor:/opt/ros/jazzy/opt/gz_rendering_vendor:/opt/ros/jazzy/opt/gz_plugin_vendor:/opt/ros/jazzy/opt/gz_fuel_tools_vendor:/opt/ros/jazzy/opt/gz_msgs_vendor:/opt/ros/jazzy/opt/gz_common_vendor:/opt/ros/jazzy/opt/gz_math_vendor:/opt/ros/jazzy/opt/gz_utils_vendor:/opt/ros/jazzy/opt/gz_tools_vendor:/opt/ros/jazzy/opt/gz_ogre_next_vendor:/opt/ros/jazzy/opt/gz_dartsim_vendor:/opt/ros/jazzy/opt/gz_cmake_vendor:/home/redalexdad/GitHub/WalkingRobotSim/install/ros2_yolo_recognition:/home/redalexdad/GitHub/WalkingRobotSim/install/ros2_odometry:/home/redalexdad/GitHub/WalkingRobotSim/install/ros2_navigation:/home/redalexdad/GitHub/WalkingRobotSim/install/ros2_cartography:/opt/ros/jazzy DEBUGINFOD_URLS=https://debuginfod.ubuntu.com LD_LIBRARY_PATH=/home/redalexdad/GitHub/WalkingRobotSim/install/yolo_msgs/lib:/home/redalexdad/GitHub/WalkingRobotSim/install/ros2_unitree_legged_control/lib:/home/redalexdad/GitHub/WalkingRobotSim/install/ros2_unitree_legged_msgs/lib:/opt/ros/jazzy/opt/gz_sim_vendor/lib:/opt/ros/jazzy/opt/gz_sensors_vendor/lib:/opt/ros/jazzy/opt/gz_physics_vendor/lib:/opt/ros/jazzy/opt/sdformat_vendor/lib:/opt/ros/jazzy/opt/rviz_ogre_vendor/lib:/opt/ros/jazzy/lib/x86_64-linux-gnu:/opt/ros/jazzy/opt/gz_gui_vendor/lib:/opt/ros/jazzy/opt/gz_transport_vendor/lib:/opt/ros/jazzy/opt/gz_rendering_vendor/lib:/opt/ros/jazzy/opt/gz_plugin_vendor/lib:/opt/ros/jazzy/opt/gz_fuel_tools_vendor/lib:/opt/ros/jazzy/opt/gz_msgs_vendor/lib:/opt/ros/jazzy/opt/gz_common_vendor/lib:/opt/ros/jazzy/opt/gz_math_vendor/lib:/opt/ros/jazzy/opt/gz_utils_vendor/lib:/opt/ros/jazzy/opt/gz_tools_vendor/lib:/opt/ros/jazzy/opt/gz_ogre_next_vendor/lib:/opt/ros/jazzy/opt/gz_dartsim_vendor/lib:/opt/ros/jazzy/opt/gz_cmake_vendor/lib:/opt/ros/jazzy/lib:/usr/local/cuda-12.9/lib64 /usr/bin/cmake --install /home/redalexdad/GitHub/WalkingRobotSim/build/yolo_bringup
[22.756s] INFO:colcon.colcon_core.shell:Creating environment hook '/home/redalexdad/GitHub/WalkingRobotSim/install/yolo_bringup/share/yolo_bringup/hook/cmake_prefix_path.sh'
[22.758s] Level 1:colcon.colcon_core.environment:checking '/home/redalexdad/GitHub/WalkingRobotSim/install/yolo_bringup/bin'
[22.758s] Level 1:colcon.colcon_core.environment:checking '/home/redalexdad/GitHub/WalkingRobotSim/install/yolo_bringup/lib/pkgconfig/yolo_bringup.pc'
[22.758s] Level 1:colcon.colcon_core.environment:checking '/home/redalexdad/GitHub/WalkingRobotSim/install/yolo_bringup/lib/python3.12/site-packages'
[22.761s] Level 1:colcon.colcon_core.environment:checking '/home/redalexdad/GitHub/WalkingRobotSim/install/yolo_bringup/bin'
[22.762s] INFO:colcon.colcon_core.shell:Creating package script '/home/redalexdad/GitHub/WalkingRobotSim/install/yolo_bringup/share/yolo_bringup/package.ps1'
[22.763s] INFO:colcon.colcon_core.shell:Creating package descriptor '/home/redalexdad/GitHub/WalkingRobotSim/install/yolo_bringup/share/yolo_bringup/package.dsv'
[22.766s] INFO:colcon.colcon_core.shell:Creating package script '/home/redalexdad/GitHub/WalkingRobotSim/install/yolo_bringup/share/yolo_bringup/package.sh'
[22.767s] INFO:colcon.colcon_core.shell:Creating package script '/home/redalexdad/GitHub/WalkingRobotSim/install/yolo_bringup/share/yolo_bringup/package.bash'
[22.768s] INFO:colcon.colcon_core.shell:Creating package script '/home/redalexdad/GitHub/WalkingRobotSim/install/yolo_bringup/share/yolo_bringup/package.zsh'
[22.768s] Level 1:colcon.colcon_core.environment:create_file_with_runtime_dependencies(/home/redalexdad/GitHub/WalkingRobotSim/install/yolo_bringup/share/colcon-core/packages/yolo_bringup)
[22.773s] Level 1:colcon.colcon_core.environment:create_environment_scripts_only(yolo_bringup)
[22.773s] Level 1:colcon.colcon_core.environment:checking '/home/redalexdad/GitHub/WalkingRobotSim/install/yolo_bringup' for CMake module files
[22.774s] Level 1:colcon.colcon_core.environment:checking '/home/redalexdad/GitHub/WalkingRobotSim/install/yolo_bringup' for CMake config files
[22.778s] Level 1:colcon.colcon_core.shell:create_environment_hook('yolo_bringup', 'cmake_prefix_path')
[22.779s] INFO:colcon.colcon_core.shell:Creating environment hook '/home/redalexdad/GitHub/WalkingRobotSim/install/yolo_bringup/share/yolo_bringup/hook/cmake_prefix_path.ps1'
[22.780s] INFO:colcon.colcon_core.shell:Creating environment descriptor '/home/redalexdad/GitHub/WalkingRobotSim/install/yolo_bringup/share/yolo_bringup/hook/cmake_prefix_path.dsv'
[22.784s] INFO:colcon.colcon_core.shell:Creating environment hook '/home/redalexdad/GitHub/WalkingRobotSim/install/yolo_bringup/share/yolo_bringup/hook/cmake_prefix_path.sh'
[22.785s] Level 1:colcon.colcon_core.environment:checking '/home/redalexdad/GitHub/WalkingRobotSim/install/yolo_bringup/bin'
[22.785s] Level 1:colcon.colcon_core.environment:checking '/home/redalexdad/GitHub/WalkingRobotSim/install/yolo_bringup/lib/pkgconfig/yolo_bringup.pc'
[22.786s] Level 1:colcon.colcon_core.environment:checking '/home/redalexdad/GitHub/WalkingRobotSim/install/yolo_bringup/lib/python3.12/site-packages'
[22.786s] Level 1:colcon.colcon_core.environment:checking '/home/redalexdad/GitHub/WalkingRobotSim/install/yolo_bringup/bin'
[22.792s] INFO:colcon.colcon_core.shell:Creating package script '/home/redalexdad/GitHub/WalkingRobotSim/install/yolo_bringup/share/yolo_bringup/package.ps1'
[22.795s] INFO:colcon.colcon_core.shell:Creating package descriptor '/home/redalexdad/GitHub/WalkingRobotSim/install/yolo_bringup/share/yolo_bringup/package.dsv'
[22.796s] INFO:colcon.colcon_core.shell:Creating package script '/home/redalexdad/GitHub/WalkingRobotSim/install/yolo_bringup/share/yolo_bringup/package.sh'
[22.796s] INFO:colcon.colcon_core.shell:Creating package script '/home/redalexdad/GitHub/WalkingRobotSim/install/yolo_bringup/share/yolo_bringup/package.bash'
[22.797s] INFO:colcon.colcon_core.shell:Creating package script '/home/redalexdad/GitHub/WalkingRobotSim/install/yolo_bringup/share/yolo_bringup/package.zsh'
[22.798s] Level 1:colcon.colcon_core.environment:create_file_with_runtime_dependencies(/home/redalexdad/GitHub/WalkingRobotSim/install/yolo_bringup/share/colcon-core/packages/yolo_bringup)
[42.224s] DEBUG:colcon.colcon_core.event_handler.log_command:Invoked command in '/home/redalexdad/GitHub/WalkingRobotSim/build/ros2_unitree_legged_control' returned '0': CMAKE_PREFIX_PATH=/home/redalexdad/GitHub/WalkingRobotSim/install/ros2_unitree_legged_msgs:/home/redalexdad/GitHub/WalkingRobotSim/install/yolo_bringup:/home/redalexdad/GitHub/WalkingRobotSim/install/yolo_msgs:/home/redalexdad/GitHub/WalkingRobotSim/install/unitree_guide2:/home/redalexdad/GitHub/WalkingRobotSim/install/ros2_unitree_legged_control:/home/redalexdad/GitHub/WalkingRobotSim/install/ros2_gazebo:/home/redalexdad/GitHub/WalkingRobotSim/install/go2_description:/home/redalexdad/GitHub/WalkingRobotSim/install/go1_description:/usr/local/libtorch:/opt/unitree_robotics:/opt/ros/jazzy/opt/gz_sim_vendor:/opt/ros/jazzy/opt/gz_sensors_vendor:/opt/ros/jazzy/opt/gz_physics_vendor:/opt/ros/jazzy/opt/sdformat_vendor:/opt/ros/jazzy/opt/gz_gui_vendor:/opt/ros/jazzy/opt/gz_transport_vendor:/opt/ros/jazzy/opt/gz_rendering_vendor:/opt/ros/jazzy/opt/gz_plugin_vendor:/opt/ros/jazzy/opt/gz_fuel_tools_vendor:/opt/ros/jazzy/opt/gz_msgs_vendor:/opt/ros/jazzy/opt/gz_common_vendor:/opt/ros/jazzy/opt/gz_math_vendor:/opt/ros/jazzy/opt/gz_utils_vendor:/opt/ros/jazzy/opt/gz_tools_vendor:/opt/ros/jazzy/opt/gz_ogre_next_vendor:/opt/ros/jazzy/opt/gz_dartsim_vendor:/opt/ros/jazzy/opt/gz_cmake_vendor:/home/redalexdad/GitHub/WalkingRobotSim/install/ros2_yolo_recognition:/home/redalexdad/GitHub/WalkingRobotSim/install/ros2_odometry:/home/redalexdad/GitHub/WalkingRobotSim/install/ros2_navigation:/home/redalexdad/GitHub/WalkingRobotSim/install/ros2_cartography:/opt/ros/jazzy DEBUGINFOD_URLS=https://debuginfod.ubuntu.com LD_LIBRARY_PATH=/home/redalexdad/GitHub/WalkingRobotSim/install/ros2_unitree_legged_msgs/lib:/home/redalexdad/GitHub/WalkingRobotSim/install/yolo_msgs/lib:/home/redalexdad/GitHub/WalkingRobotSim/install/ros2_unitree_legged_control/lib:/opt/ros/jazzy/opt/gz_sim_vendor/lib:/opt/ros/jazzy/opt/gz_sensors_vendor/lib:/opt/ros/jazzy/opt/gz_physics_vendor/lib:/opt/ros/jazzy/opt/sdformat_vendor/lib:/opt/ros/jazzy/opt/rviz_ogre_vendor/lib:/opt/ros/jazzy/lib/x86_64-linux-gnu:/opt/ros/jazzy/opt/gz_gui_vendor/lib:/opt/ros/jazzy/opt/gz_transport_vendor/lib:/opt/ros/jazzy/opt/gz_rendering_vendor/lib:/opt/ros/jazzy/opt/gz_plugin_vendor/lib:/opt/ros/jazzy/opt/gz_fuel_tools_vendor/lib:/opt/ros/jazzy/opt/gz_msgs_vendor/lib:/opt/ros/jazzy/opt/gz_common_vendor/lib:/opt/ros/jazzy/opt/gz_math_vendor/lib:/opt/ros/jazzy/opt/gz_utils_vendor/lib:/opt/ros/jazzy/opt/gz_tools_vendor/lib:/opt/ros/jazzy/opt/gz_ogre_next_vendor/lib:/opt/ros/jazzy/opt/gz_dartsim_vendor/lib:/opt/ros/jazzy/opt/gz_cmake_vendor/lib:/opt/ros/jazzy/lib:/usr/local/cuda-12.9/lib64 PYTHONPATH=/home/redalexdad/GitHub/WalkingRobotSim/install/ros2_unitree_legged_msgs/lib/python3.12/site-packages:/home/redalexdad/GitHub/WalkingRobotSim/install/ros2_yolo_recognition/lib/python3.12/site-packages:/home/redalexdad/GitHub/WalkingRobotSim/install/yolo_msgs/lib/python3.12/site-packages:/home/redalexdad/GitHub/WalkingRobotSim/install/ros2_odometry/lib/python3.12/site-packages:/home/redalexdad/GitHub/WalkingRobotSim/install/ros2_navigation/lib/python3.12/site-packages:/home/redalexdad/GitHub/WalkingRobotSim/install/ros2_cartography/lib/python3.12/site-packages:/opt/ros/jazzy/lib/python3.12/site-packages /usr/bin/cmake --build /home/redalexdad/GitHub/WalkingRobotSim/build/ros2_unitree_legged_control -- -j16 -l16
[42.226s] DEBUG:colcon.colcon_core.event_handler.log_command:Invoking command in '/home/redalexdad/GitHub/WalkingRobotSim/build/ros2_unitree_legged_control': CMAKE_PREFIX_PATH=/home/redalexdad/GitHub/WalkingRobotSim/install/ros2_unitree_legged_msgs:/home/redalexdad/GitHub/WalkingRobotSim/install/yolo_bringup:/home/redalexdad/GitHub/WalkingRobotSim/install/yolo_msgs:/home/redalexdad/GitHub/WalkingRobotSim/install/unitree_guide2:/home/redalexdad/GitHub/WalkingRobotSim/install/ros2_unitree_legged_control:/home/redalexdad/GitHub/WalkingRobotSim/install/ros2_gazebo:/home/redalexdad/GitHub/WalkingRobotSim/install/go2_description:/home/redalexdad/GitHub/WalkingRobotSim/install/go1_description:/usr/local/libtorch:/opt/unitree_robotics:/opt/ros/jazzy/opt/gz_sim_vendor:/opt/ros/jazzy/opt/gz_sensors_vendor:/opt/ros/jazzy/opt/gz_physics_vendor:/opt/ros/jazzy/opt/sdformat_vendor:/opt/ros/jazzy/opt/gz_gui_vendor:/opt/ros/jazzy/opt/gz_transport_vendor:/opt/ros/jazzy/opt/gz_rendering_vendor:/opt/ros/jazzy/opt/gz_plugin_vendor:/opt/ros/jazzy/opt/gz_fuel_tools_vendor:/opt/ros/jazzy/opt/gz_msgs_vendor:/opt/ros/jazzy/opt/gz_common_vendor:/opt/ros/jazzy/opt/gz_math_vendor:/opt/ros/jazzy/opt/gz_utils_vendor:/opt/ros/jazzy/opt/gz_tools_vendor:/opt/ros/jazzy/opt/gz_ogre_next_vendor:/opt/ros/jazzy/opt/gz_dartsim_vendor:/opt/ros/jazzy/opt/gz_cmake_vendor:/home/redalexdad/GitHub/WalkingRobotSim/install/ros2_yolo_recognition:/home/redalexdad/GitHub/WalkingRobotSim/install/ros2_odometry:/home/redalexdad/GitHub/WalkingRobotSim/install/ros2_navigation:/home/redalexdad/GitHub/WalkingRobotSim/install/ros2_cartography:/opt/ros/jazzy DEBUGINFOD_URLS=https://debuginfod.ubuntu.com LD_LIBRARY_PATH=/home/redalexdad/GitHub/WalkingRobotSim/install/ros2_unitree_legged_msgs/lib:/home/redalexdad/GitHub/WalkingRobotSim/install/yolo_msgs/lib:/home/redalexdad/GitHub/WalkingRobotSim/install/ros2_unitree_legged_control/lib:/opt/ros/jazzy/opt/gz_sim_vendor/lib:/opt/ros/jazzy/opt/gz_sensors_vendor/lib:/opt/ros/jazzy/opt/gz_physics_vendor/lib:/opt/ros/jazzy/opt/sdformat_vendor/lib:/opt/ros/jazzy/opt/rviz_ogre_vendor/lib:/opt/ros/jazzy/lib/x86_64-linux-gnu:/opt/ros/jazzy/opt/gz_gui_vendor/lib:/opt/ros/jazzy/opt/gz_transport_vendor/lib:/opt/ros/jazzy/opt/gz_rendering_vendor/lib:/opt/ros/jazzy/opt/gz_plugin_vendor/lib:/opt/ros/jazzy/opt/gz_fuel_tools_vendor/lib:/opt/ros/jazzy/opt/gz_msgs_vendor/lib:/opt/ros/jazzy/opt/gz_common_vendor/lib:/opt/ros/jazzy/opt/gz_math_vendor/lib:/opt/ros/jazzy/opt/gz_utils_vendor/lib:/opt/ros/jazzy/opt/gz_tools_vendor/lib:/opt/ros/jazzy/opt/gz_ogre_next_vendor/lib:/opt/ros/jazzy/opt/gz_dartsim_vendor/lib:/opt/ros/jazzy/opt/gz_cmake_vendor/lib:/opt/ros/jazzy/lib:/usr/local/cuda-12.9/lib64 PYTHONPATH=/home/redalexdad/GitHub/WalkingRobotSim/install/ros2_unitree_legged_msgs/lib/python3.12/site-packages:/home/redalexdad/GitHub/WalkingRobotSim/install/ros2_yolo_recognition/lib/python3.12/site-packages:/home/redalexdad/GitHub/WalkingRobotSim/install/yolo_msgs/lib/python3.12/site-packages:/home/redalexdad/GitHub/WalkingRobotSim/install/ros2_odometry/lib/python3.12/site-packages:/home/redalexdad/GitHub/WalkingRobotSim/install/ros2_navigation/lib/python3.12/site-packages:/home/redalexdad/GitHub/WalkingRobotSim/install/ros2_cartography/lib/python3.12/site-packages:/opt/ros/jazzy/lib/python3.12/site-packages /usr/bin/cmake --install /home/redalexdad/GitHub/WalkingRobotSim/build/ros2_unitree_legged_control
[42.252s] Level 1:colcon.colcon_core.environment:create_environment_scripts_only(ros2_unitree_legged_control)
[42.253s] Level 1:colcon.colcon_core.environment:checking '/home/redalexdad/GitHub/WalkingRobotSim/install/ros2_unitree_legged_control' for CMake module files
[42.254s] DEBUG:colcon.colcon_core.event_handler.log_command:Invoked command in '/home/redalexdad/GitHub/WalkingRobotSim/build/ros2_unitree_legged_control' returned '0': CMAKE_PREFIX_PATH=/home/redalexdad/GitHub/WalkingRobotSim/install/ros2_unitree_legged_msgs:/home/redalexdad/GitHub/WalkingRobotSim/install/yolo_bringup:/home/redalexdad/GitHub/WalkingRobotSim/install/yolo_msgs:/home/redalexdad/GitHub/WalkingRobotSim/install/unitree_guide2:/home/redalexdad/GitHub/WalkingRobotSim/install/ros2_unitree_legged_control:/home/redalexdad/GitHub/WalkingRobotSim/install/ros2_gazebo:/home/redalexdad/GitHub/WalkingRobotSim/install/go2_description:/home/redalexdad/GitHub/WalkingRobotSim/install/go1_description:/usr/local/libtorch:/opt/unitree_robotics:/opt/ros/jazzy/opt/gz_sim_vendor:/opt/ros/jazzy/opt/gz_sensors_vendor:/opt/ros/jazzy/opt/gz_physics_vendor:/opt/ros/jazzy/opt/sdformat_vendor:/opt/ros/jazzy/opt/gz_gui_vendor:/opt/ros/jazzy/opt/gz_transport_vendor:/opt/ros/jazzy/opt/gz_rendering_vendor:/opt/ros/jazzy/opt/gz_plugin_vendor:/opt/ros/jazzy/opt/gz_fuel_tools_vendor:/opt/ros/jazzy/opt/gz_msgs_vendor:/opt/ros/jazzy/opt/gz_common_vendor:/opt/ros/jazzy/opt/gz_math_vendor:/opt/ros/jazzy/opt/gz_utils_vendor:/opt/ros/jazzy/opt/gz_tools_vendor:/opt/ros/jazzy/opt/gz_ogre_next_vendor:/opt/ros/jazzy/opt/gz_dartsim_vendor:/opt/ros/jazzy/opt/gz_cmake_vendor:/home/redalexdad/GitHub/WalkingRobotSim/install/ros2_yolo_recognition:/home/redalexdad/GitHub/WalkingRobotSim/install/ros2_odometry:/home/redalexdad/GitHub/WalkingRobotSim/install/ros2_navigation:/home/redalexdad/GitHub/WalkingRobotSim/install/ros2_cartography:/opt/ros/jazzy DEBUGINFOD_URLS=https://debuginfod.ubuntu.com LD_LIBRARY_PATH=/home/redalexdad/GitHub/WalkingRobotSim/install/ros2_unitree_legged_msgs/lib:/home/redalexdad/GitHub/WalkingRobotSim/install/yolo_msgs/lib:/home/redalexdad/GitHub/WalkingRobotSim/install/ros2_unitree_legged_control/lib:/opt/ros/jazzy/opt/gz_sim_vendor/lib:/opt/ros/jazzy/opt/gz_sensors_vendor/lib:/opt/ros/jazzy/opt/gz_physics_vendor/lib:/opt/ros/jazzy/opt/sdformat_vendor/lib:/opt/ros/jazzy/opt/rviz_ogre_vendor/lib:/opt/ros/jazzy/lib/x86_64-linux-gnu:/opt/ros/jazzy/opt/gz_gui_vendor/lib:/opt/ros/jazzy/opt/gz_transport_vendor/lib:/opt/ros/jazzy/opt/gz_rendering_vendor/lib:/opt/ros/jazzy/opt/gz_plugin_vendor/lib:/opt/ros/jazzy/opt/gz_fuel_tools_vendor/lib:/opt/ros/jazzy/opt/gz_msgs_vendor/lib:/opt/ros/jazzy/opt/gz_common_vendor/lib:/opt/ros/jazzy/opt/gz_math_vendor/lib:/opt/ros/jazzy/opt/gz_utils_vendor/lib:/opt/ros/jazzy/opt/gz_tools_vendor/lib:/opt/ros/jazzy/opt/gz_ogre_next_vendor/lib:/opt/ros/jazzy/opt/gz_dartsim_vendor/lib:/opt/ros/jazzy/opt/gz_cmake_vendor/lib:/opt/ros/jazzy/lib:/usr/local/cuda-12.9/lib64 PYTHONPATH=/home/redalexdad/GitHub/WalkingRobotSim/install/ros2_unitree_legged_msgs/lib/python3.12/site-packages:/home/redalexdad/GitHub/WalkingRobotSim/install/ros2_yolo_recognition/lib/python3.12/site-packages:/home/redalexdad/GitHub/WalkingRobotSim/install/yolo_msgs/lib/python3.12/site-packages:/home/redalexdad/GitHub/WalkingRobotSim/install/ros2_odometry/lib/python3.12/site-packages:/home/redalexdad/GitHub/WalkingRobotSim/install/ros2_navigation/lib/python3.12/site-packages:/home/redalexdad/GitHub/WalkingRobotSim/install/ros2_cartography/lib/python3.12/site-packages:/opt/ros/jazzy/lib/python3.12/site-packages /usr/bin/cmake --install /home/redalexdad/GitHub/WalkingRobotSim/build/ros2_unitree_legged_control
[42.255s] Level 1:colcon.colcon_core.environment:checking '/home/redalexdad/GitHub/WalkingRobotSim/install/ros2_unitree_legged_control' for CMake config files
[42.255s] Level 1:colcon.colcon_core.shell:create_environment_hook('ros2_unitree_legged_control', 'cmake_prefix_path')
[42.256s] INFO:colcon.colcon_core.shell:Creating environment hook '/home/redalexdad/GitHub/WalkingRobotSim/install/ros2_unitree_legged_control/share/ros2_unitree_legged_control/hook/cmake_prefix_path.ps1'
[42.257s] INFO:colcon.colcon_core.shell:Creating environment descriptor '/home/redalexdad/GitHub/WalkingRobotSim/install/ros2_unitree_legged_control/share/ros2_unitree_legged_control/hook/cmake_prefix_path.dsv'
[42.258s] INFO:colcon.colcon_core.shell:Creating environment hook '/home/redalexdad/GitHub/WalkingRobotSim/install/ros2_unitree_legged_control/share/ros2_unitree_legged_control/hook/cmake_prefix_path.sh'
[42.259s] Level 1:colcon.colcon_core.environment:checking '/home/redalexdad/GitHub/WalkingRobotSim/install/ros2_unitree_legged_control/lib'
[42.259s] Level 1:colcon.colcon_core.environment:checking '/home/redalexdad/GitHub/WalkingRobotSim/install/ros2_unitree_legged_control/bin'
[42.259s] Level 1:colcon.colcon_core.environment:checking '/home/redalexdad/GitHub/WalkingRobotSim/install/ros2_unitree_legged_control/lib/pkgconfig/ros2_unitree_legged_control.pc'
[42.259s] Level 1:colcon.colcon_core.environment:checking '/home/redalexdad/GitHub/WalkingRobotSim/install/ros2_unitree_legged_control/lib/python3.12/site-packages'
[42.260s] Level 1:colcon.colcon_core.environment:checking '/home/redalexdad/GitHub/WalkingRobotSim/install/ros2_unitree_legged_control/bin'
[42.260s] INFO:colcon.colcon_core.shell:Creating package script '/home/redalexdad/GitHub/WalkingRobotSim/install/ros2_unitree_legged_control/share/ros2_unitree_legged_control/package.ps1'
[42.261s] INFO:colcon.colcon_core.shell:Creating package descriptor '/home/redalexdad/GitHub/WalkingRobotSim/install/ros2_unitree_legged_control/share/ros2_unitree_legged_control/package.dsv'
[42.262s] INFO:colcon.colcon_core.shell:Creating package script '/home/redalexdad/GitHub/WalkingRobotSim/install/ros2_unitree_legged_control/share/ros2_unitree_legged_control/package.sh'
[42.263s] INFO:colcon.colcon_core.shell:Creating package script '/home/redalexdad/GitHub/WalkingRobotSim/install/ros2_unitree_legged_control/share/ros2_unitree_legged_control/package.bash'
[42.263s] INFO:colcon.colcon_core.shell:Creating package script '/home/redalexdad/GitHub/WalkingRobotSim/install/ros2_unitree_legged_control/share/ros2_unitree_legged_control/package.zsh'
[42.264s] Level 1:colcon.colcon_core.environment:create_file_with_runtime_dependencies(/home/redalexdad/GitHub/WalkingRobotSim/install/ros2_unitree_legged_control/share/colcon-core/packages/ros2_unitree_legged_control)
[42.265s] Level 1:colcon.colcon_core.environment:create_environment_scripts_only(ros2_unitree_legged_control)
[42.266s] Level 1:colcon.colcon_core.environment:checking '/home/redalexdad/GitHub/WalkingRobotSim/install/ros2_unitree_legged_control' for CMake module files
[42.267s] Level 1:colcon.colcon_core.environment:checking '/home/redalexdad/GitHub/WalkingRobotSim/install/ros2_unitree_legged_control' for CMake config files
[42.268s] Level 1:colcon.colcon_core.shell:create_environment_hook('ros2_unitree_legged_control', 'cmake_prefix_path')
[42.268s] INFO:colcon.colcon_core.shell:Creating environment hook '/home/redalexdad/GitHub/WalkingRobotSim/install/ros2_unitree_legged_control/share/ros2_unitree_legged_control/hook/cmake_prefix_path.ps1'
[42.269s] INFO:colcon.colcon_core.shell:Creating environment descriptor '/home/redalexdad/GitHub/WalkingRobotSim/install/ros2_unitree_legged_control/share/ros2_unitree_legged_control/hook/cmake_prefix_path.dsv'
[42.270s] INFO:colcon.colcon_core.shell:Creating environment hook '/home/redalexdad/GitHub/WalkingRobotSim/install/ros2_unitree_legged_control/share/ros2_unitree_legged_control/hook/cmake_prefix_path.sh'
[42.271s] Level 1:colcon.colcon_core.environment:checking '/home/redalexdad/GitHub/WalkingRobotSim/install/ros2_unitree_legged_control/lib'
[42.271s] Level 1:colcon.colcon_core.environment:checking '/home/redalexdad/GitHub/WalkingRobotSim/install/ros2_unitree_legged_control/bin'
[42.271s] Level 1:colcon.colcon_core.environment:checking '/home/redalexdad/GitHub/WalkingRobotSim/install/ros2_unitree_legged_control/lib/pkgconfig/ros2_unitree_legged_control.pc'
[42.272s] Level 1:colcon.colcon_core.environment:checking '/home/redalexdad/GitHub/WalkingRobotSim/install/ros2_unitree_legged_control/lib/python3.12/site-packages'
[42.272s] Level 1:colcon.colcon_core.environment:checking '/home/redalexdad/GitHub/WalkingRobotSim/install/ros2_unitree_legged_control/bin'
[42.273s] INFO:colcon.colcon_core.shell:Creating package script '/home/redalexdad/GitHub/WalkingRobotSim/install/ros2_unitree_legged_control/share/ros2_unitree_legged_control/package.ps1'
[42.274s] INFO:colcon.colcon_core.shell:Creating package descriptor '/home/redalexdad/GitHub/WalkingRobotSim/install/ros2_unitree_legged_control/share/ros2_unitree_legged_control/package.dsv'
[42.274s] INFO:colcon.colcon_core.shell:Creating package script '/home/redalexdad/GitHub/WalkingRobotSim/install/ros2_unitree_legged_control/share/ros2_unitree_legged_control/package.sh'
[42.275s] INFO:colcon.colcon_core.shell:Creating package script '/home/redalexdad/GitHub/WalkingRobotSim/install/ros2_unitree_legged_control/share/ros2_unitree_legged_control/package.bash'
[42.276s] INFO:colcon.colcon_core.shell:Creating package script '/home/redalexdad/GitHub/WalkingRobotSim/install/ros2_unitree_legged_control/share/ros2_unitree_legged_control/package.zsh'
[42.277s] Level 1:colcon.colcon_core.environment:create_file_with_runtime_dependencies(/home/redalexdad/GitHub/WalkingRobotSim/install/ros2_unitree_legged_control/share/colcon-core/packages/ros2_unitree_legged_control)
[54.953s] DEBUG:colcon.colcon_core.event_handler.log_command:Invoked command in '/home/redalexdad/GitHub/WalkingRobotSim/build/unitree_guide2' returned '0': CMAKE_PREFIX_PATH=/home/redalexdad/GitHub/WalkingRobotSim/install/ros2_unitree_legged_msgs:/home/redalexdad/GitHub/WalkingRobotSim/install/yolo_bringup:/home/redalexdad/GitHub/WalkingRobotSim/install/yolo_msgs:/home/redalexdad/GitHub/WalkingRobotSim/install/unitree_guide2:/home/redalexdad/GitHub/WalkingRobotSim/install/ros2_unitree_legged_control:/home/redalexdad/GitHub/WalkingRobotSim/install/ros2_gazebo:/home/redalexdad/GitHub/WalkingRobotSim/install/go2_description:/home/redalexdad/GitHub/WalkingRobotSim/install/go1_description:/usr/local/libtorch:/opt/unitree_robotics:/opt/ros/jazzy/opt/gz_sim_vendor:/opt/ros/jazzy/opt/gz_sensors_vendor:/opt/ros/jazzy/opt/gz_physics_vendor:/opt/ros/jazzy/opt/sdformat_vendor:/opt/ros/jazzy/opt/gz_gui_vendor:/opt/ros/jazzy/opt/gz_transport_vendor:/opt/ros/jazzy/opt/gz_rendering_vendor:/opt/ros/jazzy/opt/gz_plugin_vendor:/opt/ros/jazzy/opt/gz_fuel_tools_vendor:/opt/ros/jazzy/opt/gz_msgs_vendor:/opt/ros/jazzy/opt/gz_common_vendor:/opt/ros/jazzy/opt/gz_math_vendor:/opt/ros/jazzy/opt/gz_utils_vendor:/opt/ros/jazzy/opt/gz_tools_vendor:/opt/ros/jazzy/opt/gz_ogre_next_vendor:/opt/ros/jazzy/opt/gz_dartsim_vendor:/opt/ros/jazzy/opt/gz_cmake_vendor:/home/redalexdad/GitHub/WalkingRobotSim/install/ros2_yolo_recognition:/home/redalexdad/GitHub/WalkingRobotSim/install/ros2_odometry:/home/redalexdad/GitHub/WalkingRobotSim/install/ros2_navigation:/home/redalexdad/GitHub/WalkingRobotSim/install/ros2_cartography:/opt/ros/jazzy DEBUGINFOD_URLS=https://debuginfod.ubuntu.com LD_LIBRARY_PATH=/home/redalexdad/GitHub/WalkingRobotSim/install/ros2_unitree_legged_msgs/lib:/home/redalexdad/GitHub/WalkingRobotSim/install/yolo_msgs/lib:/home/redalexdad/GitHub/WalkingRobotSim/install/ros2_unitree_legged_control/lib:/opt/ros/jazzy/opt/gz_sim_vendor/lib:/opt/ros/jazzy/opt/gz_sensors_vendor/lib:/opt/ros/jazzy/opt/gz_physics_vendor/lib:/opt/ros/jazzy/opt/sdformat_vendor/lib:/opt/ros/jazzy/opt/rviz_ogre_vendor/lib:/opt/ros/jazzy/lib/x86_64-linux-gnu:/opt/ros/jazzy/opt/gz_gui_vendor/lib:/opt/ros/jazzy/opt/gz_transport_vendor/lib:/opt/ros/jazzy/opt/gz_rendering_vendor/lib:/opt/ros/jazzy/opt/gz_plugin_vendor/lib:/opt/ros/jazzy/opt/gz_fuel_tools_vendor/lib:/opt/ros/jazzy/opt/gz_msgs_vendor/lib:/opt/ros/jazzy/opt/gz_common_vendor/lib:/opt/ros/jazzy/opt/gz_math_vendor/lib:/opt/ros/jazzy/opt/gz_utils_vendor/lib:/opt/ros/jazzy/opt/gz_tools_vendor/lib:/opt/ros/jazzy/opt/gz_ogre_next_vendor/lib:/opt/ros/jazzy/opt/gz_dartsim_vendor/lib:/opt/ros/jazzy/opt/gz_cmake_vendor/lib:/opt/ros/jazzy/lib:/usr/local/cuda-12.9/lib64 PYTHONPATH=/home/redalexdad/GitHub/WalkingRobotSim/install/ros2_unitree_legged_msgs/lib/python3.12/site-packages:/home/redalexdad/GitHub/WalkingRobotSim/install/ros2_yolo_recognition/lib/python3.12/site-packages:/home/redalexdad/GitHub/WalkingRobotSim/install/yolo_msgs/lib/python3.12/site-packages:/home/redalexdad/GitHub/WalkingRobotSim/install/ros2_odometry/lib/python3.12/site-packages:/home/redalexdad/GitHub/WalkingRobotSim/install/ros2_navigation/lib/python3.12/site-packages:/home/redalexdad/GitHub/WalkingRobotSim/install/ros2_cartography/lib/python3.12/site-packages:/opt/ros/jazzy/lib/python3.12/site-packages /usr/bin/cmake --build /home/redalexdad/GitHub/WalkingRobotSim/build/unitree_guide2 -- -j16 -l16
[54.954s] DEBUG:colcon.colcon_core.event_handler.log_command:Invoking command in '/home/redalexdad/GitHub/WalkingRobotSim/build/unitree_guide2': CMAKE_PREFIX_PATH=/home/redalexdad/GitHub/WalkingRobotSim/install/ros2_unitree_legged_msgs:/home/redalexdad/GitHub/WalkingRobotSim/install/yolo_bringup:/home/redalexdad/GitHub/WalkingRobotSim/install/yolo_msgs:/home/redalexdad/GitHub/WalkingRobotSim/install/unitree_guide2:/home/redalexdad/GitHub/WalkingRobotSim/install/ros2_unitree_legged_control:/home/redalexdad/GitHub/WalkingRobotSim/install/ros2_gazebo:/home/redalexdad/GitHub/WalkingRobotSim/install/go2_description:/home/redalexdad/GitHub/WalkingRobotSim/install/go1_description:/usr/local/libtorch:/opt/unitree_robotics:/opt/ros/jazzy/opt/gz_sim_vendor:/opt/ros/jazzy/opt/gz_sensors_vendor:/opt/ros/jazzy/opt/gz_physics_vendor:/opt/ros/jazzy/opt/sdformat_vendor:/opt/ros/jazzy/opt/gz_gui_vendor:/opt/ros/jazzy/opt/gz_transport_vendor:/opt/ros/jazzy/opt/gz_rendering_vendor:/opt/ros/jazzy/opt/gz_plugin_vendor:/opt/ros/jazzy/opt/gz_fuel_tools_vendor:/opt/ros/jazzy/opt/gz_msgs_vendor:/opt/ros/jazzy/opt/gz_common_vendor:/opt/ros/jazzy/opt/gz_math_vendor:/opt/ros/jazzy/opt/gz_utils_vendor:/opt/ros/jazzy/opt/gz_tools_vendor:/opt/ros/jazzy/opt/gz_ogre_next_vendor:/opt/ros/jazzy/opt/gz_dartsim_vendor:/opt/ros/jazzy/opt/gz_cmake_vendor:/home/redalexdad/GitHub/WalkingRobotSim/install/ros2_yolo_recognition:/home/redalexdad/GitHub/WalkingRobotSim/install/ros2_odometry:/home/redalexdad/GitHub/WalkingRobotSim/install/ros2_navigation:/home/redalexdad/GitHub/WalkingRobotSim/install/ros2_cartography:/opt/ros/jazzy DEBUGINFOD_URLS=https://debuginfod.ubuntu.com LD_LIBRARY_PATH=/home/redalexdad/GitHub/WalkingRobotSim/install/ros2_unitree_legged_msgs/lib:/home/redalexdad/GitHub/WalkingRobotSim/install/yolo_msgs/lib:/home/redalexdad/GitHub/WalkingRobotSim/install/ros2_unitree_legged_control/lib:/opt/ros/jazzy/opt/gz_sim_vendor/lib:/opt/ros/jazzy/opt/gz_sensors_vendor/lib:/opt/ros/jazzy/opt/gz_physics_vendor/lib:/opt/ros/jazzy/opt/sdformat_vendor/lib:/opt/ros/jazzy/opt/rviz_ogre_vendor/lib:/opt/ros/jazzy/lib/x86_64-linux-gnu:/opt/ros/jazzy/opt/gz_gui_vendor/lib:/opt/ros/jazzy/opt/gz_transport_vendor/lib:/opt/ros/jazzy/opt/gz_rendering_vendor/lib:/opt/ros/jazzy/opt/gz_plugin_vendor/lib:/opt/ros/jazzy/opt/gz_fuel_tools_vendor/lib:/opt/ros/jazzy/opt/gz_msgs_vendor/lib:/opt/ros/jazzy/opt/gz_common_vendor/lib:/opt/ros/jazzy/opt/gz_math_vendor/lib:/opt/ros/jazzy/opt/gz_utils_vendor/lib:/opt/ros/jazzy/opt/gz_tools_vendor/lib:/opt/ros/jazzy/opt/gz_ogre_next_vendor/lib:/opt/ros/jazzy/opt/gz_dartsim_vendor/lib:/opt/ros/jazzy/opt/gz_cmake_vendor/lib:/opt/ros/jazzy/lib:/usr/local/cuda-12.9/lib64 PYTHONPATH=/home/redalexdad/GitHub/WalkingRobotSim/install/ros2_unitree_legged_msgs/lib/python3.12/site-packages:/home/redalexdad/GitHub/WalkingRobotSim/install/ros2_yolo_recognition/lib/python3.12/site-packages:/home/redalexdad/GitHub/WalkingRobotSim/install/yolo_msgs/lib/python3.12/site-packages:/home/redalexdad/GitHub/WalkingRobotSim/install/ros2_odometry/lib/python3.12/site-packages:/home/redalexdad/GitHub/WalkingRobotSim/install/ros2_navigation/lib/python3.12/site-packages:/home/redalexdad/GitHub/WalkingRobotSim/install/ros2_cartography/lib/python3.12/site-packages:/opt/ros/jazzy/lib/python3.12/site-packages /usr/bin/cmake --install /home/redalexdad/GitHub/WalkingRobotSim/build/unitree_guide2
[54.982s] Level 1:colcon.colcon_core.environment:create_environment_scripts_only(unitree_guide2)
[54.982s] Level 1:colcon.colcon_core.environment:checking '/home/redalexdad/GitHub/WalkingRobotSim/install/unitree_guide2' for CMake module files
[54.983s] DEBUG:colcon.colcon_core.event_handler.log_command:Invoked command in '/home/redalexdad/GitHub/WalkingRobotSim/build/unitree_guide2' returned '0': CMAKE_PREFIX_PATH=/home/redalexdad/GitHub/WalkingRobotSim/install/ros2_unitree_legged_msgs:/home/redalexdad/GitHub/WalkingRobotSim/install/yolo_bringup:/home/redalexdad/GitHub/WalkingRobotSim/install/yolo_msgs:/home/redalexdad/GitHub/WalkingRobotSim/install/unitree_guide2:/home/redalexdad/GitHub/WalkingRobotSim/install/ros2_unitree_legged_control:/home/redalexdad/GitHub/WalkingRobotSim/install/ros2_gazebo:/home/redalexdad/GitHub/WalkingRobotSim/install/go2_description:/home/redalexdad/GitHub/WalkingRobotSim/install/go1_description:/usr/local/libtorch:/opt/unitree_robotics:/opt/ros/jazzy/opt/gz_sim_vendor:/opt/ros/jazzy/opt/gz_sensors_vendor:/opt/ros/jazzy/opt/gz_physics_vendor:/opt/ros/jazzy/opt/sdformat_vendor:/opt/ros/jazzy/opt/gz_gui_vendor:/opt/ros/jazzy/opt/gz_transport_vendor:/opt/ros/jazzy/opt/gz_rendering_vendor:/opt/ros/jazzy/opt/gz_plugin_vendor:/opt/ros/jazzy/opt/gz_fuel_tools_vendor:/opt/ros/jazzy/opt/gz_msgs_vendor:/opt/ros/jazzy/opt/gz_common_vendor:/opt/ros/jazzy/opt/gz_math_vendor:/opt/ros/jazzy/opt/gz_utils_vendor:/opt/ros/jazzy/opt/gz_tools_vendor:/opt/ros/jazzy/opt/gz_ogre_next_vendor:/opt/ros/jazzy/opt/gz_dartsim_vendor:/opt/ros/jazzy/opt/gz_cmake_vendor:/home/redalexdad/GitHub/WalkingRobotSim/install/ros2_yolo_recognition:/home/redalexdad/GitHub/WalkingRobotSim/install/ros2_odometry:/home/redalexdad/GitHub/WalkingRobotSim/install/ros2_navigation:/home/redalexdad/GitHub/WalkingRobotSim/install/ros2_cartography:/opt/ros/jazzy DEBUGINFOD_URLS=https://debuginfod.ubuntu.com LD_LIBRARY_PATH=/home/redalexdad/GitHub/WalkingRobotSim/install/ros2_unitree_legged_msgs/lib:/home/redalexdad/GitHub/WalkingRobotSim/install/yolo_msgs/lib:/home/redalexdad/GitHub/WalkingRobotSim/install/ros2_unitree_legged_control/lib:/opt/ros/jazzy/opt/gz_sim_vendor/lib:/opt/ros/jazzy/opt/gz_sensors_vendor/lib:/opt/ros/jazzy/opt/gz_physics_vendor/lib:/opt/ros/jazzy/opt/sdformat_vendor/lib:/opt/ros/jazzy/opt/rviz_ogre_vendor/lib:/opt/ros/jazzy/lib/x86_64-linux-gnu:/opt/ros/jazzy/opt/gz_gui_vendor/lib:/opt/ros/jazzy/opt/gz_transport_vendor/lib:/opt/ros/jazzy/opt/gz_rendering_vendor/lib:/opt/ros/jazzy/opt/gz_plugin_vendor/lib:/opt/ros/jazzy/opt/gz_fuel_tools_vendor/lib:/opt/ros/jazzy/opt/gz_msgs_vendor/lib:/opt/ros/jazzy/opt/gz_common_vendor/lib:/opt/ros/jazzy/opt/gz_math_vendor/lib:/opt/ros/jazzy/opt/gz_utils_vendor/lib:/opt/ros/jazzy/opt/gz_tools_vendor/lib:/opt/ros/jazzy/opt/gz_ogre_next_vendor/lib:/opt/ros/jazzy/opt/gz_dartsim_vendor/lib:/opt/ros/jazzy/opt/gz_cmake_vendor/lib:/opt/ros/jazzy/lib:/usr/local/cuda-12.9/lib64 PYTHONPATH=/home/redalexdad/GitHub/WalkingRobotSim/install/ros2_unitree_legged_msgs/lib/python3.12/site-packages:/home/redalexdad/GitHub/WalkingRobotSim/install/ros2_yolo_recognition/lib/python3.12/site-packages:/home/redalexdad/GitHub/WalkingRobotSim/install/yolo_msgs/lib/python3.12/site-packages:/home/redalexdad/GitHub/WalkingRobotSim/install/ros2_odometry/lib/python3.12/site-packages:/home/redalexdad/GitHub/WalkingRobotSim/install/ros2_navigation/lib/python3.12/site-packages:/home/redalexdad/GitHub/WalkingRobotSim/install/ros2_cartography/lib/python3.12/site-packages:/opt/ros/jazzy/lib/python3.12/site-packages /usr/bin/cmake --install /home/redalexdad/GitHub/WalkingRobotSim/build/unitree_guide2
[54.984s] Level 1:colcon.colcon_core.environment:checking '/home/redalexdad/GitHub/WalkingRobotSim/install/unitree_guide2' for CMake config files
[54.984s] Level 1:colcon.colcon_core.shell:create_environment_hook('unitree_guide2', 'cmake_prefix_path')
[54.984s] INFO:colcon.colcon_core.shell:Creating environment hook '/home/redalexdad/GitHub/WalkingRobotSim/install/unitree_guide2/share/unitree_guide2/hook/cmake_prefix_path.ps1'
[54.984s] INFO:colcon.colcon_core.shell:Creating environment descriptor '/home/redalexdad/GitHub/WalkingRobotSim/install/unitree_guide2/share/unitree_guide2/hook/cmake_prefix_path.dsv'
[54.985s] INFO:colcon.colcon_core.shell:Creating environment hook '/home/redalexdad/GitHub/WalkingRobotSim/install/unitree_guide2/share/unitree_guide2/hook/cmake_prefix_path.sh'
[54.985s] Level 1:colcon.colcon_core.environment:checking '/home/redalexdad/GitHub/WalkingRobotSim/install/unitree_guide2/lib'
[54.985s] Level 1:colcon.colcon_core.environment:checking '/home/redalexdad/GitHub/WalkingRobotSim/install/unitree_guide2/bin'
[54.985s] Level 1:colcon.colcon_core.environment:checking '/home/redalexdad/GitHub/WalkingRobotSim/install/unitree_guide2/lib/pkgconfig/unitree_guide2.pc'
[54.985s] Level 1:colcon.colcon_core.environment:checking '/home/redalexdad/GitHub/WalkingRobotSim/install/unitree_guide2/lib/python3.12/site-packages'
[54.986s] Level 1:colcon.colcon_core.environment:checking '/home/redalexdad/GitHub/WalkingRobotSim/install/unitree_guide2/bin'
[54.986s] INFO:colcon.colcon_core.shell:Creating package script '/home/redalexdad/GitHub/WalkingRobotSim/install/unitree_guide2/share/unitree_guide2/package.ps1'
[54.986s] INFO:colcon.colcon_core.shell:Creating package descriptor '/home/redalexdad/GitHub/WalkingRobotSim/install/unitree_guide2/share/unitree_guide2/package.dsv'
[54.987s] INFO:colcon.colcon_core.shell:Creating package script '/home/redalexdad/GitHub/WalkingRobotSim/install/unitree_guide2/share/unitree_guide2/package.sh'
[54.987s] INFO:colcon.colcon_core.shell:Creating package script '/home/redalexdad/GitHub/WalkingRobotSim/install/unitree_guide2/share/unitree_guide2/package.bash'
[54.987s] INFO:colcon.colcon_core.shell:Creating package script '/home/redalexdad/GitHub/WalkingRobotSim/install/unitree_guide2/share/unitree_guide2/package.zsh'
[54.988s] Level 1:colcon.colcon_core.environment:create_file_with_runtime_dependencies(/home/redalexdad/GitHub/WalkingRobotSim/install/unitree_guide2/share/colcon-core/packages/unitree_guide2)
[54.988s] Level 1:colcon.colcon_core.environment:create_environment_scripts_only(unitree_guide2)
[54.988s] Level 1:colcon.colcon_core.environment:checking '/home/redalexdad/GitHub/WalkingRobotSim/install/unitree_guide2' for CMake module files
[54.989s] Level 1:colcon.colcon_core.environment:checking '/home/redalexdad/GitHub/WalkingRobotSim/install/unitree_guide2' for CMake config files
[54.989s] Level 1:colcon.colcon_core.shell:create_environment_hook('unitree_guide2', 'cmake_prefix_path')
[54.989s] INFO:colcon.colcon_core.shell:Creating environment hook '/home/redalexdad/GitHub/WalkingRobotSim/install/unitree_guide2/share/unitree_guide2/hook/cmake_prefix_path.ps1'
[54.989s] INFO:colcon.colcon_core.shell:Creating environment descriptor '/home/redalexdad/GitHub/WalkingRobotSim/install/unitree_guide2/share/unitree_guide2/hook/cmake_prefix_path.dsv'
[54.990s] INFO:colcon.colcon_core.shell:Creating environment hook '/home/redalexdad/GitHub/WalkingRobotSim/install/unitree_guide2/share/unitree_guide2/hook/cmake_prefix_path.sh'
[54.990s] Level 1:colcon.colcon_core.environment:checking '/home/redalexdad/GitHub/WalkingRobotSim/install/unitree_guide2/lib'
[54.990s] Level 1:colcon.colcon_core.environment:checking '/home/redalexdad/GitHub/WalkingRobotSim/install/unitree_guide2/bin'
[54.990s] Level 1:colcon.colcon_core.environment:checking '/home/redalexdad/GitHub/WalkingRobotSim/install/unitree_guide2/lib/pkgconfig/unitree_guide2.pc'
[54.991s] Level 1:colcon.colcon_core.environment:checking '/home/redalexdad/GitHub/WalkingRobotSim/install/unitree_guide2/lib/python3.12/site-packages'
[54.991s] Level 1:colcon.colcon_core.environment:checking '/home/redalexdad/GitHub/WalkingRobotSim/install/unitree_guide2/bin'
[54.991s] INFO:colcon.colcon_core.shell:Creating package script '/home/redalexdad/GitHub/WalkingRobotSim/install/unitree_guide2/share/unitree_guide2/package.ps1'
[54.991s] INFO:colcon.colcon_core.shell:Creating package descriptor '/home/redalexdad/GitHub/WalkingRobotSim/install/unitree_guide2/share/unitree_guide2/package.dsv'
[54.992s] INFO:colcon.colcon_core.shell:Creating package script '/home/redalexdad/GitHub/WalkingRobotSim/install/unitree_guide2/share/unitree_guide2/package.sh'
[54.992s] INFO:colcon.colcon_core.shell:Creating package script '/home/redalexdad/GitHub/WalkingRobotSim/install/unitree_guide2/share/unitree_guide2/package.bash'
[54.993s] INFO:colcon.colcon_core.shell:Creating package script '/home/redalexdad/GitHub/WalkingRobotSim/install/unitree_guide2/share/unitree_guide2/package.zsh'
[54.993s] Level 1:colcon.colcon_core.environment:create_file_with_runtime_dependencies(/home/redalexdad/GitHub/WalkingRobotSim/install/unitree_guide2/share/colcon-core/packages/unitree_guide2)
[54.993s] DEBUG:colcon.colcon_parallel_executor.executor.parallel:closing loop
[54.995s] DEBUG:colcon.colcon_parallel_executor.executor.parallel:loop closed
[54.995s] DEBUG:colcon.colcon_parallel_executor.executor.parallel:run_until_complete finished with '0'
[54.995s] DEBUG:colcon.colcon_core.event_reactor:joining thread
[55.016s] INFO:colcon.colcon_core.plugin_system:Skipping extension 'colcon_notification.desktop_notification.terminal_notifier': Not used on non-Darwin systems
[55.016s] INFO:colcon.colcon_core.plugin_system:Skipping extension 'colcon_notification.desktop_notification.win32': Not used on non-Windows systems
[55.016s] INFO:colcon.colcon_notification.desktop_notification:Sending desktop notification using 'notify2'
[55.050s] DEBUG:colcon.colcon_core.event_reactor:joined thread
[55.051s] INFO:colcon.colcon_core.shell:Creating prefix script '/home/redalexdad/GitHub/WalkingRobotSim/install/local_setup.ps1'
[55.053s] INFO:colcon.colcon_core.shell:Creating prefix util module '/home/redalexdad/GitHub/WalkingRobotSim/install/_local_setup_util_ps1.py'
[55.055s] INFO:colcon.colcon_core.shell:Creating prefix chain script '/home/redalexdad/GitHub/WalkingRobotSim/install/setup.ps1'
[55.059s] INFO:colcon.colcon_core.shell:Creating prefix script '/home/redalexdad/GitHub/WalkingRobotSim/install/local_setup.sh'
[55.060s] INFO:colcon.colcon_core.shell:Creating prefix util module '/home/redalexdad/GitHub/WalkingRobotSim/install/_local_setup_util_sh.py'
[55.061s] INFO:colcon.colcon_core.shell:Creating prefix chain script '/home/redalexdad/GitHub/WalkingRobotSim/install/setup.sh'
[55.064s] INFO:colcon.colcon_core.shell:Creating prefix script '/home/redalexdad/GitHub/WalkingRobotSim/install/local_setup.bash'
[55.065s] INFO:colcon.colcon_core.shell:Creating prefix chain script '/home/redalexdad/GitHub/WalkingRobotSim/install/setup.bash'
[55.069s] INFO:colcon.colcon_core.shell:Creating prefix script '/home/redalexdad/GitHub/WalkingRobotSim/install/local_setup.zsh'
[55.070s] INFO:colcon.colcon_core.shell:Creating prefix chain script '/home/redalexdad/GitHub/WalkingRobotSim/install/setup.zsh'
