[0.189s] DEBUG:colcon:Command line arguments: ['/usr/bin/colcon', 'build']
[0.189s] DEBUG:colcon:Parsed command line arguments: Namespace(log_base=None, log_level=None, verb_name='build', build_base='build', install_base='install', merge_install=False, symlink_install=False, test_result_base=None, continue_on_error=False, executor='parallel', parallel_workers=16, event_handlers=None, ignore_user_meta=False, metas=['./colcon.meta'], base_paths=['.'], packages_ignore=None, packages_ignore_regex=None, paths=None, packages_up_to=None, packages_up_to_regex=None, packages_above=None, packages_above_and_dependencies=None, packages_above_depth=None, packages_select_by_dep=None, packages_skip_by_dep=None, packages_skip_up_to=None, packages_select_build_failed=False, packages_skip_build_finished=False, packages_select_test_failures=False, packages_skip_test_passed=False, packages_select=None, packages_skip=None, packages_select_regex=None, packages_skip_regex=None, packages_start=None, packages_end=None, allow_overriding=[], cargo_args=None, clean_build=False, cmake_args=None, cmake_target=None, cmake_target_skip_unavailable=False, cmake_clean_cache=False, cmake_clean_first=False, cmake_force_configure=False, lookup_in_workspace=False, ament_cmake_args=None, catkin_cmake_args=None, catkin_skip_building_tests=False, mixin_files=None, mixin=None, verb_parser=<colcon_mixin.mixin.mixin_argument.MixinArgumentDecorator object at 0x76aaaeaf2c90>, verb_extension=<colcon_core.verb.build.BuildVerb object at 0x76aaaeaf2840>, main=<bound method BuildVerb.main of <colcon_core.verb.build.BuildVerb object at 0x76aaaeaf2840>>, mixin_verb=('build',))
[0.244s] Level 1:colcon.colcon_core.package_discovery:discover_packages(colcon_meta) check parameters
[0.244s] Level 1:colcon.colcon_core.package_discovery:discover_packages(recursive) check parameters
[0.244s] Level 1:colcon.colcon_core.package_discovery:discover_packages(ignore) check parameters
[0.244s] Level 1:colcon.colcon_core.package_discovery:discover_packages(path) check parameters
[0.244s] Level 1:colcon.colcon_core.package_discovery:discover_packages(cargo_workspace) check parameters
[0.244s] Level 1:colcon.colcon_core.package_discovery:discover_packages(colcon_meta) discover
[0.244s] Level 1:colcon.colcon_core.package_discovery:discover_packages(recursive) discover
[0.244s] INFO:colcon.colcon_core.package_discovery:Crawling recursively for packages in '/home/redalexdad/GitHub/WalkingRobotSim'
[0.245s] Level 1:colcon.colcon_core.package_identification:_identify(.) by extensions ['ignore', 'ignore_ament_install']
[0.245s] Level 1:colcon.colcon_core.package_identification:_identify(.) by extension 'ignore'
[0.245s] Level 1:colcon.colcon_core.package_identification:_identify(.) by extension 'ignore_ament_install'
[0.245s] Level 1:colcon.colcon_core.package_identification:_identify(.) by extensions ['cargo_workspace']
[0.245s] Level 1:colcon.colcon_core.package_identification:_identify(.) by extension 'cargo_workspace'
[0.245s] Level 1:colcon.colcon_core.package_identification:_identify(.) by extensions ['colcon_pkg']
[0.245s] Level 1:colcon.colcon_core.package_identification:_identify(.) by extension 'colcon_pkg'
[0.245s] Level 1:colcon.colcon_core.package_identification:_identify(.) by extensions ['colcon_meta']
[0.245s] Level 1:colcon.colcon_core.package_identification:_identify(.) by extension 'colcon_meta'
[0.245s] Level 1:colcon.colcon_core.package_identification:_identify(.) by extensions ['ros']
[0.245s] Level 1:colcon.colcon_core.package_identification:_identify(.) by extension 'ros'
[0.270s] Level 1:colcon.colcon_core.package_identification:_identify(.) by extensions ['cargo', 'cmake', 'python']
[0.270s] Level 1:colcon.colcon_core.package_identification:_identify(.) by extension 'cargo'
[0.270s] Level 1:colcon.colcon_core.package_identification:_identify(.) by extension 'cmake'
[0.270s] Level 1:colcon.colcon_core.package_identification:_identify(.) by extension 'python'
[0.270s] Level 1:colcon.colcon_core.package_identification:_identify(.) by extensions ['python_setup_py']
[0.270s] Level 1:colcon.colcon_core.package_identification:_identify(.) by extension 'python_setup_py'
[0.270s] Level 1:colcon.colcon_core.package_identification:_identify(build) by extensions ['ignore', 'ignore_ament_install']
[0.270s] Level 1:colcon.colcon_core.package_identification:_identify(build) by extension 'ignore'
[0.270s] Level 1:colcon.colcon_core.package_identification:_identify(build) ignored
[0.270s] Level 1:colcon.colcon_core.package_identification:_identify(docs) by extensions ['ignore', 'ignore_ament_install']
[0.270s] Level 1:colcon.colcon_core.package_identification:_identify(docs) by extension 'ignore'
[0.270s] Level 1:colcon.colcon_core.package_identification:_identify(docs) by extension 'ignore_ament_install'
[0.270s] Level 1:colcon.colcon_core.package_identification:_identify(docs) by extensions ['cargo_workspace']
[0.270s] Level 1:colcon.colcon_core.package_identification:_identify(docs) by extension 'cargo_workspace'
[0.270s] Level 1:colcon.colcon_core.package_identification:_identify(docs) by extensions ['colcon_pkg']
[0.271s] Level 1:colcon.colcon_core.package_identification:_identify(docs) by extension 'colcon_pkg'
[0.271s] Level 1:colcon.colcon_core.package_identification:_identify(docs) by extensions ['colcon_meta']
[0.271s] Level 1:colcon.colcon_core.package_identification:_identify(docs) by extension 'colcon_meta'
[0.271s] Level 1:colcon.colcon_core.package_identification:_identify(docs) by extensions ['ros']
[0.271s] Level 1:colcon.colcon_core.package_identification:_identify(docs) by extension 'ros'
[0.271s] Level 1:colcon.colcon_core.package_identification:_identify(docs) by extensions ['cargo', 'cmake', 'python']
[0.271s] Level 1:colcon.colcon_core.package_identification:_identify(docs) by extension 'cargo'
[0.271s] Level 1:colcon.colcon_core.package_identification:_identify(docs) by extension 'cmake'
[0.271s] Level 1:colcon.colcon_core.package_identification:_identify(docs) by extension 'python'
[0.271s] Level 1:colcon.colcon_core.package_identification:_identify(docs) by extensions ['python_setup_py']
[0.271s] Level 1:colcon.colcon_core.package_identification:_identify(docs) by extension 'python_setup_py'
[0.271s] Level 1:colcon.colcon_core.package_identification:_identify(install) by extensions ['ignore', 'ignore_ament_install']
[0.271s] Level 1:colcon.colcon_core.package_identification:_identify(install) by extension 'ignore'
[0.271s] Level 1:colcon.colcon_core.package_identification:_identify(install) ignored
[0.271s] Level 1:colcon.colcon_core.package_identification:_identify(log) by extensions ['ignore', 'ignore_ament_install']
[0.271s] Level 1:colcon.colcon_core.package_identification:_identify(log) by extension 'ignore'
[0.271s] Level 1:colcon.colcon_core.package_identification:_identify(log) ignored
[0.271s] Level 1:colcon.colcon_core.package_identification:_identify(src) by extensions ['ignore', 'ignore_ament_install']
[0.271s] Level 1:colcon.colcon_core.package_identification:_identify(src) by extension 'ignore'
[0.271s] Level 1:colcon.colcon_core.package_identification:_identify(src) by extension 'ignore_ament_install'
[0.271s] Level 1:colcon.colcon_core.package_identification:_identify(src) by extensions ['cargo_workspace']
[0.272s] Level 1:colcon.colcon_core.package_identification:_identify(src) by extension 'cargo_workspace'
[0.272s] Level 1:colcon.colcon_core.package_identification:_identify(src) by extensions ['colcon_pkg']
[0.272s] Level 1:colcon.colcon_core.package_identification:_identify(src) by extension 'colcon_pkg'
[0.272s] Level 1:colcon.colcon_core.package_identification:_identify(src) by extensions ['colcon_meta']
[0.272s] Level 1:colcon.colcon_core.package_identification:_identify(src) by extension 'colcon_meta'
[0.272s] Level 1:colcon.colcon_core.package_identification:_identify(src) by extensions ['ros']
[0.272s] Level 1:colcon.colcon_core.package_identification:_identify(src) by extension 'ros'
[0.272s] Level 1:colcon.colcon_core.package_identification:_identify(src) by extensions ['cargo', 'cmake', 'python']
[0.272s] Level 1:colcon.colcon_core.package_identification:_identify(src) by extension 'cargo'
[0.272s] Level 1:colcon.colcon_core.package_identification:_identify(src) by extension 'cmake'
[0.272s] Level 1:colcon.colcon_core.package_identification:_identify(src) by extension 'python'
[0.272s] Level 1:colcon.colcon_core.package_identification:_identify(src) by extensions ['python_setup_py']
[0.272s] Level 1:colcon.colcon_core.package_identification:_identify(src) by extension 'python_setup_py'
[0.272s] Level 1:colcon.colcon_core.package_identification:_identify(src/go1_description) by extensions ['ignore', 'ignore_ament_install']
[0.272s] Level 1:colcon.colcon_core.package_identification:_identify(src/go1_description) by extension 'ignore'
[0.272s] Level 1:colcon.colcon_core.package_identification:_identify(src/go1_description) by extension 'ignore_ament_install'
[0.272s] Level 1:colcon.colcon_core.package_identification:_identify(src/go1_description) by extensions ['cargo_workspace']
[0.272s] Level 1:colcon.colcon_core.package_identification:_identify(src/go1_description) by extension 'cargo_workspace'
[0.272s] Level 1:colcon.colcon_core.package_identification:_identify(src/go1_description) by extensions ['colcon_pkg']
[0.272s] Level 1:colcon.colcon_core.package_identification:_identify(src/go1_description) by extension 'colcon_pkg'
[0.272s] Level 1:colcon.colcon_core.package_identification:_identify(src/go1_description) by extensions ['colcon_meta']
[0.272s] Level 1:colcon.colcon_core.package_identification:_identify(src/go1_description) by extension 'colcon_meta'
[0.272s] Level 1:colcon.colcon_core.package_identification:_identify(src/go1_description) by extensions ['ros']
[0.272s] Level 1:colcon.colcon_core.package_identification:_identify(src/go1_description) by extension 'ros'
[0.275s] DEBUG:colcon.colcon_core.package_identification:Package 'src/go1_description' with type 'ros.ament_cmake' and name 'go1_description'
[0.275s] Level 1:colcon.colcon_core.package_identification:_identify(src/go2_description) by extensions ['ignore', 'ignore_ament_install']
[0.275s] Level 1:colcon.colcon_core.package_identification:_identify(src/go2_description) by extension 'ignore'
[0.275s] Level 1:colcon.colcon_core.package_identification:_identify(src/go2_description) by extension 'ignore_ament_install'
[0.275s] Level 1:colcon.colcon_core.package_identification:_identify(src/go2_description) by extensions ['cargo_workspace']
[0.275s] Level 1:colcon.colcon_core.package_identification:_identify(src/go2_description) by extension 'cargo_workspace'
[0.275s] Level 1:colcon.colcon_core.package_identification:_identify(src/go2_description) by extensions ['colcon_pkg']
[0.275s] Level 1:colcon.colcon_core.package_identification:_identify(src/go2_description) by extension 'colcon_pkg'
[0.275s] Level 1:colcon.colcon_core.package_identification:_identify(src/go2_description) by extensions ['colcon_meta']
[0.275s] Level 1:colcon.colcon_core.package_identification:_identify(src/go2_description) by extension 'colcon_meta'
[0.275s] Level 1:colcon.colcon_core.package_identification:_identify(src/go2_description) by extensions ['ros']
[0.275s] Level 1:colcon.colcon_core.package_identification:_identify(src/go2_description) by extension 'ros'
[0.276s] DEBUG:colcon.colcon_core.package_identification:Package 'src/go2_description' with type 'ros.ament_cmake' and name 'go2_description'
[0.276s] Level 1:colcon.colcon_core.package_identification:_identify(src/ros2_cartography) by extensions ['ignore', 'ignore_ament_install']
[0.276s] Level 1:colcon.colcon_core.package_identification:_identify(src/ros2_cartography) by extension 'ignore'
[0.276s] Level 1:colcon.colcon_core.package_identification:_identify(src/ros2_cartography) by extension 'ignore_ament_install'
[0.276s] Level 1:colcon.colcon_core.package_identification:_identify(src/ros2_cartography) by extensions ['cargo_workspace']
[0.276s] Level 1:colcon.colcon_core.package_identification:_identify(src/ros2_cartography) by extension 'cargo_workspace'
[0.276s] Level 1:colcon.colcon_core.package_identification:_identify(src/ros2_cartography) by extensions ['colcon_pkg']
[0.276s] Level 1:colcon.colcon_core.package_identification:_identify(src/ros2_cartography) by extension 'colcon_pkg'
[0.276s] Level 1:colcon.colcon_core.package_identification:_identify(src/ros2_cartography) by extensions ['colcon_meta']
[0.276s] Level 1:colcon.colcon_core.package_identification:_identify(src/ros2_cartography) by extension 'colcon_meta'
[0.276s] Level 1:colcon.colcon_core.package_identification:_identify(src/ros2_cartography) by extensions ['ros']
[0.276s] Level 1:colcon.colcon_core.package_identification:_identify(src/ros2_cartography) by extension 'ros'
[0.277s] DEBUG:colcon.colcon_core.package_identification:Package 'src/ros2_cartography' with type 'ros.ament_python' and name 'ros2_cartography'
[0.277s] Level 1:colcon.colcon_core.package_identification:_identify(src/ros2_gazebo) by extensions ['ignore', 'ignore_ament_install']
[0.277s] Level 1:colcon.colcon_core.package_identification:_identify(src/ros2_gazebo) by extension 'ignore'
[0.277s] Level 1:colcon.colcon_core.package_identification:_identify(src/ros2_gazebo) by extension 'ignore_ament_install'
[0.277s] Level 1:colcon.colcon_core.package_identification:_identify(src/ros2_gazebo) by extensions ['cargo_workspace']
[0.277s] Level 1:colcon.colcon_core.package_identification:_identify(src/ros2_gazebo) by extension 'cargo_workspace'
[0.277s] Level 1:colcon.colcon_core.package_identification:_identify(src/ros2_gazebo) by extensions ['colcon_pkg']
[0.277s] Level 1:colcon.colcon_core.package_identification:_identify(src/ros2_gazebo) by extension 'colcon_pkg'
[0.277s] Level 1:colcon.colcon_core.package_identification:_identify(src/ros2_gazebo) by extensions ['colcon_meta']
[0.277s] Level 1:colcon.colcon_core.package_identification:_identify(src/ros2_gazebo) by extension 'colcon_meta'
[0.277s] Level 1:colcon.colcon_core.package_identification:_identify(src/ros2_gazebo) by extensions ['ros']
[0.277s] Level 1:colcon.colcon_core.package_identification:_identify(src/ros2_gazebo) by extension 'ros'
[0.278s] DEBUG:colcon.colcon_core.package_identification:Package 'src/ros2_gazebo' with type 'ros.ament_cmake' and name 'ros2_gazebo'
[0.278s] Level 1:colcon.colcon_core.package_identification:_identify(src/ros2_navigation) by extensions ['ignore', 'ignore_ament_install']
[0.278s] Level 1:colcon.colcon_core.package_identification:_identify(src/ros2_navigation) by extension 'ignore'
[0.278s] Level 1:colcon.colcon_core.package_identification:_identify(src/ros2_navigation) by extension 'ignore_ament_install'
[0.279s] Level 1:colcon.colcon_core.package_identification:_identify(src/ros2_navigation) by extensions ['cargo_workspace']
[0.279s] Level 1:colcon.colcon_core.package_identification:_identify(src/ros2_navigation) by extension 'cargo_workspace'
[0.279s] Level 1:colcon.colcon_core.package_identification:_identify(src/ros2_navigation) by extensions ['colcon_pkg']
[0.279s] Level 1:colcon.colcon_core.package_identification:_identify(src/ros2_navigation) by extension 'colcon_pkg'
[0.279s] Level 1:colcon.colcon_core.package_identification:_identify(src/ros2_navigation) by extensions ['colcon_meta']
[0.279s] Level 1:colcon.colcon_core.package_identification:_identify(src/ros2_navigation) by extension 'colcon_meta'
[0.279s] Level 1:colcon.colcon_core.package_identification:_identify(src/ros2_navigation) by extensions ['ros']
[0.279s] Level 1:colcon.colcon_core.package_identification:_identify(src/ros2_navigation) by extension 'ros'
[0.279s] DEBUG:colcon.colcon_core.package_identification:Package 'src/ros2_navigation' with type 'ros.ament_python' and name 'ros2_navigation'
[0.279s] Level 1:colcon.colcon_core.package_identification:_identify(src/ros2_odometry) by extensions ['ignore', 'ignore_ament_install']
[0.279s] Level 1:colcon.colcon_core.package_identification:_identify(src/ros2_odometry) by extension 'ignore'
[0.279s] Level 1:colcon.colcon_core.package_identification:_identify(src/ros2_odometry) by extension 'ignore_ament_install'
[0.279s] Level 1:colcon.colcon_core.package_identification:_identify(src/ros2_odometry) by extensions ['cargo_workspace']
[0.280s] Level 1:colcon.colcon_core.package_identification:_identify(src/ros2_odometry) by extension 'cargo_workspace'
[0.280s] Level 1:colcon.colcon_core.package_identification:_identify(src/ros2_odometry) by extensions ['colcon_pkg']
[0.280s] Level 1:colcon.colcon_core.package_identification:_identify(src/ros2_odometry) by extension 'colcon_pkg'
[0.280s] Level 1:colcon.colcon_core.package_identification:_identify(src/ros2_odometry) by extensions ['colcon_meta']
[0.280s] Level 1:colcon.colcon_core.package_identification:_identify(src/ros2_odometry) by extension 'colcon_meta'
[0.280s] Level 1:colcon.colcon_core.package_identification:_identify(src/ros2_odometry) by extensions ['ros']
[0.280s] Level 1:colcon.colcon_core.package_identification:_identify(src/ros2_odometry) by extension 'ros'
[0.280s] DEBUG:colcon.colcon_core.package_identification:Package 'src/ros2_odometry' with type 'ros.ament_python' and name 'ros2_odometry'
[0.281s] Level 1:colcon.colcon_core.package_identification:_identify(src/ros2_unitree_legged_controller) by extensions ['ignore', 'ignore_ament_install']
[0.281s] Level 1:colcon.colcon_core.package_identification:_identify(src/ros2_unitree_legged_controller) by extension 'ignore'
[0.281s] Level 1:colcon.colcon_core.package_identification:_identify(src/ros2_unitree_legged_controller) by extension 'ignore_ament_install'
[0.281s] Level 1:colcon.colcon_core.package_identification:_identify(src/ros2_unitree_legged_controller) by extensions ['cargo_workspace']
[0.281s] Level 1:colcon.colcon_core.package_identification:_identify(src/ros2_unitree_legged_controller) by extension 'cargo_workspace'
[0.281s] Level 1:colcon.colcon_core.package_identification:_identify(src/ros2_unitree_legged_controller) by extensions ['colcon_pkg']
[0.281s] Level 1:colcon.colcon_core.package_identification:_identify(src/ros2_unitree_legged_controller) by extension 'colcon_pkg'
[0.281s] Level 1:colcon.colcon_core.package_identification:_identify(src/ros2_unitree_legged_controller) by extensions ['colcon_meta']
[0.281s] Level 1:colcon.colcon_core.package_identification:_identify(src/ros2_unitree_legged_controller) by extension 'colcon_meta'
[0.281s] Level 1:colcon.colcon_core.package_identification:_identify(src/ros2_unitree_legged_controller) by extensions ['ros']
[0.281s] Level 1:colcon.colcon_core.package_identification:_identify(src/ros2_unitree_legged_controller) by extension 'ros'
[0.282s] DEBUG:colcon.colcon_core.package_identification:Package 'src/ros2_unitree_legged_controller' with type 'ros.ament_cmake' and name 'ros2_unitree_legged_control'
[0.282s] Level 1:colcon.colcon_core.package_identification:_identify(src/ros2_unitree_legged_msgs) by extensions ['ignore', 'ignore_ament_install']
[0.282s] Level 1:colcon.colcon_core.package_identification:_identify(src/ros2_unitree_legged_msgs) by extension 'ignore'
[0.282s] Level 1:colcon.colcon_core.package_identification:_identify(src/ros2_unitree_legged_msgs) by extension 'ignore_ament_install'
[0.282s] Level 1:colcon.colcon_core.package_identification:_identify(src/ros2_unitree_legged_msgs) by extensions ['cargo_workspace']
[0.282s] Level 1:colcon.colcon_core.package_identification:_identify(src/ros2_unitree_legged_msgs) by extension 'cargo_workspace'
[0.282s] Level 1:colcon.colcon_core.package_identification:_identify(src/ros2_unitree_legged_msgs) by extensions ['colcon_pkg']
[0.282s] Level 1:colcon.colcon_core.package_identification:_identify(src/ros2_unitree_legged_msgs) by extension 'colcon_pkg'
[0.282s] Level 1:colcon.colcon_core.package_identification:_identify(src/ros2_unitree_legged_msgs) by extensions ['colcon_meta']
[0.282s] Level 1:colcon.colcon_core.package_identification:_identify(src/ros2_unitree_legged_msgs) by extension 'colcon_meta'
[0.282s] Level 1:colcon.colcon_core.package_identification:_identify(src/ros2_unitree_legged_msgs) by extensions ['ros']
[0.282s] Level 1:colcon.colcon_core.package_identification:_identify(src/ros2_unitree_legged_msgs) by extension 'ros'
[0.283s] DEBUG:colcon.colcon_core.package_identification:Package 'src/ros2_unitree_legged_msgs' with type 'ros.ament_cmake' and name 'ros2_unitree_legged_msgs'
[0.283s] Level 1:colcon.colcon_core.package_identification:_identify(src/ros2_yolo_recognition) by extensions ['ignore', 'ignore_ament_install']
[0.283s] Level 1:colcon.colcon_core.package_identification:_identify(src/ros2_yolo_recognition) by extension 'ignore'
[0.283s] Level 1:colcon.colcon_core.package_identification:_identify(src/ros2_yolo_recognition) by extension 'ignore_ament_install'
[0.283s] Level 1:colcon.colcon_core.package_identification:_identify(src/ros2_yolo_recognition) by extensions ['cargo_workspace']
[0.283s] Level 1:colcon.colcon_core.package_identification:_identify(src/ros2_yolo_recognition) by extension 'cargo_workspace'
[0.284s] Level 1:colcon.colcon_core.package_identification:_identify(src/ros2_yolo_recognition) by extensions ['colcon_pkg']
[0.284s] Level 1:colcon.colcon_core.package_identification:_identify(src/ros2_yolo_recognition) by extension 'colcon_pkg'
[0.284s] Level 1:colcon.colcon_core.package_identification:_identify(src/ros2_yolo_recognition) by extensions ['colcon_meta']
[0.284s] Level 1:colcon.colcon_core.package_identification:_identify(src/ros2_yolo_recognition) by extension 'colcon_meta'
[0.284s] Level 1:colcon.colcon_core.package_identification:_identify(src/ros2_yolo_recognition) by extensions ['ros']
[0.284s] Level 1:colcon.colcon_core.package_identification:_identify(src/ros2_yolo_recognition) by extension 'ros'
[0.284s] Level 1:colcon.colcon_core.package_identification:_identify(src/ros2_yolo_recognition) by extensions ['cargo', 'cmake', 'python']
[0.284s] Level 1:colcon.colcon_core.package_identification:_identify(src/ros2_yolo_recognition) by extension 'cargo'
[0.284s] Level 1:colcon.colcon_core.package_identification:_identify(src/ros2_yolo_recognition) by extension 'cmake'
[0.284s] Level 1:colcon.colcon_core.package_identification:_identify(src/ros2_yolo_recognition) by extension 'python'
[0.284s] Level 1:colcon.colcon_core.package_identification:_identify(src/ros2_yolo_recognition) by extensions ['python_setup_py']
[0.284s] Level 1:colcon.colcon_core.package_identification:_identify(src/ros2_yolo_recognition) by extension 'python_setup_py'
[0.284s] Level 1:colcon.colcon_core.package_identification:_identify(src/ros2_yolo_recognition/ros2_yolo_recognition) by extensions ['ignore', 'ignore_ament_install']
[0.284s] Level 1:colcon.colcon_core.package_identification:_identify(src/ros2_yolo_recognition/ros2_yolo_recognition) by extension 'ignore'
[0.284s] Level 1:colcon.colcon_core.package_identification:_identify(src/ros2_yolo_recognition/ros2_yolo_recognition) by extension 'ignore_ament_install'
[0.284s] Level 1:colcon.colcon_core.package_identification:_identify(src/ros2_yolo_recognition/ros2_yolo_recognition) by extensions ['cargo_workspace']
[0.284s] Level 1:colcon.colcon_core.package_identification:_identify(src/ros2_yolo_recognition/ros2_yolo_recognition) by extension 'cargo_workspace'
[0.284s] Level 1:colcon.colcon_core.package_identification:_identify(src/ros2_yolo_recognition/ros2_yolo_recognition) by extensions ['colcon_pkg']
[0.284s] Level 1:colcon.colcon_core.package_identification:_identify(src/ros2_yolo_recognition/ros2_yolo_recognition) by extension 'colcon_pkg'
[0.284s] Level 1:colcon.colcon_core.package_identification:_identify(src/ros2_yolo_recognition/ros2_yolo_recognition) by extensions ['colcon_meta']
[0.284s] Level 1:colcon.colcon_core.package_identification:_identify(src/ros2_yolo_recognition/ros2_yolo_recognition) by extension 'colcon_meta'
[0.284s] Level 1:colcon.colcon_core.package_identification:_identify(src/ros2_yolo_recognition/ros2_yolo_recognition) by extensions ['ros']
[0.284s] Level 1:colcon.colcon_core.package_identification:_identify(src/ros2_yolo_recognition/ros2_yolo_recognition) by extension 'ros'
[0.285s] DEBUG:colcon.colcon_core.package_identification:Package 'src/ros2_yolo_recognition/ros2_yolo_recognition' with type 'ros.ament_python' and name 'ros2_yolo_recognition'
[0.285s] Level 1:colcon.colcon_core.package_identification:_identify(src/ros2_yolo_recognition/yolo_bringup) by extensions ['ignore', 'ignore_ament_install']
[0.286s] Level 1:colcon.colcon_core.package_identification:_identify(src/ros2_yolo_recognition/yolo_bringup) by extension 'ignore'
[0.286s] Level 1:colcon.colcon_core.package_identification:_identify(src/ros2_yolo_recognition/yolo_bringup) by extension 'ignore_ament_install'
[0.286s] Level 1:colcon.colcon_core.package_identification:_identify(src/ros2_yolo_recognition/yolo_bringup) by extensions ['cargo_workspace']
[0.286s] Level 1:colcon.colcon_core.package_identification:_identify(src/ros2_yolo_recognition/yolo_bringup) by extension 'cargo_workspace'
[0.286s] Level 1:colcon.colcon_core.package_identification:_identify(src/ros2_yolo_recognition/yolo_bringup) by extensions ['colcon_pkg']
[0.286s] Level 1:colcon.colcon_core.package_identification:_identify(src/ros2_yolo_recognition/yolo_bringup) by extension 'colcon_pkg'
[0.286s] Level 1:colcon.colcon_core.package_identification:_identify(src/ros2_yolo_recognition/yolo_bringup) by extensions ['colcon_meta']
[0.286s] Level 1:colcon.colcon_core.package_identification:_identify(src/ros2_yolo_recognition/yolo_bringup) by extension 'colcon_meta'
[0.286s] Level 1:colcon.colcon_core.package_identification:_identify(src/ros2_yolo_recognition/yolo_bringup) by extensions ['ros']
[0.286s] Level 1:colcon.colcon_core.package_identification:_identify(src/ros2_yolo_recognition/yolo_bringup) by extension 'ros'
[0.287s] DEBUG:colcon.colcon_core.package_identification:Package 'src/ros2_yolo_recognition/yolo_bringup' with type 'ros.ament_cmake' and name 'yolo_bringup'
[0.287s] Level 1:colcon.colcon_core.package_identification:_identify(src/ros2_yolo_recognition/yolo_msgs) by extensions ['ignore', 'ignore_ament_install']
[0.287s] Level 1:colcon.colcon_core.package_identification:_identify(src/ros2_yolo_recognition/yolo_msgs) by extension 'ignore'
[0.287s] Level 1:colcon.colcon_core.package_identification:_identify(src/ros2_yolo_recognition/yolo_msgs) by extension 'ignore_ament_install'
[0.287s] Level 1:colcon.colcon_core.package_identification:_identify(src/ros2_yolo_recognition/yolo_msgs) by extensions ['cargo_workspace']
[0.287s] Level 1:colcon.colcon_core.package_identification:_identify(src/ros2_yolo_recognition/yolo_msgs) by extension 'cargo_workspace'
[0.287s] Level 1:colcon.colcon_core.package_identification:_identify(src/ros2_yolo_recognition/yolo_msgs) by extensions ['colcon_pkg']
[0.287s] Level 1:colcon.colcon_core.package_identification:_identify(src/ros2_yolo_recognition/yolo_msgs) by extension 'colcon_pkg'
[0.287s] Level 1:colcon.colcon_core.package_identification:_identify(src/ros2_yolo_recognition/yolo_msgs) by extensions ['colcon_meta']
[0.287s] Level 1:colcon.colcon_core.package_identification:_identify(src/ros2_yolo_recognition/yolo_msgs) by extension 'colcon_meta'
[0.287s] Level 1:colcon.colcon_core.package_identification:_identify(src/ros2_yolo_recognition/yolo_msgs) by extensions ['ros']
[0.287s] Level 1:colcon.colcon_core.package_identification:_identify(src/ros2_yolo_recognition/yolo_msgs) by extension 'ros'
[0.287s] DEBUG:colcon.colcon_core.package_identification:Package 'src/ros2_yolo_recognition/yolo_msgs' with type 'ros.ament_cmake' and name 'yolo_msgs'
[0.288s] Level 1:colcon.colcon_core.package_identification:_identify(src/unitree_guide2) by extensions ['ignore', 'ignore_ament_install']
[0.288s] Level 1:colcon.colcon_core.package_identification:_identify(src/unitree_guide2) by extension 'ignore'
[0.288s] Level 1:colcon.colcon_core.package_identification:_identify(src/unitree_guide2) by extension 'ignore_ament_install'
[0.288s] Level 1:colcon.colcon_core.package_identification:_identify(src/unitree_guide2) by extensions ['cargo_workspace']
[0.288s] Level 1:colcon.colcon_core.package_identification:_identify(src/unitree_guide2) by extension 'cargo_workspace'
[0.288s] Level 1:colcon.colcon_core.package_identification:_identify(src/unitree_guide2) by extensions ['colcon_pkg']
[0.288s] Level 1:colcon.colcon_core.package_identification:_identify(src/unitree_guide2) by extension 'colcon_pkg'
[0.288s] Level 1:colcon.colcon_core.package_identification:_identify(src/unitree_guide2) by extensions ['colcon_meta']
[0.288s] Level 1:colcon.colcon_core.package_identification:_identify(src/unitree_guide2) by extension 'colcon_meta'
[0.288s] Level 1:colcon.colcon_core.package_identification:_identify(src/unitree_guide2) by extensions ['ros']
[0.288s] Level 1:colcon.colcon_core.package_identification:_identify(src/unitree_guide2) by extension 'ros'
[0.289s] DEBUG:colcon.colcon_core.package_identification:Package 'src/unitree_guide2' with type 'ros.ament_cmake' and name 'unitree_guide2'
[0.289s] Level 1:colcon.colcon_core.package_discovery:discover_packages(recursive) using defaults
[0.289s] Level 1:colcon.colcon_core.package_discovery:discover_packages(ignore) discover
[0.289s] Level 1:colcon.colcon_core.package_discovery:discover_packages(ignore) using defaults
[0.289s] Level 1:colcon.colcon_core.package_discovery:discover_packages(path) discover
[0.289s] Level 1:colcon.colcon_core.package_discovery:discover_packages(path) using defaults
[0.289s] Level 1:colcon.colcon_core.package_discovery:discover_packages(cargo_workspace) discover
[0.289s] Level 1:colcon.colcon_core.package_discovery:discover_packages(cargo_workspace) using defaults
[0.315s] Level 1:colcon.colcon_core.package_discovery:discover_packages(prefix_path) check parameters
[0.315s] Level 1:colcon.colcon_core.package_discovery:discover_packages(prefix_path) discover
[0.318s] DEBUG:colcon.colcon_installed_package_information.package_discovery:Found 12 installed packages in /home/redalexdad/GitHub/WalkingRobotSim/install
[0.321s] DEBUG:colcon.colcon_installed_package_information.package_discovery:Found 499 installed packages in /opt/ros/jazzy
[0.323s] Level 1:colcon.colcon_core.package_discovery:discover_packages(prefix_path) using defaults
[0.414s] Level 5:colcon.colcon_core.verb:set package 'go1_description' build argument 'cargo_args' from command line to 'None'
[0.414s] Level 5:colcon.colcon_core.verb:set package 'go1_description' build argument 'clean_build' from command line to 'False'
[0.414s] Level 5:colcon.colcon_core.verb:set package 'go1_description' build argument 'cmake_args' from command line to 'None'
[0.414s] Level 5:colcon.colcon_core.verb:set package 'go1_description' build argument 'cmake_target' from command line to 'None'
[0.414s] Level 5:colcon.colcon_core.verb:set package 'go1_description' build argument 'cmake_target_skip_unavailable' from command line to 'False'
[0.414s] Level 5:colcon.colcon_core.verb:set package 'go1_description' build argument 'cmake_clean_cache' from command line to 'False'
[0.414s] Level 5:colcon.colcon_core.verb:set package 'go1_description' build argument 'cmake_clean_first' from command line to 'False'
[0.414s] Level 5:colcon.colcon_core.verb:set package 'go1_description' build argument 'cmake_force_configure' from command line to 'False'
[0.414s] Level 5:colcon.colcon_core.verb:set package 'go1_description' build argument 'lookup_in_workspace' from command line to 'False'
[0.414s] Level 5:colcon.colcon_core.verb:set package 'go1_description' build argument 'ament_cmake_args' from command line to 'None'
[0.414s] Level 5:colcon.colcon_core.verb:set package 'go1_description' build argument 'catkin_cmake_args' from command line to 'None'
[0.414s] Level 5:colcon.colcon_core.verb:set package 'go1_description' build argument 'catkin_skip_building_tests' from command line to 'False'
[0.415s] DEBUG:colcon.colcon_core.verb:Building package 'go1_description' with the following arguments: {'ament_cmake_args': None, 'build_base': '/home/redalexdad/GitHub/WalkingRobotSim/build/go1_description', 'cargo_args': None, 'catkin_cmake_args': None, 'catkin_skip_building_tests': False, 'clean_build': False, 'cmake_args': None, 'cmake_clean_cache': False, 'cmake_clean_first': False, 'cmake_force_configure': False, 'cmake_target': None, 'cmake_target_skip_unavailable': False, 'install_base': '/home/redalexdad/GitHub/WalkingRobotSim/install/go1_description', 'lookup_in_workspace': False, 'merge_install': False, 'path': '/home/redalexdad/GitHub/WalkingRobotSim/src/go1_description', 'symlink_install': False, 'test_result_base': None}
[0.415s] Level 5:colcon.colcon_core.verb:set package 'go2_description' build argument 'cargo_args' from command line to 'None'
[0.415s] Level 5:colcon.colcon_core.verb:set package 'go2_description' build argument 'clean_build' from command line to 'False'
[0.415s] Level 5:colcon.colcon_core.verb:set package 'go2_description' build argument 'cmake_args' from command line to 'None'
[0.415s] Level 5:colcon.colcon_core.verb:set package 'go2_description' build argument 'cmake_target' from command line to 'None'
[0.415s] Level 5:colcon.colcon_core.verb:set package 'go2_description' build argument 'cmake_target_skip_unavailable' from command line to 'False'
[0.415s] Level 5:colcon.colcon_core.verb:set package 'go2_description' build argument 'cmake_clean_cache' from command line to 'False'
[0.415s] Level 5:colcon.colcon_core.verb:set package 'go2_description' build argument 'cmake_clean_first' from command line to 'False'
[0.415s] Level 5:colcon.colcon_core.verb:set package 'go2_description' build argument 'cmake_force_configure' from command line to 'False'
[0.415s] Level 5:colcon.colcon_core.verb:set package 'go2_description' build argument 'lookup_in_workspace' from command line to 'False'
[0.415s] Level 5:colcon.colcon_core.verb:set package 'go2_description' build argument 'ament_cmake_args' from command line to 'None'
[0.415s] Level 5:colcon.colcon_core.verb:set package 'go2_description' build argument 'catkin_cmake_args' from command line to 'None'
[0.415s] Level 5:colcon.colcon_core.verb:set package 'go2_description' build argument 'catkin_skip_building_tests' from command line to 'False'
[0.415s] DEBUG:colcon.colcon_core.verb:Building package 'go2_description' with the following arguments: {'ament_cmake_args': None, 'build_base': '/home/redalexdad/GitHub/WalkingRobotSim/build/go2_description', 'cargo_args': None, 'catkin_cmake_args': None, 'catkin_skip_building_tests': False, 'clean_build': False, 'cmake_args': None, 'cmake_clean_cache': False, 'cmake_clean_first': False, 'cmake_force_configure': False, 'cmake_target': None, 'cmake_target_skip_unavailable': False, 'install_base': '/home/redalexdad/GitHub/WalkingRobotSim/install/go2_description', 'lookup_in_workspace': False, 'merge_install': False, 'path': '/home/redalexdad/GitHub/WalkingRobotSim/src/go2_description', 'symlink_install': False, 'test_result_base': None}
[0.415s] Level 5:colcon.colcon_core.verb:set package 'ros2_cartography' build argument 'cargo_args' from command line to 'None'
[0.415s] Level 5:colcon.colcon_core.verb:set package 'ros2_cartography' build argument 'clean_build' from command line to 'False'
[0.415s] Level 5:colcon.colcon_core.verb:set package 'ros2_cartography' build argument 'cmake_args' from command line to 'None'
[0.415s] Level 5:colcon.colcon_core.verb:set package 'ros2_cartography' build argument 'cmake_target' from command line to 'None'
[0.415s] Level 5:colcon.colcon_core.verb:set package 'ros2_cartography' build argument 'cmake_target_skip_unavailable' from command line to 'False'
[0.416s] Level 5:colcon.colcon_core.verb:set package 'ros2_cartography' build argument 'cmake_clean_cache' from command line to 'False'
[0.416s] Level 5:colcon.colcon_core.verb:set package 'ros2_cartography' build argument 'cmake_clean_first' from command line to 'False'
[0.416s] Level 5:colcon.colcon_core.verb:set package 'ros2_cartography' build argument 'cmake_force_configure' from command line to 'False'
[0.416s] Level 5:colcon.colcon_core.verb:set package 'ros2_cartography' build argument 'lookup_in_workspace' from command line to 'False'
[0.416s] Level 5:colcon.colcon_core.verb:set package 'ros2_cartography' build argument 'ament_cmake_args' from command line to 'None'
[0.416s] Level 5:colcon.colcon_core.verb:set package 'ros2_cartography' build argument 'catkin_cmake_args' from command line to 'None'
[0.416s] Level 5:colcon.colcon_core.verb:set package 'ros2_cartography' build argument 'catkin_skip_building_tests' from command line to 'False'
[0.416s] DEBUG:colcon.colcon_core.verb:Building package 'ros2_cartography' with the following arguments: {'ament_cmake_args': None, 'build_base': '/home/redalexdad/GitHub/WalkingRobotSim/build/ros2_cartography', 'cargo_args': None, 'catkin_cmake_args': None, 'catkin_skip_building_tests': False, 'clean_build': False, 'cmake_args': None, 'cmake_clean_cache': False, 'cmake_clean_first': False, 'cmake_force_configure': False, 'cmake_target': None, 'cmake_target_skip_unavailable': False, 'install_base': '/home/redalexdad/GitHub/WalkingRobotSim/install/ros2_cartography', 'lookup_in_workspace': False, 'merge_install': False, 'path': '/home/redalexdad/GitHub/WalkingRobotSim/src/ros2_cartography', 'symlink_install': False, 'test_result_base': None}
[0.416s] Level 5:colcon.colcon_core.verb:set package 'ros2_gazebo' build argument 'cargo_args' from command line to 'None'
[0.416s] Level 5:colcon.colcon_core.verb:set package 'ros2_gazebo' build argument 'clean_build' from command line to 'False'
[0.416s] Level 5:colcon.colcon_core.verb:set package 'ros2_gazebo' build argument 'cmake_args' from command line to 'None'
[0.416s] Level 5:colcon.colcon_core.verb:set package 'ros2_gazebo' build argument 'cmake_target' from command line to 'None'
[0.416s] Level 5:colcon.colcon_core.verb:set package 'ros2_gazebo' build argument 'cmake_target_skip_unavailable' from command line to 'False'
[0.416s] Level 5:colcon.colcon_core.verb:set package 'ros2_gazebo' build argument 'cmake_clean_cache' from command line to 'False'
[0.416s] Level 5:colcon.colcon_core.verb:set package 'ros2_gazebo' build argument 'cmake_clean_first' from command line to 'False'
[0.416s] Level 5:colcon.colcon_core.verb:set package 'ros2_gazebo' build argument 'cmake_force_configure' from command line to 'False'
[0.416s] Level 5:colcon.colcon_core.verb:set package 'ros2_gazebo' build argument 'lookup_in_workspace' from command line to 'False'
[0.416s] Level 5:colcon.colcon_core.verb:set package 'ros2_gazebo' build argument 'ament_cmake_args' from command line to 'None'
[0.416s] Level 5:colcon.colcon_core.verb:set package 'ros2_gazebo' build argument 'catkin_cmake_args' from command line to 'None'
[0.416s] Level 5:colcon.colcon_core.verb:set package 'ros2_gazebo' build argument 'catkin_skip_building_tests' from command line to 'False'
[0.416s] DEBUG:colcon.colcon_core.verb:Building package 'ros2_gazebo' with the following arguments: {'ament_cmake_args': None, 'build_base': '/home/redalexdad/GitHub/WalkingRobotSim/build/ros2_gazebo', 'cargo_args': None, 'catkin_cmake_args': None, 'catkin_skip_building_tests': False, 'clean_build': False, 'cmake_args': None, 'cmake_clean_cache': False, 'cmake_clean_first': False, 'cmake_force_configure': False, 'cmake_target': None, 'cmake_target_skip_unavailable': False, 'install_base': '/home/redalexdad/GitHub/WalkingRobotSim/install/ros2_gazebo', 'lookup_in_workspace': False, 'merge_install': False, 'path': '/home/redalexdad/GitHub/WalkingRobotSim/src/ros2_gazebo', 'symlink_install': False, 'test_result_base': None}
[0.417s] Level 5:colcon.colcon_core.verb:set package 'ros2_navigation' build argument 'cargo_args' from command line to 'None'
[0.417s] Level 5:colcon.colcon_core.verb:set package 'ros2_navigation' build argument 'clean_build' from command line to 'False'
[0.417s] Level 5:colcon.colcon_core.verb:set package 'ros2_navigation' build argument 'cmake_args' from command line to 'None'
[0.417s] Level 5:colcon.colcon_core.verb:set package 'ros2_navigation' build argument 'cmake_target' from command line to 'None'
[0.417s] Level 5:colcon.colcon_core.verb:set package 'ros2_navigation' build argument 'cmake_target_skip_unavailable' from command line to 'False'
[0.417s] Level 5:colcon.colcon_core.verb:set package 'ros2_navigation' build argument 'cmake_clean_cache' from command line to 'False'
[0.417s] Level 5:colcon.colcon_core.verb:set package 'ros2_navigation' build argument 'cmake_clean_first' from command line to 'False'
[0.417s] Level 5:colcon.colcon_core.verb:set package 'ros2_navigation' build argument 'cmake_force_configure' from command line to 'False'
[0.417s] Level 5:colcon.colcon_core.verb:set package 'ros2_navigation' build argument 'lookup_in_workspace' from command line to 'False'
[0.417s] Level 5:colcon.colcon_core.verb:set package 'ros2_navigation' build argument 'ament_cmake_args' from command line to 'None'
[0.417s] Level 5:colcon.colcon_core.verb:set package 'ros2_navigation' build argument 'catkin_cmake_args' from command line to 'None'
[0.417s] Level 5:colcon.colcon_core.verb:set package 'ros2_navigation' build argument 'catkin_skip_building_tests' from command line to 'False'
[0.417s] DEBUG:colcon.colcon_core.verb:Building package 'ros2_navigation' with the following arguments: {'ament_cmake_args': None, 'build_base': '/home/redalexdad/GitHub/WalkingRobotSim/build/ros2_navigation', 'cargo_args': None, 'catkin_cmake_args': None, 'catkin_skip_building_tests': False, 'clean_build': False, 'cmake_args': None, 'cmake_clean_cache': False, 'cmake_clean_first': False, 'cmake_force_configure': False, 'cmake_target': None, 'cmake_target_skip_unavailable': False, 'install_base': '/home/redalexdad/GitHub/WalkingRobotSim/install/ros2_navigation', 'lookup_in_workspace': False, 'merge_install': False, 'path': '/home/redalexdad/GitHub/WalkingRobotSim/src/ros2_navigation', 'symlink_install': False, 'test_result_base': None}
[0.418s] Level 5:colcon.colcon_core.verb:set package 'ros2_odometry' build argument 'cargo_args' from command line to 'None'
[0.418s] Level 5:colcon.colcon_core.verb:set package 'ros2_odometry' build argument 'clean_build' from command line to 'False'
[0.418s] Level 5:colcon.colcon_core.verb:set package 'ros2_odometry' build argument 'cmake_args' from command line to 'None'
[0.418s] Level 5:colcon.colcon_core.verb:set package 'ros2_odometry' build argument 'cmake_target' from command line to 'None'
[0.418s] Level 5:colcon.colcon_core.verb:set package 'ros2_odometry' build argument 'cmake_target_skip_unavailable' from command line to 'False'
[0.418s] Level 5:colcon.colcon_core.verb:set package 'ros2_odometry' build argument 'cmake_clean_cache' from command line to 'False'
[0.418s] Level 5:colcon.colcon_core.verb:set package 'ros2_odometry' build argument 'cmake_clean_first' from command line to 'False'
[0.418s] Level 5:colcon.colcon_core.verb:set package 'ros2_odometry' build argument 'cmake_force_configure' from command line to 'False'
[0.418s] Level 5:colcon.colcon_core.verb:set package 'ros2_odometry' build argument 'lookup_in_workspace' from command line to 'False'
[0.418s] Level 5:colcon.colcon_core.verb:set package 'ros2_odometry' build argument 'ament_cmake_args' from command line to 'None'
[0.418s] Level 5:colcon.colcon_core.verb:set package 'ros2_odometry' build argument 'catkin_cmake_args' from command line to 'None'
[0.418s] Level 5:colcon.colcon_core.verb:set package 'ros2_odometry' build argument 'catkin_skip_building_tests' from command line to 'False'
[0.418s] DEBUG:colcon.colcon_core.verb:Building package 'ros2_odometry' with the following arguments: {'ament_cmake_args': None, 'build_base': '/home/redalexdad/GitHub/WalkingRobotSim/build/ros2_odometry', 'cargo_args': None, 'catkin_cmake_args': None, 'catkin_skip_building_tests': False, 'clean_build': False, 'cmake_args': None, 'cmake_clean_cache': False, 'cmake_clean_first': False, 'cmake_force_configure': False, 'cmake_target': None, 'cmake_target_skip_unavailable': False, 'install_base': '/home/redalexdad/GitHub/WalkingRobotSim/install/ros2_odometry', 'lookup_in_workspace': False, 'merge_install': False, 'path': '/home/redalexdad/GitHub/WalkingRobotSim/src/ros2_odometry', 'symlink_install': False, 'test_result_base': None}
[0.419s] Level 5:colcon.colcon_core.verb:set package 'ros2_unitree_legged_msgs' build argument 'cargo_args' from command line to 'None'
[0.419s] Level 5:colcon.colcon_core.verb:set package 'ros2_unitree_legged_msgs' build argument 'clean_build' from command line to 'False'
[0.419s] Level 5:colcon.colcon_core.verb:set package 'ros2_unitree_legged_msgs' build argument 'cmake_args' from command line to 'None'
[0.419s] Level 5:colcon.colcon_core.verb:set package 'ros2_unitree_legged_msgs' build argument 'cmake_target' from command line to 'None'
[0.419s] Level 5:colcon.colcon_core.verb:set package 'ros2_unitree_legged_msgs' build argument 'cmake_target_skip_unavailable' from command line to 'False'
[0.419s] Level 5:colcon.colcon_core.verb:set package 'ros2_unitree_legged_msgs' build argument 'cmake_clean_cache' from command line to 'False'
[0.419s] Level 5:colcon.colcon_core.verb:set package 'ros2_unitree_legged_msgs' build argument 'cmake_clean_first' from command line to 'False'
[0.419s] Level 5:colcon.colcon_core.verb:set package 'ros2_unitree_legged_msgs' build argument 'cmake_force_configure' from command line to 'False'
[0.419s] Level 5:colcon.colcon_core.verb:set package 'ros2_unitree_legged_msgs' build argument 'lookup_in_workspace' from command line to 'False'
[0.419s] Level 5:colcon.colcon_core.verb:set package 'ros2_unitree_legged_msgs' build argument 'ament_cmake_args' from command line to 'None'
[0.419s] Level 5:colcon.colcon_core.verb:set package 'ros2_unitree_legged_msgs' build argument 'catkin_cmake_args' from command line to 'None'
[0.419s] Level 5:colcon.colcon_core.verb:set package 'ros2_unitree_legged_msgs' build argument 'catkin_skip_building_tests' from command line to 'False'
[0.419s] DEBUG:colcon.colcon_core.verb:Building package 'ros2_unitree_legged_msgs' with the following arguments: {'ament_cmake_args': None, 'build_base': '/home/redalexdad/GitHub/WalkingRobotSim/build/ros2_unitree_legged_msgs', 'cargo_args': None, 'catkin_cmake_args': None, 'catkin_skip_building_tests': False, 'clean_build': False, 'cmake_args': None, 'cmake_clean_cache': False, 'cmake_clean_first': False, 'cmake_force_configure': False, 'cmake_target': None, 'cmake_target_skip_unavailable': False, 'install_base': '/home/redalexdad/GitHub/WalkingRobotSim/install/ros2_unitree_legged_msgs', 'lookup_in_workspace': False, 'merge_install': False, 'path': '/home/redalexdad/GitHub/WalkingRobotSim/src/ros2_unitree_legged_msgs', 'symlink_install': False, 'test_result_base': None}
[0.419s] Level 5:colcon.colcon_core.verb:set package 'yolo_msgs' build argument 'cargo_args' from command line to 'None'
[0.419s] Level 5:colcon.colcon_core.verb:set package 'yolo_msgs' build argument 'clean_build' from command line to 'False'
[0.419s] Level 5:colcon.colcon_core.verb:set package 'yolo_msgs' build argument 'cmake_args' from command line to 'None'
[0.419s] Level 5:colcon.colcon_core.verb:set package 'yolo_msgs' build argument 'cmake_target' from command line to 'None'
[0.419s] Level 5:colcon.colcon_core.verb:set package 'yolo_msgs' build argument 'cmake_target_skip_unavailable' from command line to 'False'
[0.419s] Level 5:colcon.colcon_core.verb:set package 'yolo_msgs' build argument 'cmake_clean_cache' from command line to 'False'
[0.419s] Level 5:colcon.colcon_core.verb:set package 'yolo_msgs' build argument 'cmake_clean_first' from command line to 'False'
[0.419s] Level 5:colcon.colcon_core.verb:set package 'yolo_msgs' build argument 'cmake_force_configure' from command line to 'False'
[0.419s] Level 5:colcon.colcon_core.verb:set package 'yolo_msgs' build argument 'lookup_in_workspace' from command line to 'False'
[0.419s] Level 5:colcon.colcon_core.verb:set package 'yolo_msgs' build argument 'ament_cmake_args' from command line to 'None'
[0.419s] Level 5:colcon.colcon_core.verb:set package 'yolo_msgs' build argument 'catkin_cmake_args' from command line to 'None'
[0.419s] Level 5:colcon.colcon_core.verb:set package 'yolo_msgs' build argument 'catkin_skip_building_tests' from command line to 'False'
[0.419s] DEBUG:colcon.colcon_core.verb:Building package 'yolo_msgs' with the following arguments: {'ament_cmake_args': None, 'build_base': '/home/redalexdad/GitHub/WalkingRobotSim/build/yolo_msgs', 'cargo_args': None, 'catkin_cmake_args': None, 'catkin_skip_building_tests': False, 'clean_build': False, 'cmake_args': None, 'cmake_clean_cache': False, 'cmake_clean_first': False, 'cmake_force_configure': False, 'cmake_target': None, 'cmake_target_skip_unavailable': False, 'install_base': '/home/redalexdad/GitHub/WalkingRobotSim/install/yolo_msgs', 'lookup_in_workspace': False, 'merge_install': False, 'path': '/home/redalexdad/GitHub/WalkingRobotSim/src/ros2_yolo_recognition/yolo_msgs', 'symlink_install': False, 'test_result_base': None}
[0.420s] Level 5:colcon.colcon_core.verb:set package 'ros2_unitree_legged_control' build argument 'cargo_args' from command line to 'None'
[0.420s] Level 5:colcon.colcon_core.verb:set package 'ros2_unitree_legged_control' build argument 'clean_build' from command line to 'False'
[0.420s] Level 5:colcon.colcon_core.verb:set package 'ros2_unitree_legged_control' build argument 'cmake_args' from command line to 'None'
[0.420s] Level 5:colcon.colcon_core.verb:set package 'ros2_unitree_legged_control' build argument 'cmake_target' from command line to 'None'
[0.420s] Level 5:colcon.colcon_core.verb:set package 'ros2_unitree_legged_control' build argument 'cmake_target_skip_unavailable' from command line to 'False'
[0.420s] Level 5:colcon.colcon_core.verb:set package 'ros2_unitree_legged_control' build argument 'cmake_clean_cache' from command line to 'False'
[0.420s] Level 5:colcon.colcon_core.verb:set package 'ros2_unitree_legged_control' build argument 'cmake_clean_first' from command line to 'False'
[0.420s] Level 5:colcon.colcon_core.verb:set package 'ros2_unitree_legged_control' build argument 'cmake_force_configure' from command line to 'False'
[0.420s] Level 5:colcon.colcon_core.verb:set package 'ros2_unitree_legged_control' build argument 'lookup_in_workspace' from command line to 'False'
[0.420s] Level 5:colcon.colcon_core.verb:set package 'ros2_unitree_legged_control' build argument 'ament_cmake_args' from command line to 'None'
[0.420s] Level 5:colcon.colcon_core.verb:set package 'ros2_unitree_legged_control' build argument 'catkin_cmake_args' from command line to 'None'
[0.420s] Level 5:colcon.colcon_core.verb:set package 'ros2_unitree_legged_control' build argument 'catkin_skip_building_tests' from command line to 'False'
[0.420s] DEBUG:colcon.colcon_core.verb:Building package 'ros2_unitree_legged_control' with the following arguments: {'ament_cmake_args': None, 'build_base': '/home/redalexdad/GitHub/WalkingRobotSim/build/ros2_unitree_legged_control', 'cargo_args': None, 'catkin_cmake_args': None, 'catkin_skip_building_tests': False, 'clean_build': False, 'cmake_args': None, 'cmake_clean_cache': False, 'cmake_clean_first': False, 'cmake_force_configure': False, 'cmake_target': None, 'cmake_target_skip_unavailable': False, 'install_base': '/home/redalexdad/GitHub/WalkingRobotSim/install/ros2_unitree_legged_control', 'lookup_in_workspace': False, 'merge_install': False, 'path': '/home/redalexdad/GitHub/WalkingRobotSim/src/ros2_unitree_legged_controller', 'symlink_install': False, 'test_result_base': None}
[0.420s] Level 5:colcon.colcon_core.verb:set package 'ros2_yolo_recognition' build argument 'cargo_args' from command line to 'None'
[0.420s] Level 5:colcon.colcon_core.verb:set package 'ros2_yolo_recognition' build argument 'clean_build' from command line to 'False'
[0.420s] Level 5:colcon.colcon_core.verb:set package 'ros2_yolo_recognition' build argument 'cmake_args' from command line to 'None'
[0.420s] Level 5:colcon.colcon_core.verb:set package 'ros2_yolo_recognition' build argument 'cmake_target' from command line to 'None'
[0.420s] Level 5:colcon.colcon_core.verb:set package 'ros2_yolo_recognition' build argument 'cmake_target_skip_unavailable' from command line to 'False'
[0.420s] Level 5:colcon.colcon_core.verb:set package 'ros2_yolo_recognition' build argument 'cmake_clean_cache' from command line to 'False'
[0.420s] Level 5:colcon.colcon_core.verb:set package 'ros2_yolo_recognition' build argument 'cmake_clean_first' from command line to 'False'
[0.421s] Level 5:colcon.colcon_core.verb:set package 'ros2_yolo_recognition' build argument 'cmake_force_configure' from command line to 'False'
[0.421s] Level 5:colcon.colcon_core.verb:set package 'ros2_yolo_recognition' build argument 'lookup_in_workspace' from command line to 'False'
[0.421s] Level 5:colcon.colcon_core.verb:set package 'ros2_yolo_recognition' build argument 'ament_cmake_args' from command line to 'None'
[0.421s] Level 5:colcon.colcon_core.verb:set package 'ros2_yolo_recognition' build argument 'catkin_cmake_args' from command line to 'None'
[0.421s] Level 5:colcon.colcon_core.verb:set package 'ros2_yolo_recognition' build argument 'catkin_skip_building_tests' from command line to 'False'
[0.421s] DEBUG:colcon.colcon_core.verb:Building package 'ros2_yolo_recognition' with the following arguments: {'ament_cmake_args': None, 'build_base': '/home/redalexdad/GitHub/WalkingRobotSim/build/ros2_yolo_recognition', 'cargo_args': None, 'catkin_cmake_args': None, 'catkin_skip_building_tests': False, 'clean_build': False, 'cmake_args': None, 'cmake_clean_cache': False, 'cmake_clean_first': False, 'cmake_force_configure': False, 'cmake_target': None, 'cmake_target_skip_unavailable': False, 'install_base': '/home/redalexdad/GitHub/WalkingRobotSim/install/ros2_yolo_recognition', 'lookup_in_workspace': False, 'merge_install': False, 'path': '/home/redalexdad/GitHub/WalkingRobotSim/src/ros2_yolo_recognition/ros2_yolo_recognition', 'symlink_install': False, 'test_result_base': None}
[0.421s] Level 5:colcon.colcon_core.verb:set package 'unitree_guide2' build argument 'cargo_args' from command line to 'None'
[0.421s] Level 5:colcon.colcon_core.verb:set package 'unitree_guide2' build argument 'clean_build' from command line to 'False'
[0.421s] Level 5:colcon.colcon_core.verb:set package 'unitree_guide2' build argument 'cmake_args' from command line to 'None'
[0.421s] Level 5:colcon.colcon_core.verb:set package 'unitree_guide2' build argument 'cmake_target' from command line to 'None'
[0.421s] Level 5:colcon.colcon_core.verb:set package 'unitree_guide2' build argument 'cmake_target_skip_unavailable' from command line to 'False'
[0.421s] Level 5:colcon.colcon_core.verb:set package 'unitree_guide2' build argument 'cmake_clean_cache' from command line to 'False'
[0.421s] Level 5:colcon.colcon_core.verb:set package 'unitree_guide2' build argument 'cmake_clean_first' from command line to 'False'
[0.421s] Level 5:colcon.colcon_core.verb:set package 'unitree_guide2' build argument 'cmake_force_configure' from command line to 'False'
[0.421s] Level 5:colcon.colcon_core.verb:set package 'unitree_guide2' build argument 'lookup_in_workspace' from command line to 'False'
[0.421s] Level 5:colcon.colcon_core.verb:set package 'unitree_guide2' build argument 'ament_cmake_args' from command line to 'None'
[0.421s] Level 5:colcon.colcon_core.verb:set package 'unitree_guide2' build argument 'catkin_cmake_args' from command line to 'None'
[0.421s] Level 5:colcon.colcon_core.verb:set package 'unitree_guide2' build argument 'catkin_skip_building_tests' from command line to 'False'
[0.421s] DEBUG:colcon.colcon_core.verb:Building package 'unitree_guide2' with the following arguments: {'ament_cmake_args': None, 'build_base': '/home/redalexdad/GitHub/WalkingRobotSim/build/unitree_guide2', 'cargo_args': None, 'catkin_cmake_args': None, 'catkin_skip_building_tests': False, 'clean_build': False, 'cmake_args': None, 'cmake_clean_cache': False, 'cmake_clean_first': False, 'cmake_force_configure': False, 'cmake_target': None, 'cmake_target_skip_unavailable': False, 'install_base': '/home/redalexdad/GitHub/WalkingRobotSim/install/unitree_guide2', 'lookup_in_workspace': False, 'merge_install': False, 'path': '/home/redalexdad/GitHub/WalkingRobotSim/src/unitree_guide2', 'symlink_install': False, 'test_result_base': None}
[0.421s] Level 5:colcon.colcon_core.verb:set package 'yolo_bringup' build argument 'cargo_args' from command line to 'None'
[0.421s] Level 5:colcon.colcon_core.verb:set package 'yolo_bringup' build argument 'clean_build' from command line to 'False'
[0.421s] Level 5:colcon.colcon_core.verb:set package 'yolo_bringup' build argument 'cmake_args' from command line to 'None'
[0.422s] Level 5:colcon.colcon_core.verb:set package 'yolo_bringup' build argument 'cmake_target' from command line to 'None'
[0.422s] Level 5:colcon.colcon_core.verb:set package 'yolo_bringup' build argument 'cmake_target_skip_unavailable' from command line to 'False'
[0.422s] Level 5:colcon.colcon_core.verb:set package 'yolo_bringup' build argument 'cmake_clean_cache' from command line to 'False'
[0.422s] Level 5:colcon.colcon_core.verb:set package 'yolo_bringup' build argument 'cmake_clean_first' from command line to 'False'
[0.422s] Level 5:colcon.colcon_core.verb:set package 'yolo_bringup' build argument 'cmake_force_configure' from command line to 'False'
[0.422s] Level 5:colcon.colcon_core.verb:set package 'yolo_bringup' build argument 'lookup_in_workspace' from command line to 'False'
[0.422s] Level 5:colcon.colcon_core.verb:set package 'yolo_bringup' build argument 'ament_cmake_args' from command line to 'None'
[0.422s] Level 5:colcon.colcon_core.verb:set package 'yolo_bringup' build argument 'catkin_cmake_args' from command line to 'None'
[0.422s] Level 5:colcon.colcon_core.verb:set package 'yolo_bringup' build argument 'catkin_skip_building_tests' from command line to 'False'
[0.422s] DEBUG:colcon.colcon_core.verb:Building package 'yolo_bringup' with the following arguments: {'ament_cmake_args': None, 'build_base': '/home/redalexdad/GitHub/WalkingRobotSim/build/yolo_bringup', 'cargo_args': None, 'catkin_cmake_args': None, 'catkin_skip_building_tests': False, 'clean_build': False, 'cmake_args': None, 'cmake_clean_cache': False, 'cmake_clean_first': False, 'cmake_force_configure': False, 'cmake_target': None, 'cmake_target_skip_unavailable': False, 'install_base': '/home/redalexdad/GitHub/WalkingRobotSim/install/yolo_bringup', 'lookup_in_workspace': False, 'merge_install': False, 'path': '/home/redalexdad/GitHub/WalkingRobotSim/src/ros2_yolo_recognition/yolo_bringup', 'symlink_install': False, 'test_result_base': None}
[0.422s] INFO:colcon.colcon_core.executor:Executing jobs using 'parallel' executor
[0.423s] DEBUG:colcon.colcon_parallel_executor.executor.parallel:run_until_complete
[0.423s] INFO:colcon.colcon_ros.task.ament_cmake.build:Building ROS package in '/home/redalexdad/GitHub/WalkingRobotSim/src/ros2_unitree_legged_msgs' with build type 'ament_cmake'
[0.423s] INFO:colcon.colcon_cmake.task.cmake.build:Building CMake package in '/home/redalexdad/GitHub/WalkingRobotSim/src/ros2_unitree_legged_msgs'
[0.427s] INFO:colcon.colcon_core.plugin_system:Skipping extension 'colcon_core.shell.bat': Not used on non-Windows systems
[0.427s] INFO:colcon.colcon_core.shell:Skip shell extension 'powershell' for command environment: Not usable outside of PowerShell
[0.427s] DEBUG:colcon.colcon_core.shell:Skip shell extension 'dsv' for command environment
[0.434s] INFO:colcon.colcon_ros.task.ament_cmake.build:Building ROS package in '/home/redalexdad/GitHub/WalkingRobotSim/src/ros2_yolo_recognition/yolo_msgs' with build type 'ament_cmake'
[0.434s] INFO:colcon.colcon_cmake.task.cmake.build:Building CMake package in '/home/redalexdad/GitHub/WalkingRobotSim/src/ros2_yolo_recognition/yolo_msgs'
[0.434s] INFO:colcon.colcon_core.shell:Skip shell extension 'powershell' for command environment: Not usable outside of PowerShell
[0.434s] DEBUG:colcon.colcon_core.shell:Skip shell extension 'dsv' for command environment
[0.440s] INFO:colcon.colcon_ros.task.ament_cmake.build:Building ROS package in '/home/redalexdad/GitHub/WalkingRobotSim/src/go1_description' with build type 'ament_cmake'
[0.440s] INFO:colcon.colcon_cmake.task.cmake.build:Building CMake package in '/home/redalexdad/GitHub/WalkingRobotSim/src/go1_description'
[0.440s] INFO:colcon.colcon_core.shell:Skip shell extension 'powershell' for command environment: Not usable outside of PowerShell
[0.440s] DEBUG:colcon.colcon_core.shell:Skip shell extension 'dsv' for command environment
[0.446s] INFO:colcon.colcon_ros.task.ament_cmake.build:Building ROS package in '/home/redalexdad/GitHub/WalkingRobotSim/src/go2_description' with build type 'ament_cmake'
[0.446s] INFO:colcon.colcon_cmake.task.cmake.build:Building CMake package in '/home/redalexdad/GitHub/WalkingRobotSim/src/go2_description'
[0.446s] INFO:colcon.colcon_core.shell:Skip shell extension 'powershell' for command environment: Not usable outside of PowerShell
[0.446s] DEBUG:colcon.colcon_core.shell:Skip shell extension 'dsv' for command environment
[0.452s] INFO:colcon.colcon_ros.task.ament_python.build:Building ROS package in '/home/redalexdad/GitHub/WalkingRobotSim/src/ros2_cartography' with build type 'ament_python'
[0.452s] Level 1:colcon.colcon_core.shell:create_environment_hook('ros2_cartography', 'ament_prefix_path')
[0.452s] INFO:colcon.colcon_core.shell:Creating environment hook '/home/redalexdad/GitHub/WalkingRobotSim/install/ros2_cartography/share/ros2_cartography/hook/ament_prefix_path.ps1'
[0.453s] INFO:colcon.colcon_core.shell:Creating environment descriptor '/home/redalexdad/GitHub/WalkingRobotSim/install/ros2_cartography/share/ros2_cartography/hook/ament_prefix_path.dsv'
[0.454s] INFO:colcon.colcon_core.shell:Creating environment hook '/home/redalexdad/GitHub/WalkingRobotSim/install/ros2_cartography/share/ros2_cartography/hook/ament_prefix_path.sh'
[0.455s] INFO:colcon.colcon_core.shell:Skip shell extension 'powershell' for command environment: Not usable outside of PowerShell
[0.455s] DEBUG:colcon.colcon_core.shell:Skip shell extension 'dsv' for command environment
[0.460s] INFO:colcon.colcon_ros.task.ament_cmake.build:Building ROS package in '/home/redalexdad/GitHub/WalkingRobotSim/src/ros2_gazebo' with build type 'ament_cmake'
[0.460s] INFO:colcon.colcon_cmake.task.cmake.build:Building CMake package in '/home/redalexdad/GitHub/WalkingRobotSim/src/ros2_gazebo'
[0.461s] INFO:colcon.colcon_core.shell:Skip shell extension 'powershell' for command environment: Not usable outside of PowerShell
[0.461s] DEBUG:colcon.colcon_core.shell:Skip shell extension 'dsv' for command environment
[0.467s] INFO:colcon.colcon_ros.task.ament_python.build:Building ROS package in '/home/redalexdad/GitHub/WalkingRobotSim/src/ros2_navigation' with build type 'ament_python'
[0.467s] Level 1:colcon.colcon_core.shell:create_environment_hook('ros2_navigation', 'ament_prefix_path')
[0.467s] INFO:colcon.colcon_core.shell:Creating environment hook '/home/redalexdad/GitHub/WalkingRobotSim/install/ros2_navigation/share/ros2_navigation/hook/ament_prefix_path.ps1'
[0.468s] INFO:colcon.colcon_core.shell:Creating environment descriptor '/home/redalexdad/GitHub/WalkingRobotSim/install/ros2_navigation/share/ros2_navigation/hook/ament_prefix_path.dsv'
[0.468s] INFO:colcon.colcon_core.shell:Creating environment hook '/home/redalexdad/GitHub/WalkingRobotSim/install/ros2_navigation/share/ros2_navigation/hook/ament_prefix_path.sh'
[0.469s] INFO:colcon.colcon_core.shell:Skip shell extension 'powershell' for command environment: Not usable outside of PowerShell
[0.469s] DEBUG:colcon.colcon_core.shell:Skip shell extension 'dsv' for command environment
[0.474s] INFO:colcon.colcon_ros.task.ament_python.build:Building ROS package in '/home/redalexdad/GitHub/WalkingRobotSim/src/ros2_odometry' with build type 'ament_python'
[0.475s] Level 1:colcon.colcon_core.shell:create_environment_hook('ros2_odometry', 'ament_prefix_path')
[0.475s] INFO:colcon.colcon_core.shell:Creating environment hook '/home/redalexdad/GitHub/WalkingRobotSim/install/ros2_odometry/share/ros2_odometry/hook/ament_prefix_path.ps1'
[0.475s] INFO:colcon.colcon_core.shell:Creating environment descriptor '/home/redalexdad/GitHub/WalkingRobotSim/install/ros2_odometry/share/ros2_odometry/hook/ament_prefix_path.dsv'
[0.476s] INFO:colcon.colcon_core.shell:Creating environment hook '/home/redalexdad/GitHub/WalkingRobotSim/install/ros2_odometry/share/ros2_odometry/hook/ament_prefix_path.sh'
[0.476s] INFO:colcon.colcon_core.shell:Skip shell extension 'powershell' for command environment: Not usable outside of PowerShell
[0.476s] DEBUG:colcon.colcon_core.shell:Skip shell extension 'dsv' for command environment
[0.487s] DEBUG:colcon.colcon_core.event_handler.log_command:Invoking command in '/home/redalexdad/GitHub/WalkingRobotSim/build/ros2_unitree_legged_msgs': CMAKE_PREFIX_PATH=${CMAKE_PREFIX_PATH}:/home/redalexdad/GitHub/WalkingRobotSim/install/ros2_yolo_recognition:/home/redalexdad/GitHub/WalkingRobotSim/install/ros2_odometry:/home/redalexdad/GitHub/WalkingRobotSim/install/ros2_navigation:/home/redalexdad/GitHub/WalkingRobotSim/install/ros2_cartography:/opt/ros/jazzy DEBUGINFOD_URLS=https://debuginfod.ubuntu.com /usr/bin/cmake --build /home/redalexdad/GitHub/WalkingRobotSim/build/ros2_unitree_legged_msgs -- -j16 -l16
[0.490s] DEBUG:colcon.colcon_core.event_handler.log_command:Invoking command in '/home/redalexdad/GitHub/WalkingRobotSim/build/yolo_msgs': CMAKE_PREFIX_PATH=${CMAKE_PREFIX_PATH}:/home/redalexdad/GitHub/WalkingRobotSim/install/ros2_yolo_recognition:/home/redalexdad/GitHub/WalkingRobotSim/install/ros2_odometry:/home/redalexdad/GitHub/WalkingRobotSim/install/ros2_navigation:/home/redalexdad/GitHub/WalkingRobotSim/install/ros2_cartography:/opt/ros/jazzy DEBUGINFOD_URLS=https://debuginfod.ubuntu.com /usr/bin/cmake --build /home/redalexdad/GitHub/WalkingRobotSim/build/yolo_msgs -- -j16 -l16
[0.493s] DEBUG:colcon.colcon_core.event_handler.log_command:Invoking command in '/home/redalexdad/GitHub/WalkingRobotSim/build/go1_description': CMAKE_PREFIX_PATH=${CMAKE_PREFIX_PATH}:/home/redalexdad/GitHub/WalkingRobotSim/install/ros2_yolo_recognition:/home/redalexdad/GitHub/WalkingRobotSim/install/ros2_odometry:/home/redalexdad/GitHub/WalkingRobotSim/install/ros2_navigation:/home/redalexdad/GitHub/WalkingRobotSim/install/ros2_cartography:/opt/ros/jazzy DEBUGINFOD_URLS=https://debuginfod.ubuntu.com /usr/bin/cmake --build /home/redalexdad/GitHub/WalkingRobotSim/build/go1_description -- -j16 -l16
[0.497s] DEBUG:colcon.colcon_core.event_handler.log_command:Invoking command in '/home/redalexdad/GitHub/WalkingRobotSim/build/go2_description': CMAKE_PREFIX_PATH=${CMAKE_PREFIX_PATH}:/home/redalexdad/GitHub/WalkingRobotSim/install/ros2_yolo_recognition:/home/redalexdad/GitHub/WalkingRobotSim/install/ros2_odometry:/home/redalexdad/GitHub/WalkingRobotSim/install/ros2_navigation:/home/redalexdad/GitHub/WalkingRobotSim/install/ros2_cartography:/opt/ros/jazzy DEBUGINFOD_URLS=https://debuginfod.ubuntu.com /usr/bin/cmake --build /home/redalexdad/GitHub/WalkingRobotSim/build/go2_description -- -j16 -l16
[0.872s] INFO:colcon.colcon_core.task.python.build:Building Python package in '/home/redalexdad/GitHub/WalkingRobotSim/src/ros2_cartography'
[0.872s] INFO:colcon.colcon_core.shell:Skip shell extension 'powershell' for command environment: Not usable outside of PowerShell
[0.872s] DEBUG:colcon.colcon_core.shell:Skip shell extension 'dsv' for command environment
[0.883s] DEBUG:colcon.colcon_core.event_handler.log_command:Invoking command in '/home/redalexdad/GitHub/WalkingRobotSim/build/ros2_gazebo': CMAKE_PREFIX_PATH=${CMAKE_PREFIX_PATH}:/home/redalexdad/GitHub/WalkingRobotSim/install/ros2_yolo_recognition:/home/redalexdad/GitHub/WalkingRobotSim/install/ros2_odometry:/home/redalexdad/GitHub/WalkingRobotSim/install/ros2_navigation:/home/redalexdad/GitHub/WalkingRobotSim/install/ros2_cartography:/opt/ros/jazzy DEBUGINFOD_URLS=https://debuginfod.ubuntu.com /usr/bin/cmake --build /home/redalexdad/GitHub/WalkingRobotSim/build/ros2_gazebo -- -j16 -l16
[1.177s] INFO:colcon.colcon_core.task.python.build:Building Python package in '/home/redalexdad/GitHub/WalkingRobotSim/src/ros2_navigation'
[1.178s] INFO:colcon.colcon_core.shell:Skip shell extension 'powershell' for command environment: Not usable outside of PowerShell
[1.178s] DEBUG:colcon.colcon_core.shell:Skip shell extension 'dsv' for command environment
[1.483s] INFO:colcon.colcon_core.task.python.build:Building Python package in '/home/redalexdad/GitHub/WalkingRobotSim/src/ros2_odometry'
[1.483s] INFO:colcon.colcon_core.shell:Skip shell extension 'powershell' for command environment: Not usable outside of PowerShell
[1.483s] DEBUG:colcon.colcon_core.shell:Skip shell extension 'dsv' for command environment
[1.497s] DEBUG:colcon.colcon_core.event_handler.log_command:Invoked command in '/home/redalexdad/GitHub/WalkingRobotSim/build/ros2_unitree_legged_msgs' returned '0': CMAKE_PREFIX_PATH=${CMAKE_PREFIX_PATH}:/home/redalexdad/GitHub/WalkingRobotSim/install/ros2_yolo_recognition:/home/redalexdad/GitHub/WalkingRobotSim/install/ros2_odometry:/home/redalexdad/GitHub/WalkingRobotSim/install/ros2_navigation:/home/redalexdad/GitHub/WalkingRobotSim/install/ros2_cartography:/opt/ros/jazzy DEBUGINFOD_URLS=https://debuginfod.ubuntu.com /usr/bin/cmake --build /home/redalexdad/GitHub/WalkingRobotSim/build/ros2_unitree_legged_msgs -- -j16 -l16
[1.528s] DEBUG:colcon.colcon_core.event_handler.log_command:Invoking command in '/home/redalexdad/GitHub/WalkingRobotSim/build/ros2_unitree_legged_msgs': CMAKE_PREFIX_PATH=${CMAKE_PREFIX_PATH}:/home/redalexdad/GitHub/WalkingRobotSim/install/ros2_yolo_recognition:/home/redalexdad/GitHub/WalkingRobotSim/install/ros2_odometry:/home/redalexdad/GitHub/WalkingRobotSim/install/ros2_navigation:/home/redalexdad/GitHub/WalkingRobotSim/install/ros2_cartography:/opt/ros/jazzy DEBUGINFOD_URLS=https://debuginfod.ubuntu.com /usr/bin/cmake --install /home/redalexdad/GitHub/WalkingRobotSim/build/ros2_unitree_legged_msgs
[1.529s] DEBUG:colcon.colcon_core.event_handler.log_command:Invoked command in '/home/redalexdad/GitHub/WalkingRobotSim/build/yolo_msgs' returned '0': CMAKE_PREFIX_PATH=${CMAKE_PREFIX_PATH}:/home/redalexdad/GitHub/WalkingRobotSim/install/ros2_yolo_recognition:/home/redalexdad/GitHub/WalkingRobotSim/install/ros2_odometry:/home/redalexdad/GitHub/WalkingRobotSim/install/ros2_navigation:/home/redalexdad/GitHub/WalkingRobotSim/install/ros2_cartography:/opt/ros/jazzy DEBUGINFOD_URLS=https://debuginfod.ubuntu.com /usr/bin/cmake --build /home/redalexdad/GitHub/WalkingRobotSim/build/yolo_msgs -- -j16 -l16
[1.532s] DEBUG:colcon.colcon_core.event_handler.log_command:Invoking command in '/home/redalexdad/GitHub/WalkingRobotSim/build/yolo_msgs': CMAKE_PREFIX_PATH=${CMAKE_PREFIX_PATH}:/home/redalexdad/GitHub/WalkingRobotSim/install/ros2_yolo_recognition:/home/redalexdad/GitHub/WalkingRobotSim/install/ros2_odometry:/home/redalexdad/GitHub/WalkingRobotSim/install/ros2_navigation:/home/redalexdad/GitHub/WalkingRobotSim/install/ros2_cartography:/opt/ros/jazzy DEBUGINFOD_URLS=https://debuginfod.ubuntu.com /usr/bin/cmake --install /home/redalexdad/GitHub/WalkingRobotSim/build/yolo_msgs
[1.533s] DEBUG:colcon.colcon_core.event_handler.log_command:Invoked command in '/home/redalexdad/GitHub/WalkingRobotSim/build/go1_description' returned '0': CMAKE_PREFIX_PATH=${CMAKE_PREFIX_PATH}:/home/redalexdad/GitHub/WalkingRobotSim/install/ros2_yolo_recognition:/home/redalexdad/GitHub/WalkingRobotSim/install/ros2_odometry:/home/redalexdad/GitHub/WalkingRobotSim/install/ros2_navigation:/home/redalexdad/GitHub/WalkingRobotSim/install/ros2_cartography:/opt/ros/jazzy DEBUGINFOD_URLS=https://debuginfod.ubuntu.com /usr/bin/cmake --build /home/redalexdad/GitHub/WalkingRobotSim/build/go1_description -- -j16 -l16
[1.535s] DEBUG:colcon.colcon_core.event_handler.log_command:Invoking command in '/home/redalexdad/GitHub/WalkingRobotSim/build/go1_description': CMAKE_PREFIX_PATH=${CMAKE_PREFIX_PATH}:/home/redalexdad/GitHub/WalkingRobotSim/install/ros2_yolo_recognition:/home/redalexdad/GitHub/WalkingRobotSim/install/ros2_odometry:/home/redalexdad/GitHub/WalkingRobotSim/install/ros2_navigation:/home/redalexdad/GitHub/WalkingRobotSim/install/ros2_cartography:/opt/ros/jazzy DEBUGINFOD_URLS=https://debuginfod.ubuntu.com /usr/bin/cmake --install /home/redalexdad/GitHub/WalkingRobotSim/build/go1_description
[1.536s] DEBUG:colcon.colcon_core.event_handler.log_command:Invoked command in '/home/redalexdad/GitHub/WalkingRobotSim/build/go2_description' returned '0': CMAKE_PREFIX_PATH=${CMAKE_PREFIX_PATH}:/home/redalexdad/GitHub/WalkingRobotSim/install/ros2_yolo_recognition:/home/redalexdad/GitHub/WalkingRobotSim/install/ros2_odometry:/home/redalexdad/GitHub/WalkingRobotSim/install/ros2_navigation:/home/redalexdad/GitHub/WalkingRobotSim/install/ros2_cartography:/opt/ros/jazzy DEBUGINFOD_URLS=https://debuginfod.ubuntu.com /usr/bin/cmake --build /home/redalexdad/GitHub/WalkingRobotSim/build/go2_description -- -j16 -l16
[1.538s] DEBUG:colcon.colcon_core.event_handler.log_command:Invoking command in '/home/redalexdad/GitHub/WalkingRobotSim/build/go2_description': CMAKE_PREFIX_PATH=${CMAKE_PREFIX_PATH}:/home/redalexdad/GitHub/WalkingRobotSim/install/ros2_yolo_recognition:/home/redalexdad/GitHub/WalkingRobotSim/install/ros2_odometry:/home/redalexdad/GitHub/WalkingRobotSim/install/ros2_navigation:/home/redalexdad/GitHub/WalkingRobotSim/install/ros2_cartography:/opt/ros/jazzy DEBUGINFOD_URLS=https://debuginfod.ubuntu.com /usr/bin/cmake --install /home/redalexdad/GitHub/WalkingRobotSim/build/go2_description
[1.540s] DEBUG:colcon.colcon_core.event_handler.log_command:Invoked command in '/home/redalexdad/GitHub/WalkingRobotSim/build/ros2_gazebo' returned '0': CMAKE_PREFIX_PATH=${CMAKE_PREFIX_PATH}:/home/redalexdad/GitHub/WalkingRobotSim/install/ros2_yolo_recognition:/home/redalexdad/GitHub/WalkingRobotSim/install/ros2_odometry:/home/redalexdad/GitHub/WalkingRobotSim/install/ros2_navigation:/home/redalexdad/GitHub/WalkingRobotSim/install/ros2_cartography:/opt/ros/jazzy DEBUGINFOD_URLS=https://debuginfod.ubuntu.com /usr/bin/cmake --build /home/redalexdad/GitHub/WalkingRobotSim/build/ros2_gazebo -- -j16 -l16
[1.542s] DEBUG:colcon.colcon_core.event_handler.log_command:Invoking command in '/home/redalexdad/GitHub/WalkingRobotSim/build/ros2_gazebo': CMAKE_PREFIX_PATH=${CMAKE_PREFIX_PATH}:/home/redalexdad/GitHub/WalkingRobotSim/install/ros2_yolo_recognition:/home/redalexdad/GitHub/WalkingRobotSim/install/ros2_odometry:/home/redalexdad/GitHub/WalkingRobotSim/install/ros2_navigation:/home/redalexdad/GitHub/WalkingRobotSim/install/ros2_cartography:/opt/ros/jazzy DEBUGINFOD_URLS=https://debuginfod.ubuntu.com /usr/bin/cmake --install /home/redalexdad/GitHub/WalkingRobotSim/build/ros2_gazebo
[1.558s] Level 1:colcon.colcon_core.environment:create_environment_scripts_only(go1_description)
[1.576s] Level 1:colcon.colcon_core.environment:checking '/home/redalexdad/GitHub/WalkingRobotSim/install/go1_description' for CMake module files
[1.578s] Level 1:colcon.colcon_core.environment:checking '/home/redalexdad/GitHub/WalkingRobotSim/install/go1_description' for CMake config files
[1.580s] Level 1:colcon.colcon_core.shell:create_environment_hook('go1_description', 'cmake_prefix_path')
[1.580s] INFO:colcon.colcon_core.shell:Creating environment hook '/home/redalexdad/GitHub/WalkingRobotSim/install/go1_description/share/go1_description/hook/cmake_prefix_path.ps1'
[1.581s] INFO:colcon.colcon_core.shell:Creating environment descriptor '/home/redalexdad/GitHub/WalkingRobotSim/install/go1_description/share/go1_description/hook/cmake_prefix_path.dsv'
[1.582s] INFO:colcon.colcon_core.shell:Creating environment hook '/home/redalexdad/GitHub/WalkingRobotSim/install/go1_description/share/go1_description/hook/cmake_prefix_path.sh'
[1.584s] Level 1:colcon.colcon_core.environment:checking '/home/redalexdad/GitHub/WalkingRobotSim/install/go1_description/bin'
[1.584s] Level 1:colcon.colcon_core.environment:checking '/home/redalexdad/GitHub/WalkingRobotSim/install/go1_description/lib/pkgconfig/go1_description.pc'
[1.584s] Level 1:colcon.colcon_core.environment:checking '/home/redalexdad/GitHub/WalkingRobotSim/install/go1_description/lib/python3.12/site-packages'
[1.585s] Level 1:colcon.colcon_core.environment:checking '/home/redalexdad/GitHub/WalkingRobotSim/install/go1_description/bin'
[1.585s] INFO:colcon.colcon_core.shell:Creating package script '/home/redalexdad/GitHub/WalkingRobotSim/install/go1_description/share/go1_description/package.ps1'
[1.586s] INFO:colcon.colcon_core.shell:Creating package descriptor '/home/redalexdad/GitHub/WalkingRobotSim/install/go1_description/share/go1_description/package.dsv'
[1.587s] INFO:colcon.colcon_core.shell:Creating package script '/home/redalexdad/GitHub/WalkingRobotSim/install/go1_description/share/go1_description/package.sh'
[1.589s] INFO:colcon.colcon_core.shell:Creating package script '/home/redalexdad/GitHub/WalkingRobotSim/install/go1_description/share/go1_description/package.bash'
[1.590s] INFO:colcon.colcon_core.shell:Creating package script '/home/redalexdad/GitHub/WalkingRobotSim/install/go1_description/share/go1_description/package.zsh'
[1.591s] Level 1:colcon.colcon_core.environment:create_file_with_runtime_dependencies(/home/redalexdad/GitHub/WalkingRobotSim/install/go1_description/share/colcon-core/packages/go1_description)
[1.593s] Level 1:colcon.colcon_core.environment:create_environment_scripts_only(go1_description)
[1.594s] Level 1:colcon.colcon_core.environment:checking '/home/redalexdad/GitHub/WalkingRobotSim/install/go1_description' for CMake module files
[1.598s] Level 1:colcon.colcon_core.environment:checking '/home/redalexdad/GitHub/WalkingRobotSim/install/go1_description' for CMake config files
[1.617s] DEBUG:colcon.colcon_core.event_handler.log_command:Invoked command in '/home/redalexdad/GitHub/WalkingRobotSim/build/go1_description' returned '0': CMAKE_PREFIX_PATH=${CMAKE_PREFIX_PATH}:/home/redalexdad/GitHub/WalkingRobotSim/install/ros2_yolo_recognition:/home/redalexdad/GitHub/WalkingRobotSim/install/ros2_odometry:/home/redalexdad/GitHub/WalkingRobotSim/install/ros2_navigation:/home/redalexdad/GitHub/WalkingRobotSim/install/ros2_cartography:/opt/ros/jazzy DEBUGINFOD_URLS=https://debuginfod.ubuntu.com /usr/bin/cmake --install /home/redalexdad/GitHub/WalkingRobotSim/build/go1_description
[1.618s] Level 1:colcon.colcon_core.shell:create_environment_hook('go1_description', 'cmake_prefix_path')
[1.618s] INFO:colcon.colcon_core.shell:Creating environment hook '/home/redalexdad/GitHub/WalkingRobotSim/install/go1_description/share/go1_description/hook/cmake_prefix_path.ps1'
[1.619s] INFO:colcon.colcon_core.shell:Creating environment descriptor '/home/redalexdad/GitHub/WalkingRobotSim/install/go1_description/share/go1_description/hook/cmake_prefix_path.dsv'
[1.619s] INFO:colcon.colcon_core.shell:Creating environment hook '/home/redalexdad/GitHub/WalkingRobotSim/install/go1_description/share/go1_description/hook/cmake_prefix_path.sh'
[1.620s] Level 1:colcon.colcon_core.environment:checking '/home/redalexdad/GitHub/WalkingRobotSim/install/go1_description/bin'
[1.620s] Level 1:colcon.colcon_core.environment:checking '/home/redalexdad/GitHub/WalkingRobotSim/install/go1_description/lib/pkgconfig/go1_description.pc'
[1.621s] Level 1:colcon.colcon_core.environment:checking '/home/redalexdad/GitHub/WalkingRobotSim/install/go1_description/lib/python3.12/site-packages'
[1.621s] Level 1:colcon.colcon_core.environment:checking '/home/redalexdad/GitHub/WalkingRobotSim/install/go1_description/bin'
[1.622s] INFO:colcon.colcon_core.shell:Creating package script '/home/redalexdad/GitHub/WalkingRobotSim/install/go1_description/share/go1_description/package.ps1'
[1.622s] INFO:colcon.colcon_core.shell:Creating package descriptor '/home/redalexdad/GitHub/WalkingRobotSim/install/go1_description/share/go1_description/package.dsv'
[1.623s] INFO:colcon.colcon_core.shell:Creating package script '/home/redalexdad/GitHub/WalkingRobotSim/install/go1_description/share/go1_description/package.sh'
[1.624s] INFO:colcon.colcon_core.shell:Creating package script '/home/redalexdad/GitHub/WalkingRobotSim/install/go1_description/share/go1_description/package.bash'
[1.625s] INFO:colcon.colcon_core.shell:Creating package script '/home/redalexdad/GitHub/WalkingRobotSim/install/go1_description/share/go1_description/package.zsh'
[1.625s] Level 1:colcon.colcon_core.environment:create_file_with_runtime_dependencies(/home/redalexdad/GitHub/WalkingRobotSim/install/go1_description/share/colcon-core/packages/go1_description)
[1.635s] Level 1:colcon.colcon_core.environment:create_environment_scripts_only(go2_description)
[1.636s] Level 1:colcon.colcon_core.environment:checking '/home/redalexdad/GitHub/WalkingRobotSim/install/go2_description' for CMake module files
[1.643s] Level 1:colcon.colcon_core.environment:checking '/home/redalexdad/GitHub/WalkingRobotSim/install/go2_description' for CMake config files
[1.685s] DEBUG:colcon.colcon_core.event_handler.log_command:Invoked command in '/home/redalexdad/GitHub/WalkingRobotSim/build/go2_description' returned '0': CMAKE_PREFIX_PATH=${CMAKE_PREFIX_PATH}:/home/redalexdad/GitHub/WalkingRobotSim/install/ros2_yolo_recognition:/home/redalexdad/GitHub/WalkingRobotSim/install/ros2_odometry:/home/redalexdad/GitHub/WalkingRobotSim/install/ros2_navigation:/home/redalexdad/GitHub/WalkingRobotSim/install/ros2_cartography:/opt/ros/jazzy DEBUGINFOD_URLS=https://debuginfod.ubuntu.com /usr/bin/cmake --install /home/redalexdad/GitHub/WalkingRobotSim/build/go2_description
[1.686s] Level 1:colcon.colcon_core.shell:create_environment_hook('go2_description', 'cmake_prefix_path')
[1.686s] INFO:colcon.colcon_core.shell:Creating environment hook '/home/redalexdad/GitHub/WalkingRobotSim/install/go2_description/share/go2_description/hook/cmake_prefix_path.ps1'
[1.686s] INFO:colcon.colcon_core.shell:Creating environment descriptor '/home/redalexdad/GitHub/WalkingRobotSim/install/go2_description/share/go2_description/hook/cmake_prefix_path.dsv'
[1.687s] INFO:colcon.colcon_core.shell:Creating environment hook '/home/redalexdad/GitHub/WalkingRobotSim/install/go2_description/share/go2_description/hook/cmake_prefix_path.sh'
[1.687s] Level 1:colcon.colcon_core.environment:checking '/home/redalexdad/GitHub/WalkingRobotSim/install/go2_description/bin'
[1.688s] Level 1:colcon.colcon_core.environment:checking '/home/redalexdad/GitHub/WalkingRobotSim/install/go2_description/lib/pkgconfig/go2_description.pc'
[1.688s] Level 1:colcon.colcon_core.environment:checking '/home/redalexdad/GitHub/WalkingRobotSim/install/go2_description/lib/python3.12/site-packages'
[1.688s] Level 1:colcon.colcon_core.environment:checking '/home/redalexdad/GitHub/WalkingRobotSim/install/go2_description/bin'
[1.689s] INFO:colcon.colcon_core.shell:Creating package script '/home/redalexdad/GitHub/WalkingRobotSim/install/go2_description/share/go2_description/package.ps1'
[1.690s] INFO:colcon.colcon_core.shell:Creating package descriptor '/home/redalexdad/GitHub/WalkingRobotSim/install/go2_description/share/go2_description/package.dsv'
[1.690s] INFO:colcon.colcon_core.shell:Creating package script '/home/redalexdad/GitHub/WalkingRobotSim/install/go2_description/share/go2_description/package.sh'
[1.691s] INFO:colcon.colcon_core.shell:Creating package script '/home/redalexdad/GitHub/WalkingRobotSim/install/go2_description/share/go2_description/package.bash'
[1.691s] INFO:colcon.colcon_core.shell:Creating package script '/home/redalexdad/GitHub/WalkingRobotSim/install/go2_description/share/go2_description/package.zsh'
[1.691s] Level 1:colcon.colcon_core.environment:create_file_with_runtime_dependencies(/home/redalexdad/GitHub/WalkingRobotSim/install/go2_description/share/colcon-core/packages/go2_description)
[1.692s] Level 1:colcon.colcon_core.environment:create_environment_scripts_only(go2_description)
[1.692s] Level 1:colcon.colcon_core.environment:checking '/home/redalexdad/GitHub/WalkingRobotSim/install/go2_description' for CMake module files
[1.693s] Level 1:colcon.colcon_core.environment:checking '/home/redalexdad/GitHub/WalkingRobotSim/install/go2_description' for CMake config files
[1.693s] Level 1:colcon.colcon_core.shell:create_environment_hook('go2_description', 'cmake_prefix_path')
[1.693s] INFO:colcon.colcon_core.shell:Creating environment hook '/home/redalexdad/GitHub/WalkingRobotSim/install/go2_description/share/go2_description/hook/cmake_prefix_path.ps1'
[1.694s] INFO:colcon.colcon_core.shell:Creating environment descriptor '/home/redalexdad/GitHub/WalkingRobotSim/install/go2_description/share/go2_description/hook/cmake_prefix_path.dsv'
[1.694s] INFO:colcon.colcon_core.shell:Creating environment hook '/home/redalexdad/GitHub/WalkingRobotSim/install/go2_description/share/go2_description/hook/cmake_prefix_path.sh'
[1.695s] Level 1:colcon.colcon_core.environment:checking '/home/redalexdad/GitHub/WalkingRobotSim/install/go2_description/bin'
[1.695s] Level 1:colcon.colcon_core.environment:checking '/home/redalexdad/GitHub/WalkingRobotSim/install/go2_description/lib/pkgconfig/go2_description.pc'
[1.695s] Level 1:colcon.colcon_core.environment:checking '/home/redalexdad/GitHub/WalkingRobotSim/install/go2_description/lib/python3.12/site-packages'
[1.696s] Level 1:colcon.colcon_core.environment:checking '/home/redalexdad/GitHub/WalkingRobotSim/install/go2_description/bin'
[1.696s] INFO:colcon.colcon_core.shell:Creating package script '/home/redalexdad/GitHub/WalkingRobotSim/install/go2_description/share/go2_description/package.ps1'
[1.696s] INFO:colcon.colcon_core.shell:Creating package descriptor '/home/redalexdad/GitHub/WalkingRobotSim/install/go2_description/share/go2_description/package.dsv'
[1.697s] INFO:colcon.colcon_core.shell:Creating package script '/home/redalexdad/GitHub/WalkingRobotSim/install/go2_description/share/go2_description/package.sh'
[1.698s] INFO:colcon.colcon_core.shell:Creating package script '/home/redalexdad/GitHub/WalkingRobotSim/install/go2_description/share/go2_description/package.bash'
[1.698s] INFO:colcon.colcon_core.shell:Creating package script '/home/redalexdad/GitHub/WalkingRobotSim/install/go2_description/share/go2_description/package.zsh'
[1.699s] Level 1:colcon.colcon_core.environment:create_file_with_runtime_dependencies(/home/redalexdad/GitHub/WalkingRobotSim/install/go2_description/share/colcon-core/packages/go2_description)
[1.699s] Level 1:colcon.colcon_core.environment:create_environment_scripts_only(ros2_gazebo)
[1.699s] Level 1:colcon.colcon_core.environment:checking '/home/redalexdad/GitHub/WalkingRobotSim/install/ros2_gazebo' for CMake module files
[1.701s] DEBUG:colcon.colcon_core.event_handler.log_command:Invoked command in '/home/redalexdad/GitHub/WalkingRobotSim/build/ros2_gazebo' returned '0': CMAKE_PREFIX_PATH=${CMAKE_PREFIX_PATH}:/home/redalexdad/GitHub/WalkingRobotSim/install/ros2_yolo_recognition:/home/redalexdad/GitHub/WalkingRobotSim/install/ros2_odometry:/home/redalexdad/GitHub/WalkingRobotSim/install/ros2_navigation:/home/redalexdad/GitHub/WalkingRobotSim/install/ros2_cartography:/opt/ros/jazzy DEBUGINFOD_URLS=https://debuginfod.ubuntu.com /usr/bin/cmake --install /home/redalexdad/GitHub/WalkingRobotSim/build/ros2_gazebo
[1.701s] Level 1:colcon.colcon_core.environment:checking '/home/redalexdad/GitHub/WalkingRobotSim/install/ros2_gazebo' for CMake config files
[1.701s] Level 1:colcon.colcon_core.shell:create_environment_hook('ros2_gazebo', 'cmake_prefix_path')
[1.701s] INFO:colcon.colcon_core.shell:Creating environment hook '/home/redalexdad/GitHub/WalkingRobotSim/install/ros2_gazebo/share/ros2_gazebo/hook/cmake_prefix_path.ps1'
[1.702s] INFO:colcon.colcon_core.shell:Creating environment descriptor '/home/redalexdad/GitHub/WalkingRobotSim/install/ros2_gazebo/share/ros2_gazebo/hook/cmake_prefix_path.dsv'
[1.702s] INFO:colcon.colcon_core.shell:Creating environment hook '/home/redalexdad/GitHub/WalkingRobotSim/install/ros2_gazebo/share/ros2_gazebo/hook/cmake_prefix_path.sh'
[1.703s] Level 1:colcon.colcon_core.environment:checking '/home/redalexdad/GitHub/WalkingRobotSim/install/ros2_gazebo/bin'
[1.703s] Level 1:colcon.colcon_core.environment:checking '/home/redalexdad/GitHub/WalkingRobotSim/install/ros2_gazebo/lib/pkgconfig/ros2_gazebo.pc'
[1.703s] Level 1:colcon.colcon_core.environment:checking '/home/redalexdad/GitHub/WalkingRobotSim/install/ros2_gazebo/lib/python3.12/site-packages'
[1.703s] Level 1:colcon.colcon_core.environment:checking '/home/redalexdad/GitHub/WalkingRobotSim/install/ros2_gazebo/bin'
[1.704s] INFO:colcon.colcon_core.shell:Creating package script '/home/redalexdad/GitHub/WalkingRobotSim/install/ros2_gazebo/share/ros2_gazebo/package.ps1'
[1.704s] INFO:colcon.colcon_core.shell:Creating package descriptor '/home/redalexdad/GitHub/WalkingRobotSim/install/ros2_gazebo/share/ros2_gazebo/package.dsv'
[1.705s] INFO:colcon.colcon_core.shell:Creating package script '/home/redalexdad/GitHub/WalkingRobotSim/install/ros2_gazebo/share/ros2_gazebo/package.sh'
[1.705s] INFO:colcon.colcon_core.shell:Creating package script '/home/redalexdad/GitHub/WalkingRobotSim/install/ros2_gazebo/share/ros2_gazebo/package.bash'
[1.705s] INFO:colcon.colcon_core.shell:Creating package script '/home/redalexdad/GitHub/WalkingRobotSim/install/ros2_gazebo/share/ros2_gazebo/package.zsh'
[1.706s] Level 1:colcon.colcon_core.environment:create_file_with_runtime_dependencies(/home/redalexdad/GitHub/WalkingRobotSim/install/ros2_gazebo/share/colcon-core/packages/ros2_gazebo)
[1.706s] Level 1:colcon.colcon_core.environment:create_environment_scripts_only(ros2_gazebo)
[1.706s] Level 1:colcon.colcon_core.environment:checking '/home/redalexdad/GitHub/WalkingRobotSim/install/ros2_gazebo' for CMake module files
[1.707s] Level 1:colcon.colcon_core.environment:checking '/home/redalexdad/GitHub/WalkingRobotSim/install/ros2_gazebo' for CMake config files
[1.707s] Level 1:colcon.colcon_core.shell:create_environment_hook('ros2_gazebo', 'cmake_prefix_path')
[1.708s] INFO:colcon.colcon_core.shell:Creating environment hook '/home/redalexdad/GitHub/WalkingRobotSim/install/ros2_gazebo/share/ros2_gazebo/hook/cmake_prefix_path.ps1'
[1.708s] INFO:colcon.colcon_core.shell:Creating environment descriptor '/home/redalexdad/GitHub/WalkingRobotSim/install/ros2_gazebo/share/ros2_gazebo/hook/cmake_prefix_path.dsv'
[1.708s] INFO:colcon.colcon_core.shell:Creating environment hook '/home/redalexdad/GitHub/WalkingRobotSim/install/ros2_gazebo/share/ros2_gazebo/hook/cmake_prefix_path.sh'
[1.709s] Level 1:colcon.colcon_core.environment:checking '/home/redalexdad/GitHub/WalkingRobotSim/install/ros2_gazebo/bin'
[1.709s] Level 1:colcon.colcon_core.environment:checking '/home/redalexdad/GitHub/WalkingRobotSim/install/ros2_gazebo/lib/pkgconfig/ros2_gazebo.pc'
[1.709s] Level 1:colcon.colcon_core.environment:checking '/home/redalexdad/GitHub/WalkingRobotSim/install/ros2_gazebo/lib/python3.12/site-packages'
[1.710s] Level 1:colcon.colcon_core.environment:checking '/home/redalexdad/GitHub/WalkingRobotSim/install/ros2_gazebo/bin'
[1.710s] INFO:colcon.colcon_core.shell:Creating package script '/home/redalexdad/GitHub/WalkingRobotSim/install/ros2_gazebo/share/ros2_gazebo/package.ps1'
[1.710s] INFO:colcon.colcon_core.shell:Creating package descriptor '/home/redalexdad/GitHub/WalkingRobotSim/install/ros2_gazebo/share/ros2_gazebo/package.dsv'
[1.711s] INFO:colcon.colcon_core.shell:Creating package script '/home/redalexdad/GitHub/WalkingRobotSim/install/ros2_gazebo/share/ros2_gazebo/package.sh'
[1.711s] INFO:colcon.colcon_core.shell:Creating package script '/home/redalexdad/GitHub/WalkingRobotSim/install/ros2_gazebo/share/ros2_gazebo/package.bash'
[1.712s] INFO:colcon.colcon_core.shell:Creating package script '/home/redalexdad/GitHub/WalkingRobotSim/install/ros2_gazebo/share/ros2_gazebo/package.zsh'
[1.712s] Level 1:colcon.colcon_core.environment:create_file_with_runtime_dependencies(/home/redalexdad/GitHub/WalkingRobotSim/install/ros2_gazebo/share/colcon-core/packages/ros2_gazebo)
[1.714s] Level 1:colcon.colcon_core.environment:create_environment_scripts_only(ros2_unitree_legged_msgs)
[1.715s] Level 1:colcon.colcon_core.environment:checking '/home/redalexdad/GitHub/WalkingRobotSim/install/ros2_unitree_legged_msgs' for CMake module files
[1.723s] Level 1:colcon.colcon_core.environment:checking '/home/redalexdad/GitHub/WalkingRobotSim/install/ros2_unitree_legged_msgs' for CMake config files
[1.733s] DEBUG:colcon.colcon_core.event_handler.log_command:Invoked command in '/home/redalexdad/GitHub/WalkingRobotSim/build/ros2_unitree_legged_msgs' returned '0': CMAKE_PREFIX_PATH=${CMAKE_PREFIX_PATH}:/home/redalexdad/GitHub/WalkingRobotSim/install/ros2_yolo_recognition:/home/redalexdad/GitHub/WalkingRobotSim/install/ros2_odometry:/home/redalexdad/GitHub/WalkingRobotSim/install/ros2_navigation:/home/redalexdad/GitHub/WalkingRobotSim/install/ros2_cartography:/opt/ros/jazzy DEBUGINFOD_URLS=https://debuginfod.ubuntu.com /usr/bin/cmake --install /home/redalexdad/GitHub/WalkingRobotSim/build/ros2_unitree_legged_msgs
[1.733s] Level 1:colcon.colcon_core.shell:create_environment_hook('ros2_unitree_legged_msgs', 'cmake_prefix_path')
[1.734s] INFO:colcon.colcon_core.shell:Creating environment hook '/home/redalexdad/GitHub/WalkingRobotSim/install/ros2_unitree_legged_msgs/share/ros2_unitree_legged_msgs/hook/cmake_prefix_path.ps1'
[1.734s] INFO:colcon.colcon_core.shell:Creating environment descriptor '/home/redalexdad/GitHub/WalkingRobotSim/install/ros2_unitree_legged_msgs/share/ros2_unitree_legged_msgs/hook/cmake_prefix_path.dsv'
[1.735s] INFO:colcon.colcon_core.shell:Creating environment hook '/home/redalexdad/GitHub/WalkingRobotSim/install/ros2_unitree_legged_msgs/share/ros2_unitree_legged_msgs/hook/cmake_prefix_path.sh'
[1.736s] Level 1:colcon.colcon_core.environment:checking '/home/redalexdad/GitHub/WalkingRobotSim/install/ros2_unitree_legged_msgs/lib'
[1.736s] Level 1:colcon.colcon_core.shell:create_environment_hook('ros2_unitree_legged_msgs', 'ld_library_path_lib')
[1.736s] INFO:colcon.colcon_core.shell:Creating environment hook '/home/redalexdad/GitHub/WalkingRobotSim/install/ros2_unitree_legged_msgs/share/ros2_unitree_legged_msgs/hook/ld_library_path_lib.ps1'
[1.737s] INFO:colcon.colcon_core.shell:Creating environment descriptor '/home/redalexdad/GitHub/WalkingRobotSim/install/ros2_unitree_legged_msgs/share/ros2_unitree_legged_msgs/hook/ld_library_path_lib.dsv'
[1.737s] INFO:colcon.colcon_core.shell:Creating environment hook '/home/redalexdad/GitHub/WalkingRobotSim/install/ros2_unitree_legged_msgs/share/ros2_unitree_legged_msgs/hook/ld_library_path_lib.sh'
[1.738s] Level 1:colcon.colcon_core.environment:checking '/home/redalexdad/GitHub/WalkingRobotSim/install/ros2_unitree_legged_msgs/bin'
[1.738s] Level 1:colcon.colcon_core.environment:checking '/home/redalexdad/GitHub/WalkingRobotSim/install/ros2_unitree_legged_msgs/lib/pkgconfig/ros2_unitree_legged_msgs.pc'
[1.738s] Level 1:colcon.colcon_core.environment:checking '/home/redalexdad/GitHub/WalkingRobotSim/install/ros2_unitree_legged_msgs/lib/python3.12/site-packages'
[1.738s] Level 1:colcon.colcon_core.shell:create_environment_hook('ros2_unitree_legged_msgs', 'pythonpath')
[1.739s] INFO:colcon.colcon_core.shell:Creating environment hook '/home/redalexdad/GitHub/WalkingRobotSim/install/ros2_unitree_legged_msgs/share/ros2_unitree_legged_msgs/hook/pythonpath.ps1'
[1.739s] INFO:colcon.colcon_core.shell:Creating environment descriptor '/home/redalexdad/GitHub/WalkingRobotSim/install/ros2_unitree_legged_msgs/share/ros2_unitree_legged_msgs/hook/pythonpath.dsv'
[1.740s] INFO:colcon.colcon_core.shell:Creating environment hook '/home/redalexdad/GitHub/WalkingRobotSim/install/ros2_unitree_legged_msgs/share/ros2_unitree_legged_msgs/hook/pythonpath.sh'
[1.741s] Level 1:colcon.colcon_core.environment:checking '/home/redalexdad/GitHub/WalkingRobotSim/install/ros2_unitree_legged_msgs/bin'
[1.741s] INFO:colcon.colcon_core.shell:Creating package script '/home/redalexdad/GitHub/WalkingRobotSim/install/ros2_unitree_legged_msgs/share/ros2_unitree_legged_msgs/package.ps1'
[1.742s] INFO:colcon.colcon_core.shell:Creating package descriptor '/home/redalexdad/GitHub/WalkingRobotSim/install/ros2_unitree_legged_msgs/share/ros2_unitree_legged_msgs/package.dsv'
[1.743s] INFO:colcon.colcon_core.shell:Creating package script '/home/redalexdad/GitHub/WalkingRobotSim/install/ros2_unitree_legged_msgs/share/ros2_unitree_legged_msgs/package.sh'
[1.743s] INFO:colcon.colcon_core.shell:Creating package script '/home/redalexdad/GitHub/WalkingRobotSim/install/ros2_unitree_legged_msgs/share/ros2_unitree_legged_msgs/package.bash'
[1.744s] INFO:colcon.colcon_core.shell:Creating package script '/home/redalexdad/GitHub/WalkingRobotSim/install/ros2_unitree_legged_msgs/share/ros2_unitree_legged_msgs/package.zsh'
[1.744s] Level 1:colcon.colcon_core.environment:create_file_with_runtime_dependencies(/home/redalexdad/GitHub/WalkingRobotSim/install/ros2_unitree_legged_msgs/share/colcon-core/packages/ros2_unitree_legged_msgs)
[1.745s] Level 1:colcon.colcon_core.environment:create_environment_scripts_only(ros2_unitree_legged_msgs)
[1.745s] Level 1:colcon.colcon_core.environment:checking '/home/redalexdad/GitHub/WalkingRobotSim/install/ros2_unitree_legged_msgs' for CMake module files
[1.746s] Level 1:colcon.colcon_core.environment:checking '/home/redalexdad/GitHub/WalkingRobotSim/install/ros2_unitree_legged_msgs' for CMake config files
[1.747s] Level 1:colcon.colcon_core.shell:create_environment_hook('ros2_unitree_legged_msgs', 'cmake_prefix_path')
[1.748s] INFO:colcon.colcon_core.shell:Creating environment hook '/home/redalexdad/GitHub/WalkingRobotSim/install/ros2_unitree_legged_msgs/share/ros2_unitree_legged_msgs/hook/cmake_prefix_path.ps1'
[1.748s] INFO:colcon.colcon_core.shell:Creating environment descriptor '/home/redalexdad/GitHub/WalkingRobotSim/install/ros2_unitree_legged_msgs/share/ros2_unitree_legged_msgs/hook/cmake_prefix_path.dsv'
[1.749s] INFO:colcon.colcon_core.shell:Creating environment hook '/home/redalexdad/GitHub/WalkingRobotSim/install/ros2_unitree_legged_msgs/share/ros2_unitree_legged_msgs/hook/cmake_prefix_path.sh'
[1.750s] Level 1:colcon.colcon_core.environment:checking '/home/redalexdad/GitHub/WalkingRobotSim/install/ros2_unitree_legged_msgs/lib'
[1.750s] Level 1:colcon.colcon_core.shell:create_environment_hook('ros2_unitree_legged_msgs', 'ld_library_path_lib')
[1.750s] INFO:colcon.colcon_core.shell:Creating environment hook '/home/redalexdad/GitHub/WalkingRobotSim/install/ros2_unitree_legged_msgs/share/ros2_unitree_legged_msgs/hook/ld_library_path_lib.ps1'
[1.750s] INFO:colcon.colcon_core.shell:Creating environment descriptor '/home/redalexdad/GitHub/WalkingRobotSim/install/ros2_unitree_legged_msgs/share/ros2_unitree_legged_msgs/hook/ld_library_path_lib.dsv'
[1.751s] INFO:colcon.colcon_core.shell:Creating environment hook '/home/redalexdad/GitHub/WalkingRobotSim/install/ros2_unitree_legged_msgs/share/ros2_unitree_legged_msgs/hook/ld_library_path_lib.sh'
[1.751s] Level 1:colcon.colcon_core.environment:checking '/home/redalexdad/GitHub/WalkingRobotSim/install/ros2_unitree_legged_msgs/bin'
[1.752s] Level 1:colcon.colcon_core.environment:checking '/home/redalexdad/GitHub/WalkingRobotSim/install/ros2_unitree_legged_msgs/lib/pkgconfig/ros2_unitree_legged_msgs.pc'
[1.752s] Level 1:colcon.colcon_core.environment:checking '/home/redalexdad/GitHub/WalkingRobotSim/install/ros2_unitree_legged_msgs/lib/python3.12/site-packages'
[1.752s] Level 1:colcon.colcon_core.shell:create_environment_hook('ros2_unitree_legged_msgs', 'pythonpath')
[1.752s] INFO:colcon.colcon_core.shell:Creating environment hook '/home/redalexdad/GitHub/WalkingRobotSim/install/ros2_unitree_legged_msgs/share/ros2_unitree_legged_msgs/hook/pythonpath.ps1'
[1.753s] INFO:colcon.colcon_core.shell:Creating environment descriptor '/home/redalexdad/GitHub/WalkingRobotSim/install/ros2_unitree_legged_msgs/share/ros2_unitree_legged_msgs/hook/pythonpath.dsv'
[1.753s] INFO:colcon.colcon_core.shell:Creating environment hook '/home/redalexdad/GitHub/WalkingRobotSim/install/ros2_unitree_legged_msgs/share/ros2_unitree_legged_msgs/hook/pythonpath.sh'
[1.754s] Level 1:colcon.colcon_core.environment:checking '/home/redalexdad/GitHub/WalkingRobotSim/install/ros2_unitree_legged_msgs/bin'
[1.755s] INFO:colcon.colcon_core.shell:Creating package script '/home/redalexdad/GitHub/WalkingRobotSim/install/ros2_unitree_legged_msgs/share/ros2_unitree_legged_msgs/package.ps1'
[1.755s] INFO:colcon.colcon_core.shell:Creating package descriptor '/home/redalexdad/GitHub/WalkingRobotSim/install/ros2_unitree_legged_msgs/share/ros2_unitree_legged_msgs/package.dsv'
[1.756s] INFO:colcon.colcon_core.shell:Creating package script '/home/redalexdad/GitHub/WalkingRobotSim/install/ros2_unitree_legged_msgs/share/ros2_unitree_legged_msgs/package.sh'
[1.757s] INFO:colcon.colcon_core.shell:Creating package script '/home/redalexdad/GitHub/WalkingRobotSim/install/ros2_unitree_legged_msgs/share/ros2_unitree_legged_msgs/package.bash'
[1.757s] INFO:colcon.colcon_core.shell:Creating package script '/home/redalexdad/GitHub/WalkingRobotSim/install/ros2_unitree_legged_msgs/share/ros2_unitree_legged_msgs/package.zsh'
[1.758s] Level 1:colcon.colcon_core.environment:create_file_with_runtime_dependencies(/home/redalexdad/GitHub/WalkingRobotSim/install/ros2_unitree_legged_msgs/share/colcon-core/packages/ros2_unitree_legged_msgs)
[1.758s] Level 1:colcon.colcon_core.environment:create_environment_scripts_only(yolo_msgs)
[1.758s] Level 1:colcon.colcon_core.environment:checking '/home/redalexdad/GitHub/WalkingRobotSim/install/yolo_msgs' for CMake module files
[1.760s] DEBUG:colcon.colcon_core.event_handler.log_command:Invoked command in '/home/redalexdad/GitHub/WalkingRobotSim/build/yolo_msgs' returned '0': CMAKE_PREFIX_PATH=${CMAKE_PREFIX_PATH}:/home/redalexdad/GitHub/WalkingRobotSim/install/ros2_yolo_recognition:/home/redalexdad/GitHub/WalkingRobotSim/install/ros2_odometry:/home/redalexdad/GitHub/WalkingRobotSim/install/ros2_navigation:/home/redalexdad/GitHub/WalkingRobotSim/install/ros2_cartography:/opt/ros/jazzy DEBUGINFOD_URLS=https://debuginfod.ubuntu.com /usr/bin/cmake --install /home/redalexdad/GitHub/WalkingRobotSim/build/yolo_msgs
[1.760s] Level 1:colcon.colcon_core.environment:checking '/home/redalexdad/GitHub/WalkingRobotSim/install/yolo_msgs' for CMake config files
[1.761s] Level 1:colcon.colcon_core.shell:create_environment_hook('yolo_msgs', 'cmake_prefix_path')
[1.762s] INFO:colcon.colcon_core.shell:Creating environment hook '/home/redalexdad/GitHub/WalkingRobotSim/install/yolo_msgs/share/yolo_msgs/hook/cmake_prefix_path.ps1'
[1.762s] INFO:colcon.colcon_core.shell:Creating environment descriptor '/home/redalexdad/GitHub/WalkingRobotSim/install/yolo_msgs/share/yolo_msgs/hook/cmake_prefix_path.dsv'
[1.763s] INFO:colcon.colcon_core.shell:Creating environment hook '/home/redalexdad/GitHub/WalkingRobotSim/install/yolo_msgs/share/yolo_msgs/hook/cmake_prefix_path.sh'
[1.764s] Level 1:colcon.colcon_core.environment:checking '/home/redalexdad/GitHub/WalkingRobotSim/install/yolo_msgs/lib'
[1.764s] Level 1:colcon.colcon_core.shell:create_environment_hook('yolo_msgs', 'ld_library_path_lib')
[1.764s] INFO:colcon.colcon_core.shell:Creating environment hook '/home/redalexdad/GitHub/WalkingRobotSim/install/yolo_msgs/share/yolo_msgs/hook/ld_library_path_lib.ps1'
[1.764s] INFO:colcon.colcon_core.shell:Creating environment descriptor '/home/redalexdad/GitHub/WalkingRobotSim/install/yolo_msgs/share/yolo_msgs/hook/ld_library_path_lib.dsv'
[1.765s] INFO:colcon.colcon_core.shell:Creating environment hook '/home/redalexdad/GitHub/WalkingRobotSim/install/yolo_msgs/share/yolo_msgs/hook/ld_library_path_lib.sh'
[1.765s] Level 1:colcon.colcon_core.environment:checking '/home/redalexdad/GitHub/WalkingRobotSim/install/yolo_msgs/bin'
[1.766s] Level 1:colcon.colcon_core.environment:checking '/home/redalexdad/GitHub/WalkingRobotSim/install/yolo_msgs/lib/pkgconfig/yolo_msgs.pc'
[1.766s] Level 1:colcon.colcon_core.environment:checking '/home/redalexdad/GitHub/WalkingRobotSim/install/yolo_msgs/lib/python3.12/site-packages'
[1.766s] Level 1:colcon.colcon_core.shell:create_environment_hook('yolo_msgs', 'pythonpath')
[1.766s] INFO:colcon.colcon_core.shell:Creating environment hook '/home/redalexdad/GitHub/WalkingRobotSim/install/yolo_msgs/share/yolo_msgs/hook/pythonpath.ps1'
[1.767s] INFO:colcon.colcon_core.shell:Creating environment descriptor '/home/redalexdad/GitHub/WalkingRobotSim/install/yolo_msgs/share/yolo_msgs/hook/pythonpath.dsv'
[1.767s] INFO:colcon.colcon_core.shell:Creating environment hook '/home/redalexdad/GitHub/WalkingRobotSim/install/yolo_msgs/share/yolo_msgs/hook/pythonpath.sh'
[1.768s] Level 1:colcon.colcon_core.environment:checking '/home/redalexdad/GitHub/WalkingRobotSim/install/yolo_msgs/bin'
[1.768s] INFO:colcon.colcon_core.shell:Creating package script '/home/redalexdad/GitHub/WalkingRobotSim/install/yolo_msgs/share/yolo_msgs/package.ps1'
[1.769s] INFO:colcon.colcon_core.shell:Creating package descriptor '/home/redalexdad/GitHub/WalkingRobotSim/install/yolo_msgs/share/yolo_msgs/package.dsv'
[1.770s] INFO:colcon.colcon_core.shell:Creating package script '/home/redalexdad/GitHub/WalkingRobotSim/install/yolo_msgs/share/yolo_msgs/package.sh'
[1.770s] INFO:colcon.colcon_core.shell:Creating package script '/home/redalexdad/GitHub/WalkingRobotSim/install/yolo_msgs/share/yolo_msgs/package.bash'
[1.771s] INFO:colcon.colcon_core.shell:Creating package script '/home/redalexdad/GitHub/WalkingRobotSim/install/yolo_msgs/share/yolo_msgs/package.zsh'
[1.771s] Level 1:colcon.colcon_core.environment:create_file_with_runtime_dependencies(/home/redalexdad/GitHub/WalkingRobotSim/install/yolo_msgs/share/colcon-core/packages/yolo_msgs)
[1.772s] Level 1:colcon.colcon_core.environment:create_environment_scripts_only(yolo_msgs)
[1.772s] Level 1:colcon.colcon_core.environment:checking '/home/redalexdad/GitHub/WalkingRobotSim/install/yolo_msgs' for CMake module files
[1.773s] Level 1:colcon.colcon_core.environment:checking '/home/redalexdad/GitHub/WalkingRobotSim/install/yolo_msgs' for CMake config files
[1.773s] Level 1:colcon.colcon_core.shell:create_environment_hook('yolo_msgs', 'cmake_prefix_path')
[1.774s] INFO:colcon.colcon_core.shell:Creating environment hook '/home/redalexdad/GitHub/WalkingRobotSim/install/yolo_msgs/share/yolo_msgs/hook/cmake_prefix_path.ps1'
[1.774s] INFO:colcon.colcon_core.shell:Creating environment descriptor '/home/redalexdad/GitHub/WalkingRobotSim/install/yolo_msgs/share/yolo_msgs/hook/cmake_prefix_path.dsv'
[1.774s] INFO:colcon.colcon_core.shell:Creating environment hook '/home/redalexdad/GitHub/WalkingRobotSim/install/yolo_msgs/share/yolo_msgs/hook/cmake_prefix_path.sh'
[1.775s] Level 1:colcon.colcon_core.environment:checking '/home/redalexdad/GitHub/WalkingRobotSim/install/yolo_msgs/lib'
[1.775s] Level 1:colcon.colcon_core.shell:create_environment_hook('yolo_msgs', 'ld_library_path_lib')
[1.775s] INFO:colcon.colcon_core.shell:Creating environment hook '/home/redalexdad/GitHub/WalkingRobotSim/install/yolo_msgs/share/yolo_msgs/hook/ld_library_path_lib.ps1'
[1.776s] INFO:colcon.colcon_core.shell:Creating environment descriptor '/home/redalexdad/GitHub/WalkingRobotSim/install/yolo_msgs/share/yolo_msgs/hook/ld_library_path_lib.dsv'
[1.776s] INFO:colcon.colcon_core.shell:Creating environment hook '/home/redalexdad/GitHub/WalkingRobotSim/install/yolo_msgs/share/yolo_msgs/hook/ld_library_path_lib.sh'
[1.777s] Level 1:colcon.colcon_core.environment:checking '/home/redalexdad/GitHub/WalkingRobotSim/install/yolo_msgs/bin'
[1.777s] Level 1:colcon.colcon_core.environment:checking '/home/redalexdad/GitHub/WalkingRobotSim/install/yolo_msgs/lib/pkgconfig/yolo_msgs.pc'
[1.777s] Level 1:colcon.colcon_core.environment:checking '/home/redalexdad/GitHub/WalkingRobotSim/install/yolo_msgs/lib/python3.12/site-packages'
[1.777s] Level 1:colcon.colcon_core.shell:create_environment_hook('yolo_msgs', 'pythonpath')
[1.777s] INFO:colcon.colcon_core.shell:Creating environment hook '/home/redalexdad/GitHub/WalkingRobotSim/install/yolo_msgs/share/yolo_msgs/hook/pythonpath.ps1'
[1.778s] INFO:colcon.colcon_core.shell:Creating environment descriptor '/home/redalexdad/GitHub/WalkingRobotSim/install/yolo_msgs/share/yolo_msgs/hook/pythonpath.dsv'
[1.778s] INFO:colcon.colcon_core.shell:Creating environment hook '/home/redalexdad/GitHub/WalkingRobotSim/install/yolo_msgs/share/yolo_msgs/hook/pythonpath.sh'
[1.779s] Level 1:colcon.colcon_core.environment:checking '/home/redalexdad/GitHub/WalkingRobotSim/install/yolo_msgs/bin'
[1.779s] INFO:colcon.colcon_core.shell:Creating package script '/home/redalexdad/GitHub/WalkingRobotSim/install/yolo_msgs/share/yolo_msgs/package.ps1'
[1.780s] INFO:colcon.colcon_core.shell:Creating package descriptor '/home/redalexdad/GitHub/WalkingRobotSim/install/yolo_msgs/share/yolo_msgs/package.dsv'
[1.780s] INFO:colcon.colcon_core.shell:Creating package script '/home/redalexdad/GitHub/WalkingRobotSim/install/yolo_msgs/share/yolo_msgs/package.sh'
[1.781s] INFO:colcon.colcon_core.shell:Creating package script '/home/redalexdad/GitHub/WalkingRobotSim/install/yolo_msgs/share/yolo_msgs/package.bash'
[1.781s] INFO:colcon.colcon_core.shell:Creating package script '/home/redalexdad/GitHub/WalkingRobotSim/install/yolo_msgs/share/yolo_msgs/package.zsh'
[1.782s] Level 1:colcon.colcon_core.environment:create_file_with_runtime_dependencies(/home/redalexdad/GitHub/WalkingRobotSim/install/yolo_msgs/share/colcon-core/packages/yolo_msgs)
[1.782s] INFO:colcon.colcon_ros.task.ament_python.build:Building ROS package in '/home/redalexdad/GitHub/WalkingRobotSim/src/ros2_yolo_recognition/ros2_yolo_recognition' with build type 'ament_python'
[1.782s] Level 1:colcon.colcon_core.shell:create_environment_hook('ros2_yolo_recognition', 'ament_prefix_path')
[1.782s] INFO:colcon.colcon_core.shell:Creating environment hook '/home/redalexdad/GitHub/WalkingRobotSim/install/ros2_yolo_recognition/share/ros2_yolo_recognition/hook/ament_prefix_path.ps1'
[1.783s] INFO:colcon.colcon_core.shell:Creating environment descriptor '/home/redalexdad/GitHub/WalkingRobotSim/install/ros2_yolo_recognition/share/ros2_yolo_recognition/hook/ament_prefix_path.dsv'
[1.784s] INFO:colcon.colcon_core.shell:Creating environment hook '/home/redalexdad/GitHub/WalkingRobotSim/install/ros2_yolo_recognition/share/ros2_yolo_recognition/hook/ament_prefix_path.sh'
[1.785s] INFO:colcon.colcon_core.shell:Skip shell extension 'powershell' for command environment: Not usable outside of PowerShell
[1.785s] DEBUG:colcon.colcon_core.shell:Skip shell extension 'dsv' for command environment
[1.791s] INFO:colcon.colcon_ros.task.ament_cmake.build:Building ROS package in '/home/redalexdad/GitHub/WalkingRobotSim/src/ros2_unitree_legged_controller' with build type 'ament_cmake'
[1.791s] INFO:colcon.colcon_cmake.task.cmake.build:Building CMake package in '/home/redalexdad/GitHub/WalkingRobotSim/src/ros2_unitree_legged_controller'
[1.792s] INFO:colcon.colcon_core.shell:Skip shell extension 'powershell' for command environment: Not usable outside of PowerShell
[1.792s] DEBUG:colcon.colcon_core.shell:Skip shell extension 'dsv' for command environment
[1.798s] INFO:colcon.colcon_ros.task.ament_cmake.build:Building ROS package in '/home/redalexdad/GitHub/WalkingRobotSim/src/unitree_guide2' with build type 'ament_cmake'
[1.799s] INFO:colcon.colcon_cmake.task.cmake.build:Building CMake package in '/home/redalexdad/GitHub/WalkingRobotSim/src/unitree_guide2'
[1.799s] INFO:colcon.colcon_core.shell:Skip shell extension 'powershell' for command environment: Not usable outside of PowerShell
[1.799s] DEBUG:colcon.colcon_core.shell:Skip shell extension 'dsv' for command environment
[2.112s] INFO:colcon.colcon_core.task.python.build:Building Python package in '/home/redalexdad/GitHub/WalkingRobotSim/src/ros2_yolo_recognition/ros2_yolo_recognition'
[2.112s] INFO:colcon.colcon_core.shell:Skip shell extension 'powershell' for command environment: Not usable outside of PowerShell
[2.112s] DEBUG:colcon.colcon_core.shell:Skip shell extension 'dsv' for command environment
[2.124s] DEBUG:colcon.colcon_core.event_handler.log_command:Invoking command in '/home/redalexdad/GitHub/WalkingRobotSim/build/ros2_unitree_legged_control': CMAKE_PREFIX_PATH=/home/redalexdad/GitHub/WalkingRobotSim/install/ros2_unitree_legged_msgs:/home/redalexdad/GitHub/WalkingRobotSim/install/yolo_bringup:/home/redalexdad/GitHub/WalkingRobotSim/install/yolo_msgs:/home/redalexdad/GitHub/WalkingRobotSim/install/unitree_guide2:/home/redalexdad/GitHub/WalkingRobotSim/install/ros2_unitree_legged_control:/home/redalexdad/GitHub/WalkingRobotSim/install/ros2_gazebo:/home/redalexdad/GitHub/WalkingRobotSim/install/go2_description:/home/redalexdad/GitHub/WalkingRobotSim/install/go1_description:/usr/local/libtorch:/opt/unitree_robotics:/opt/ros/jazzy/opt/gz_sim_vendor:/opt/ros/jazzy/opt/gz_sensors_vendor:/opt/ros/jazzy/opt/gz_physics_vendor:/opt/ros/jazzy/opt/sdformat_vendor:/opt/ros/jazzy/opt/gz_gui_vendor:/opt/ros/jazzy/opt/gz_transport_vendor:/opt/ros/jazzy/opt/gz_rendering_vendor:/opt/ros/jazzy/opt/gz_plugin_vendor:/opt/ros/jazzy/opt/gz_fuel_tools_vendor:/opt/ros/jazzy/opt/gz_msgs_vendor:/opt/ros/jazzy/opt/gz_common_vendor:/opt/ros/jazzy/opt/gz_math_vendor:/opt/ros/jazzy/opt/gz_utils_vendor:/opt/ros/jazzy/opt/gz_tools_vendor:/opt/ros/jazzy/opt/gz_ogre_next_vendor:/opt/ros/jazzy/opt/gz_dartsim_vendor:/opt/ros/jazzy/opt/gz_cmake_vendor:/home/redalexdad/GitHub/WalkingRobotSim/install/ros2_yolo_recognition:/home/redalexdad/GitHub/WalkingRobotSim/install/ros2_odometry:/home/redalexdad/GitHub/WalkingRobotSim/install/ros2_navigation:/home/redalexdad/GitHub/WalkingRobotSim/install/ros2_cartography:/opt/ros/jazzy DEBUGINFOD_URLS=https://debuginfod.ubuntu.com LD_LIBRARY_PATH=/home/redalexdad/GitHub/WalkingRobotSim/install/ros2_unitree_legged_msgs/lib:/home/redalexdad/GitHub/WalkingRobotSim/install/yolo_msgs/lib:/home/redalexdad/GitHub/WalkingRobotSim/install/ros2_unitree_legged_control/lib:/opt/ros/jazzy/opt/gz_sim_vendor/lib:/opt/ros/jazzy/opt/gz_sensors_vendor/lib:/opt/ros/jazzy/opt/gz_physics_vendor/lib:/opt/ros/jazzy/opt/sdformat_vendor/lib:/opt/ros/jazzy/opt/rviz_ogre_vendor/lib:/opt/ros/jazzy/lib/x86_64-linux-gnu:/opt/ros/jazzy/opt/gz_gui_vendor/lib:/opt/ros/jazzy/opt/gz_transport_vendor/lib:/opt/ros/jazzy/opt/gz_rendering_vendor/lib:/opt/ros/jazzy/opt/gz_plugin_vendor/lib:/opt/ros/jazzy/opt/gz_fuel_tools_vendor/lib:/opt/ros/jazzy/opt/gz_msgs_vendor/lib:/opt/ros/jazzy/opt/gz_common_vendor/lib:/opt/ros/jazzy/opt/gz_math_vendor/lib:/opt/ros/jazzy/opt/gz_utils_vendor/lib:/opt/ros/jazzy/opt/gz_tools_vendor/lib:/opt/ros/jazzy/opt/gz_ogre_next_vendor/lib:/opt/ros/jazzy/opt/gz_dartsim_vendor/lib:/opt/ros/jazzy/opt/gz_cmake_vendor/lib:/opt/ros/jazzy/lib:/usr/local/cuda-12.9/lib64 PYTHONPATH=/home/redalexdad/GitHub/WalkingRobotSim/install/ros2_unitree_legged_msgs/lib/python3.12/site-packages:/home/redalexdad/GitHub/WalkingRobotSim/install/ros2_yolo_recognition/lib/python3.12/site-packages:/home/redalexdad/GitHub/WalkingRobotSim/install/yolo_msgs/lib/python3.12/site-packages:/home/redalexdad/GitHub/WalkingRobotSim/install/ros2_odometry/lib/python3.12/site-packages:/home/redalexdad/GitHub/WalkingRobotSim/install/ros2_navigation/lib/python3.12/site-packages:/home/redalexdad/GitHub/WalkingRobotSim/install/ros2_cartography/lib/python3.12/site-packages:/opt/ros/jazzy/lib/python3.12/site-packages /usr/bin/cmake --build /home/redalexdad/GitHub/WalkingRobotSim/build/ros2_unitree_legged_control -- -j16 -l16
[2.130s] DEBUG:colcon.colcon_core.event_handler.log_command:Invoking command in '/home/redalexdad/GitHub/WalkingRobotSim/build/unitree_guide2': CMAKE_PREFIX_PATH=/home/redalexdad/GitHub/WalkingRobotSim/install/ros2_unitree_legged_msgs:/home/redalexdad/GitHub/WalkingRobotSim/install/yolo_bringup:/home/redalexdad/GitHub/WalkingRobotSim/install/yolo_msgs:/home/redalexdad/GitHub/WalkingRobotSim/install/unitree_guide2:/home/redalexdad/GitHub/WalkingRobotSim/install/ros2_unitree_legged_control:/home/redalexdad/GitHub/WalkingRobotSim/install/ros2_gazebo:/home/redalexdad/GitHub/WalkingRobotSim/install/go2_description:/home/redalexdad/GitHub/WalkingRobotSim/install/go1_description:/usr/local/libtorch:/opt/unitree_robotics:/opt/ros/jazzy/opt/gz_sim_vendor:/opt/ros/jazzy/opt/gz_sensors_vendor:/opt/ros/jazzy/opt/gz_physics_vendor:/opt/ros/jazzy/opt/sdformat_vendor:/opt/ros/jazzy/opt/gz_gui_vendor:/opt/ros/jazzy/opt/gz_transport_vendor:/opt/ros/jazzy/opt/gz_rendering_vendor:/opt/ros/jazzy/opt/gz_plugin_vendor:/opt/ros/jazzy/opt/gz_fuel_tools_vendor:/opt/ros/jazzy/opt/gz_msgs_vendor:/opt/ros/jazzy/opt/gz_common_vendor:/opt/ros/jazzy/opt/gz_math_vendor:/opt/ros/jazzy/opt/gz_utils_vendor:/opt/ros/jazzy/opt/gz_tools_vendor:/opt/ros/jazzy/opt/gz_ogre_next_vendor:/opt/ros/jazzy/opt/gz_dartsim_vendor:/opt/ros/jazzy/opt/gz_cmake_vendor:/home/redalexdad/GitHub/WalkingRobotSim/install/ros2_yolo_recognition:/home/redalexdad/GitHub/WalkingRobotSim/install/ros2_odometry:/home/redalexdad/GitHub/WalkingRobotSim/install/ros2_navigation:/home/redalexdad/GitHub/WalkingRobotSim/install/ros2_cartography:/opt/ros/jazzy DEBUGINFOD_URLS=https://debuginfod.ubuntu.com LD_LIBRARY_PATH=/home/redalexdad/GitHub/WalkingRobotSim/install/ros2_unitree_legged_msgs/lib:/home/redalexdad/GitHub/WalkingRobotSim/install/yolo_msgs/lib:/home/redalexdad/GitHub/WalkingRobotSim/install/ros2_unitree_legged_control/lib:/opt/ros/jazzy/opt/gz_sim_vendor/lib:/opt/ros/jazzy/opt/gz_sensors_vendor/lib:/opt/ros/jazzy/opt/gz_physics_vendor/lib:/opt/ros/jazzy/opt/sdformat_vendor/lib:/opt/ros/jazzy/opt/rviz_ogre_vendor/lib:/opt/ros/jazzy/lib/x86_64-linux-gnu:/opt/ros/jazzy/opt/gz_gui_vendor/lib:/opt/ros/jazzy/opt/gz_transport_vendor/lib:/opt/ros/jazzy/opt/gz_rendering_vendor/lib:/opt/ros/jazzy/opt/gz_plugin_vendor/lib:/opt/ros/jazzy/opt/gz_fuel_tools_vendor/lib:/opt/ros/jazzy/opt/gz_msgs_vendor/lib:/opt/ros/jazzy/opt/gz_common_vendor/lib:/opt/ros/jazzy/opt/gz_math_vendor/lib:/opt/ros/jazzy/opt/gz_utils_vendor/lib:/opt/ros/jazzy/opt/gz_tools_vendor/lib:/opt/ros/jazzy/opt/gz_ogre_next_vendor/lib:/opt/ros/jazzy/opt/gz_dartsim_vendor/lib:/opt/ros/jazzy/opt/gz_cmake_vendor/lib:/opt/ros/jazzy/lib:/usr/local/cuda-12.9/lib64 PYTHONPATH=/home/redalexdad/GitHub/WalkingRobotSim/install/ros2_unitree_legged_msgs/lib/python3.12/site-packages:/home/redalexdad/GitHub/WalkingRobotSim/install/ros2_yolo_recognition/lib/python3.12/site-packages:/home/redalexdad/GitHub/WalkingRobotSim/install/yolo_msgs/lib/python3.12/site-packages:/home/redalexdad/GitHub/WalkingRobotSim/install/ros2_odometry/lib/python3.12/site-packages:/home/redalexdad/GitHub/WalkingRobotSim/install/ros2_navigation/lib/python3.12/site-packages:/home/redalexdad/GitHub/WalkingRobotSim/install/ros2_cartography/lib/python3.12/site-packages:/opt/ros/jazzy/lib/python3.12/site-packages /usr/bin/cmake --build /home/redalexdad/GitHub/WalkingRobotSim/build/unitree_guide2 -- -j16 -l16
[2.294s] DEBUG:colcon.colcon_core.event_handler.log_command:Invoked command in '/home/redalexdad/GitHub/WalkingRobotSim/build/ros2_unitree_legged_control' returned '0': CMAKE_PREFIX_PATH=/home/redalexdad/GitHub/WalkingRobotSim/install/ros2_unitree_legged_msgs:/home/redalexdad/GitHub/WalkingRobotSim/install/yolo_bringup:/home/redalexdad/GitHub/WalkingRobotSim/install/yolo_msgs:/home/redalexdad/GitHub/WalkingRobotSim/install/unitree_guide2:/home/redalexdad/GitHub/WalkingRobotSim/install/ros2_unitree_legged_control:/home/redalexdad/GitHub/WalkingRobotSim/install/ros2_gazebo:/home/redalexdad/GitHub/WalkingRobotSim/install/go2_description:/home/redalexdad/GitHub/WalkingRobotSim/install/go1_description:/usr/local/libtorch:/opt/unitree_robotics:/opt/ros/jazzy/opt/gz_sim_vendor:/opt/ros/jazzy/opt/gz_sensors_vendor:/opt/ros/jazzy/opt/gz_physics_vendor:/opt/ros/jazzy/opt/sdformat_vendor:/opt/ros/jazzy/opt/gz_gui_vendor:/opt/ros/jazzy/opt/gz_transport_vendor:/opt/ros/jazzy/opt/gz_rendering_vendor:/opt/ros/jazzy/opt/gz_plugin_vendor:/opt/ros/jazzy/opt/gz_fuel_tools_vendor:/opt/ros/jazzy/opt/gz_msgs_vendor:/opt/ros/jazzy/opt/gz_common_vendor:/opt/ros/jazzy/opt/gz_math_vendor:/opt/ros/jazzy/opt/gz_utils_vendor:/opt/ros/jazzy/opt/gz_tools_vendor:/opt/ros/jazzy/opt/gz_ogre_next_vendor:/opt/ros/jazzy/opt/gz_dartsim_vendor:/opt/ros/jazzy/opt/gz_cmake_vendor:/home/redalexdad/GitHub/WalkingRobotSim/install/ros2_yolo_recognition:/home/redalexdad/GitHub/WalkingRobotSim/install/ros2_odometry:/home/redalexdad/GitHub/WalkingRobotSim/install/ros2_navigation:/home/redalexdad/GitHub/WalkingRobotSim/install/ros2_cartography:/opt/ros/jazzy DEBUGINFOD_URLS=https://debuginfod.ubuntu.com LD_LIBRARY_PATH=/home/redalexdad/GitHub/WalkingRobotSim/install/ros2_unitree_legged_msgs/lib:/home/redalexdad/GitHub/WalkingRobotSim/install/yolo_msgs/lib:/home/redalexdad/GitHub/WalkingRobotSim/install/ros2_unitree_legged_control/lib:/opt/ros/jazzy/opt/gz_sim_vendor/lib:/opt/ros/jazzy/opt/gz_sensors_vendor/lib:/opt/ros/jazzy/opt/gz_physics_vendor/lib:/opt/ros/jazzy/opt/sdformat_vendor/lib:/opt/ros/jazzy/opt/rviz_ogre_vendor/lib:/opt/ros/jazzy/lib/x86_64-linux-gnu:/opt/ros/jazzy/opt/gz_gui_vendor/lib:/opt/ros/jazzy/opt/gz_transport_vendor/lib:/opt/ros/jazzy/opt/gz_rendering_vendor/lib:/opt/ros/jazzy/opt/gz_plugin_vendor/lib:/opt/ros/jazzy/opt/gz_fuel_tools_vendor/lib:/opt/ros/jazzy/opt/gz_msgs_vendor/lib:/opt/ros/jazzy/opt/gz_common_vendor/lib:/opt/ros/jazzy/opt/gz_math_vendor/lib:/opt/ros/jazzy/opt/gz_utils_vendor/lib:/opt/ros/jazzy/opt/gz_tools_vendor/lib:/opt/ros/jazzy/opt/gz_ogre_next_vendor/lib:/opt/ros/jazzy/opt/gz_dartsim_vendor/lib:/opt/ros/jazzy/opt/gz_cmake_vendor/lib:/opt/ros/jazzy/lib:/usr/local/cuda-12.9/lib64 PYTHONPATH=/home/redalexdad/GitHub/WalkingRobotSim/install/ros2_unitree_legged_msgs/lib/python3.12/site-packages:/home/redalexdad/GitHub/WalkingRobotSim/install/ros2_yolo_recognition/lib/python3.12/site-packages:/home/redalexdad/GitHub/WalkingRobotSim/install/yolo_msgs/lib/python3.12/site-packages:/home/redalexdad/GitHub/WalkingRobotSim/install/ros2_odometry/lib/python3.12/site-packages:/home/redalexdad/GitHub/WalkingRobotSim/install/ros2_navigation/lib/python3.12/site-packages:/home/redalexdad/GitHub/WalkingRobotSim/install/ros2_cartography/lib/python3.12/site-packages:/opt/ros/jazzy/lib/python3.12/site-packages /usr/bin/cmake --build /home/redalexdad/GitHub/WalkingRobotSim/build/ros2_unitree_legged_control -- -j16 -l16
[2.295s] DEBUG:colcon.colcon_core.event_handler.log_command:Invoking command in '/home/redalexdad/GitHub/WalkingRobotSim/build/ros2_unitree_legged_control': CMAKE_PREFIX_PATH=/home/redalexdad/GitHub/WalkingRobotSim/install/ros2_unitree_legged_msgs:/home/redalexdad/GitHub/WalkingRobotSim/install/yolo_bringup:/home/redalexdad/GitHub/WalkingRobotSim/install/yolo_msgs:/home/redalexdad/GitHub/WalkingRobotSim/install/unitree_guide2:/home/redalexdad/GitHub/WalkingRobotSim/install/ros2_unitree_legged_control:/home/redalexdad/GitHub/WalkingRobotSim/install/ros2_gazebo:/home/redalexdad/GitHub/WalkingRobotSim/install/go2_description:/home/redalexdad/GitHub/WalkingRobotSim/install/go1_description:/usr/local/libtorch:/opt/unitree_robotics:/opt/ros/jazzy/opt/gz_sim_vendor:/opt/ros/jazzy/opt/gz_sensors_vendor:/opt/ros/jazzy/opt/gz_physics_vendor:/opt/ros/jazzy/opt/sdformat_vendor:/opt/ros/jazzy/opt/gz_gui_vendor:/opt/ros/jazzy/opt/gz_transport_vendor:/opt/ros/jazzy/opt/gz_rendering_vendor:/opt/ros/jazzy/opt/gz_plugin_vendor:/opt/ros/jazzy/opt/gz_fuel_tools_vendor:/opt/ros/jazzy/opt/gz_msgs_vendor:/opt/ros/jazzy/opt/gz_common_vendor:/opt/ros/jazzy/opt/gz_math_vendor:/opt/ros/jazzy/opt/gz_utils_vendor:/opt/ros/jazzy/opt/gz_tools_vendor:/opt/ros/jazzy/opt/gz_ogre_next_vendor:/opt/ros/jazzy/opt/gz_dartsim_vendor:/opt/ros/jazzy/opt/gz_cmake_vendor:/home/redalexdad/GitHub/WalkingRobotSim/install/ros2_yolo_recognition:/home/redalexdad/GitHub/WalkingRobotSim/install/ros2_odometry:/home/redalexdad/GitHub/WalkingRobotSim/install/ros2_navigation:/home/redalexdad/GitHub/WalkingRobotSim/install/ros2_cartography:/opt/ros/jazzy DEBUGINFOD_URLS=https://debuginfod.ubuntu.com LD_LIBRARY_PATH=/home/redalexdad/GitHub/WalkingRobotSim/install/ros2_unitree_legged_msgs/lib:/home/redalexdad/GitHub/WalkingRobotSim/install/yolo_msgs/lib:/home/redalexdad/GitHub/WalkingRobotSim/install/ros2_unitree_legged_control/lib:/opt/ros/jazzy/opt/gz_sim_vendor/lib:/opt/ros/jazzy/opt/gz_sensors_vendor/lib:/opt/ros/jazzy/opt/gz_physics_vendor/lib:/opt/ros/jazzy/opt/sdformat_vendor/lib:/opt/ros/jazzy/opt/rviz_ogre_vendor/lib:/opt/ros/jazzy/lib/x86_64-linux-gnu:/opt/ros/jazzy/opt/gz_gui_vendor/lib:/opt/ros/jazzy/opt/gz_transport_vendor/lib:/opt/ros/jazzy/opt/gz_rendering_vendor/lib:/opt/ros/jazzy/opt/gz_plugin_vendor/lib:/opt/ros/jazzy/opt/gz_fuel_tools_vendor/lib:/opt/ros/jazzy/opt/gz_msgs_vendor/lib:/opt/ros/jazzy/opt/gz_common_vendor/lib:/opt/ros/jazzy/opt/gz_math_vendor/lib:/opt/ros/jazzy/opt/gz_utils_vendor/lib:/opt/ros/jazzy/opt/gz_tools_vendor/lib:/opt/ros/jazzy/opt/gz_ogre_next_vendor/lib:/opt/ros/jazzy/opt/gz_dartsim_vendor/lib:/opt/ros/jazzy/opt/gz_cmake_vendor/lib:/opt/ros/jazzy/lib:/usr/local/cuda-12.9/lib64 PYTHONPATH=/home/redalexdad/GitHub/WalkingRobotSim/install/ros2_unitree_legged_msgs/lib/python3.12/site-packages:/home/redalexdad/GitHub/WalkingRobotSim/install/ros2_yolo_recognition/lib/python3.12/site-packages:/home/redalexdad/GitHub/WalkingRobotSim/install/yolo_msgs/lib/python3.12/site-packages:/home/redalexdad/GitHub/WalkingRobotSim/install/ros2_odometry/lib/python3.12/site-packages:/home/redalexdad/GitHub/WalkingRobotSim/install/ros2_navigation/lib/python3.12/site-packages:/home/redalexdad/GitHub/WalkingRobotSim/install/ros2_cartography/lib/python3.12/site-packages:/opt/ros/jazzy/lib/python3.12/site-packages /usr/bin/cmake --install /home/redalexdad/GitHub/WalkingRobotSim/build/ros2_unitree_legged_control
[2.314s] Level 1:colcon.colcon_core.environment:create_environment_scripts_only(ros2_unitree_legged_control)
[2.315s] Level 1:colcon.colcon_core.environment:checking '/home/redalexdad/GitHub/WalkingRobotSim/install/ros2_unitree_legged_control' for CMake module files
[2.316s] DEBUG:colcon.colcon_core.event_handler.log_command:Invoked command in '/home/redalexdad/GitHub/WalkingRobotSim/build/ros2_unitree_legged_control' returned '0': CMAKE_PREFIX_PATH=/home/redalexdad/GitHub/WalkingRobotSim/install/ros2_unitree_legged_msgs:/home/redalexdad/GitHub/WalkingRobotSim/install/yolo_bringup:/home/redalexdad/GitHub/WalkingRobotSim/install/yolo_msgs:/home/redalexdad/GitHub/WalkingRobotSim/install/unitree_guide2:/home/redalexdad/GitHub/WalkingRobotSim/install/ros2_unitree_legged_control:/home/redalexdad/GitHub/WalkingRobotSim/install/ros2_gazebo:/home/redalexdad/GitHub/WalkingRobotSim/install/go2_description:/home/redalexdad/GitHub/WalkingRobotSim/install/go1_description:/usr/local/libtorch:/opt/unitree_robotics:/opt/ros/jazzy/opt/gz_sim_vendor:/opt/ros/jazzy/opt/gz_sensors_vendor:/opt/ros/jazzy/opt/gz_physics_vendor:/opt/ros/jazzy/opt/sdformat_vendor:/opt/ros/jazzy/opt/gz_gui_vendor:/opt/ros/jazzy/opt/gz_transport_vendor:/opt/ros/jazzy/opt/gz_rendering_vendor:/opt/ros/jazzy/opt/gz_plugin_vendor:/opt/ros/jazzy/opt/gz_fuel_tools_vendor:/opt/ros/jazzy/opt/gz_msgs_vendor:/opt/ros/jazzy/opt/gz_common_vendor:/opt/ros/jazzy/opt/gz_math_vendor:/opt/ros/jazzy/opt/gz_utils_vendor:/opt/ros/jazzy/opt/gz_tools_vendor:/opt/ros/jazzy/opt/gz_ogre_next_vendor:/opt/ros/jazzy/opt/gz_dartsim_vendor:/opt/ros/jazzy/opt/gz_cmake_vendor:/home/redalexdad/GitHub/WalkingRobotSim/install/ros2_yolo_recognition:/home/redalexdad/GitHub/WalkingRobotSim/install/ros2_odometry:/home/redalexdad/GitHub/WalkingRobotSim/install/ros2_navigation:/home/redalexdad/GitHub/WalkingRobotSim/install/ros2_cartography:/opt/ros/jazzy DEBUGINFOD_URLS=https://debuginfod.ubuntu.com LD_LIBRARY_PATH=/home/redalexdad/GitHub/WalkingRobotSim/install/ros2_unitree_legged_msgs/lib:/home/redalexdad/GitHub/WalkingRobotSim/install/yolo_msgs/lib:/home/redalexdad/GitHub/WalkingRobotSim/install/ros2_unitree_legged_control/lib:/opt/ros/jazzy/opt/gz_sim_vendor/lib:/opt/ros/jazzy/opt/gz_sensors_vendor/lib:/opt/ros/jazzy/opt/gz_physics_vendor/lib:/opt/ros/jazzy/opt/sdformat_vendor/lib:/opt/ros/jazzy/opt/rviz_ogre_vendor/lib:/opt/ros/jazzy/lib/x86_64-linux-gnu:/opt/ros/jazzy/opt/gz_gui_vendor/lib:/opt/ros/jazzy/opt/gz_transport_vendor/lib:/opt/ros/jazzy/opt/gz_rendering_vendor/lib:/opt/ros/jazzy/opt/gz_plugin_vendor/lib:/opt/ros/jazzy/opt/gz_fuel_tools_vendor/lib:/opt/ros/jazzy/opt/gz_msgs_vendor/lib:/opt/ros/jazzy/opt/gz_common_vendor/lib:/opt/ros/jazzy/opt/gz_math_vendor/lib:/opt/ros/jazzy/opt/gz_utils_vendor/lib:/opt/ros/jazzy/opt/gz_tools_vendor/lib:/opt/ros/jazzy/opt/gz_ogre_next_vendor/lib:/opt/ros/jazzy/opt/gz_dartsim_vendor/lib:/opt/ros/jazzy/opt/gz_cmake_vendor/lib:/opt/ros/jazzy/lib:/usr/local/cuda-12.9/lib64 PYTHONPATH=/home/redalexdad/GitHub/WalkingRobotSim/install/ros2_unitree_legged_msgs/lib/python3.12/site-packages:/home/redalexdad/GitHub/WalkingRobotSim/install/ros2_yolo_recognition/lib/python3.12/site-packages:/home/redalexdad/GitHub/WalkingRobotSim/install/yolo_msgs/lib/python3.12/site-packages:/home/redalexdad/GitHub/WalkingRobotSim/install/ros2_odometry/lib/python3.12/site-packages:/home/redalexdad/GitHub/WalkingRobotSim/install/ros2_navigation/lib/python3.12/site-packages:/home/redalexdad/GitHub/WalkingRobotSim/install/ros2_cartography/lib/python3.12/site-packages:/opt/ros/jazzy/lib/python3.12/site-packages /usr/bin/cmake --install /home/redalexdad/GitHub/WalkingRobotSim/build/ros2_unitree_legged_control
[2.317s] Level 1:colcon.colcon_core.environment:checking '/home/redalexdad/GitHub/WalkingRobotSim/install/ros2_unitree_legged_control' for CMake config files
[2.318s] Level 1:colcon.colcon_core.shell:create_environment_hook('ros2_unitree_legged_control', 'cmake_prefix_path')
[2.319s] INFO:colcon.colcon_core.shell:Creating environment hook '/home/redalexdad/GitHub/WalkingRobotSim/install/ros2_unitree_legged_control/share/ros2_unitree_legged_control/hook/cmake_prefix_path.ps1'
[2.320s] INFO:colcon.colcon_core.shell:Creating environment descriptor '/home/redalexdad/GitHub/WalkingRobotSim/install/ros2_unitree_legged_control/share/ros2_unitree_legged_control/hook/cmake_prefix_path.dsv'
[2.321s] INFO:colcon.colcon_core.shell:Creating environment hook '/home/redalexdad/GitHub/WalkingRobotSim/install/ros2_unitree_legged_control/share/ros2_unitree_legged_control/hook/cmake_prefix_path.sh'
[2.322s] Level 1:colcon.colcon_core.environment:checking '/home/redalexdad/GitHub/WalkingRobotSim/install/ros2_unitree_legged_control/lib'
[2.322s] Level 1:colcon.colcon_core.environment:checking '/home/redalexdad/GitHub/WalkingRobotSim/install/ros2_unitree_legged_control/bin'
[2.322s] Level 1:colcon.colcon_core.environment:checking '/home/redalexdad/GitHub/WalkingRobotSim/install/ros2_unitree_legged_control/lib/pkgconfig/ros2_unitree_legged_control.pc'
[2.322s] Level 1:colcon.colcon_core.environment:checking '/home/redalexdad/GitHub/WalkingRobotSim/install/ros2_unitree_legged_control/lib/python3.12/site-packages'
[2.323s] Level 1:colcon.colcon_core.environment:checking '/home/redalexdad/GitHub/WalkingRobotSim/install/ros2_unitree_legged_control/bin'
[2.324s] INFO:colcon.colcon_core.shell:Creating package script '/home/redalexdad/GitHub/WalkingRobotSim/install/ros2_unitree_legged_control/share/ros2_unitree_legged_control/package.ps1'
[2.324s] INFO:colcon.colcon_core.shell:Creating package descriptor '/home/redalexdad/GitHub/WalkingRobotSim/install/ros2_unitree_legged_control/share/ros2_unitree_legged_control/package.dsv'
[2.325s] INFO:colcon.colcon_core.shell:Creating package script '/home/redalexdad/GitHub/WalkingRobotSim/install/ros2_unitree_legged_control/share/ros2_unitree_legged_control/package.sh'
[2.326s] INFO:colcon.colcon_core.shell:Creating package script '/home/redalexdad/GitHub/WalkingRobotSim/install/ros2_unitree_legged_control/share/ros2_unitree_legged_control/package.bash'
[2.327s] INFO:colcon.colcon_core.shell:Creating package script '/home/redalexdad/GitHub/WalkingRobotSim/install/ros2_unitree_legged_control/share/ros2_unitree_legged_control/package.zsh'
[2.328s] Level 1:colcon.colcon_core.environment:create_file_with_runtime_dependencies(/home/redalexdad/GitHub/WalkingRobotSim/install/ros2_unitree_legged_control/share/colcon-core/packages/ros2_unitree_legged_control)
[2.329s] Level 1:colcon.colcon_core.environment:create_environment_scripts_only(ros2_unitree_legged_control)
[2.329s] Level 1:colcon.colcon_core.environment:checking '/home/redalexdad/GitHub/WalkingRobotSim/install/ros2_unitree_legged_control' for CMake module files
[2.331s] Level 1:colcon.colcon_core.environment:checking '/home/redalexdad/GitHub/WalkingRobotSim/install/ros2_unitree_legged_control' for CMake config files
[2.331s] Level 1:colcon.colcon_core.shell:create_environment_hook('ros2_unitree_legged_control', 'cmake_prefix_path')
[2.332s] INFO:colcon.colcon_core.shell:Creating environment hook '/home/redalexdad/GitHub/WalkingRobotSim/install/ros2_unitree_legged_control/share/ros2_unitree_legged_control/hook/cmake_prefix_path.ps1'
[2.333s] INFO:colcon.colcon_core.shell:Creating environment descriptor '/home/redalexdad/GitHub/WalkingRobotSim/install/ros2_unitree_legged_control/share/ros2_unitree_legged_control/hook/cmake_prefix_path.dsv'
[2.333s] INFO:colcon.colcon_core.shell:Creating environment hook '/home/redalexdad/GitHub/WalkingRobotSim/install/ros2_unitree_legged_control/share/ros2_unitree_legged_control/hook/cmake_prefix_path.sh'
[2.335s] Level 1:colcon.colcon_core.environment:checking '/home/redalexdad/GitHub/WalkingRobotSim/install/ros2_unitree_legged_control/lib'
[2.335s] Level 1:colcon.colcon_core.environment:checking '/home/redalexdad/GitHub/WalkingRobotSim/install/ros2_unitree_legged_control/bin'
[2.335s] Level 1:colcon.colcon_core.environment:checking '/home/redalexdad/GitHub/WalkingRobotSim/install/ros2_unitree_legged_control/lib/pkgconfig/ros2_unitree_legged_control.pc'
[2.335s] Level 1:colcon.colcon_core.environment:checking '/home/redalexdad/GitHub/WalkingRobotSim/install/ros2_unitree_legged_control/lib/python3.12/site-packages'
[2.336s] Level 1:colcon.colcon_core.environment:checking '/home/redalexdad/GitHub/WalkingRobotSim/install/ros2_unitree_legged_control/bin'
[2.336s] INFO:colcon.colcon_core.shell:Creating package script '/home/redalexdad/GitHub/WalkingRobotSim/install/ros2_unitree_legged_control/share/ros2_unitree_legged_control/package.ps1'
[2.338s] INFO:colcon.colcon_core.shell:Creating package descriptor '/home/redalexdad/GitHub/WalkingRobotSim/install/ros2_unitree_legged_control/share/ros2_unitree_legged_control/package.dsv'
[2.339s] INFO:colcon.colcon_core.shell:Creating package script '/home/redalexdad/GitHub/WalkingRobotSim/install/ros2_unitree_legged_control/share/ros2_unitree_legged_control/package.sh'
[2.340s] INFO:colcon.colcon_core.shell:Creating package script '/home/redalexdad/GitHub/WalkingRobotSim/install/ros2_unitree_legged_control/share/ros2_unitree_legged_control/package.bash'
[2.341s] INFO:colcon.colcon_core.shell:Creating package script '/home/redalexdad/GitHub/WalkingRobotSim/install/ros2_unitree_legged_control/share/ros2_unitree_legged_control/package.zsh'
[2.342s] Level 1:colcon.colcon_core.environment:create_file_with_runtime_dependencies(/home/redalexdad/GitHub/WalkingRobotSim/install/ros2_unitree_legged_control/share/colcon-core/packages/ros2_unitree_legged_control)
[2.364s] DEBUG:colcon.colcon_core.event_handler.log_command:Invoked command in '/home/redalexdad/GitHub/WalkingRobotSim/build/unitree_guide2' returned '0': CMAKE_PREFIX_PATH=/home/redalexdad/GitHub/WalkingRobotSim/install/ros2_unitree_legged_msgs:/home/redalexdad/GitHub/WalkingRobotSim/install/yolo_bringup:/home/redalexdad/GitHub/WalkingRobotSim/install/yolo_msgs:/home/redalexdad/GitHub/WalkingRobotSim/install/unitree_guide2:/home/redalexdad/GitHub/WalkingRobotSim/install/ros2_unitree_legged_control:/home/redalexdad/GitHub/WalkingRobotSim/install/ros2_gazebo:/home/redalexdad/GitHub/WalkingRobotSim/install/go2_description:/home/redalexdad/GitHub/WalkingRobotSim/install/go1_description:/usr/local/libtorch:/opt/unitree_robotics:/opt/ros/jazzy/opt/gz_sim_vendor:/opt/ros/jazzy/opt/gz_sensors_vendor:/opt/ros/jazzy/opt/gz_physics_vendor:/opt/ros/jazzy/opt/sdformat_vendor:/opt/ros/jazzy/opt/gz_gui_vendor:/opt/ros/jazzy/opt/gz_transport_vendor:/opt/ros/jazzy/opt/gz_rendering_vendor:/opt/ros/jazzy/opt/gz_plugin_vendor:/opt/ros/jazzy/opt/gz_fuel_tools_vendor:/opt/ros/jazzy/opt/gz_msgs_vendor:/opt/ros/jazzy/opt/gz_common_vendor:/opt/ros/jazzy/opt/gz_math_vendor:/opt/ros/jazzy/opt/gz_utils_vendor:/opt/ros/jazzy/opt/gz_tools_vendor:/opt/ros/jazzy/opt/gz_ogre_next_vendor:/opt/ros/jazzy/opt/gz_dartsim_vendor:/opt/ros/jazzy/opt/gz_cmake_vendor:/home/redalexdad/GitHub/WalkingRobotSim/install/ros2_yolo_recognition:/home/redalexdad/GitHub/WalkingRobotSim/install/ros2_odometry:/home/redalexdad/GitHub/WalkingRobotSim/install/ros2_navigation:/home/redalexdad/GitHub/WalkingRobotSim/install/ros2_cartography:/opt/ros/jazzy DEBUGINFOD_URLS=https://debuginfod.ubuntu.com LD_LIBRARY_PATH=/home/redalexdad/GitHub/WalkingRobotSim/install/ros2_unitree_legged_msgs/lib:/home/redalexdad/GitHub/WalkingRobotSim/install/yolo_msgs/lib:/home/redalexdad/GitHub/WalkingRobotSim/install/ros2_unitree_legged_control/lib:/opt/ros/jazzy/opt/gz_sim_vendor/lib:/opt/ros/jazzy/opt/gz_sensors_vendor/lib:/opt/ros/jazzy/opt/gz_physics_vendor/lib:/opt/ros/jazzy/opt/sdformat_vendor/lib:/opt/ros/jazzy/opt/rviz_ogre_vendor/lib:/opt/ros/jazzy/lib/x86_64-linux-gnu:/opt/ros/jazzy/opt/gz_gui_vendor/lib:/opt/ros/jazzy/opt/gz_transport_vendor/lib:/opt/ros/jazzy/opt/gz_rendering_vendor/lib:/opt/ros/jazzy/opt/gz_plugin_vendor/lib:/opt/ros/jazzy/opt/gz_fuel_tools_vendor/lib:/opt/ros/jazzy/opt/gz_msgs_vendor/lib:/opt/ros/jazzy/opt/gz_common_vendor/lib:/opt/ros/jazzy/opt/gz_math_vendor/lib:/opt/ros/jazzy/opt/gz_utils_vendor/lib:/opt/ros/jazzy/opt/gz_tools_vendor/lib:/opt/ros/jazzy/opt/gz_ogre_next_vendor/lib:/opt/ros/jazzy/opt/gz_dartsim_vendor/lib:/opt/ros/jazzy/opt/gz_cmake_vendor/lib:/opt/ros/jazzy/lib:/usr/local/cuda-12.9/lib64 PYTHONPATH=/home/redalexdad/GitHub/WalkingRobotSim/install/ros2_unitree_legged_msgs/lib/python3.12/site-packages:/home/redalexdad/GitHub/WalkingRobotSim/install/ros2_yolo_recognition/lib/python3.12/site-packages:/home/redalexdad/GitHub/WalkingRobotSim/install/yolo_msgs/lib/python3.12/site-packages:/home/redalexdad/GitHub/WalkingRobotSim/install/ros2_odometry/lib/python3.12/site-packages:/home/redalexdad/GitHub/WalkingRobotSim/install/ros2_navigation/lib/python3.12/site-packages:/home/redalexdad/GitHub/WalkingRobotSim/install/ros2_cartography/lib/python3.12/site-packages:/opt/ros/jazzy/lib/python3.12/site-packages /usr/bin/cmake --build /home/redalexdad/GitHub/WalkingRobotSim/build/unitree_guide2 -- -j16 -l16
[2.365s] DEBUG:colcon.colcon_core.event_handler.log_command:Invoking command in '/home/redalexdad/GitHub/WalkingRobotSim/build/unitree_guide2': CMAKE_PREFIX_PATH=/home/redalexdad/GitHub/WalkingRobotSim/install/ros2_unitree_legged_msgs:/home/redalexdad/GitHub/WalkingRobotSim/install/yolo_bringup:/home/redalexdad/GitHub/WalkingRobotSim/install/yolo_msgs:/home/redalexdad/GitHub/WalkingRobotSim/install/unitree_guide2:/home/redalexdad/GitHub/WalkingRobotSim/install/ros2_unitree_legged_control:/home/redalexdad/GitHub/WalkingRobotSim/install/ros2_gazebo:/home/redalexdad/GitHub/WalkingRobotSim/install/go2_description:/home/redalexdad/GitHub/WalkingRobotSim/install/go1_description:/usr/local/libtorch:/opt/unitree_robotics:/opt/ros/jazzy/opt/gz_sim_vendor:/opt/ros/jazzy/opt/gz_sensors_vendor:/opt/ros/jazzy/opt/gz_physics_vendor:/opt/ros/jazzy/opt/sdformat_vendor:/opt/ros/jazzy/opt/gz_gui_vendor:/opt/ros/jazzy/opt/gz_transport_vendor:/opt/ros/jazzy/opt/gz_rendering_vendor:/opt/ros/jazzy/opt/gz_plugin_vendor:/opt/ros/jazzy/opt/gz_fuel_tools_vendor:/opt/ros/jazzy/opt/gz_msgs_vendor:/opt/ros/jazzy/opt/gz_common_vendor:/opt/ros/jazzy/opt/gz_math_vendor:/opt/ros/jazzy/opt/gz_utils_vendor:/opt/ros/jazzy/opt/gz_tools_vendor:/opt/ros/jazzy/opt/gz_ogre_next_vendor:/opt/ros/jazzy/opt/gz_dartsim_vendor:/opt/ros/jazzy/opt/gz_cmake_vendor:/home/redalexdad/GitHub/WalkingRobotSim/install/ros2_yolo_recognition:/home/redalexdad/GitHub/WalkingRobotSim/install/ros2_odometry:/home/redalexdad/GitHub/WalkingRobotSim/install/ros2_navigation:/home/redalexdad/GitHub/WalkingRobotSim/install/ros2_cartography:/opt/ros/jazzy DEBUGINFOD_URLS=https://debuginfod.ubuntu.com LD_LIBRARY_PATH=/home/redalexdad/GitHub/WalkingRobotSim/install/ros2_unitree_legged_msgs/lib:/home/redalexdad/GitHub/WalkingRobotSim/install/yolo_msgs/lib:/home/redalexdad/GitHub/WalkingRobotSim/install/ros2_unitree_legged_control/lib:/opt/ros/jazzy/opt/gz_sim_vendor/lib:/opt/ros/jazzy/opt/gz_sensors_vendor/lib:/opt/ros/jazzy/opt/gz_physics_vendor/lib:/opt/ros/jazzy/opt/sdformat_vendor/lib:/opt/ros/jazzy/opt/rviz_ogre_vendor/lib:/opt/ros/jazzy/lib/x86_64-linux-gnu:/opt/ros/jazzy/opt/gz_gui_vendor/lib:/opt/ros/jazzy/opt/gz_transport_vendor/lib:/opt/ros/jazzy/opt/gz_rendering_vendor/lib:/opt/ros/jazzy/opt/gz_plugin_vendor/lib:/opt/ros/jazzy/opt/gz_fuel_tools_vendor/lib:/opt/ros/jazzy/opt/gz_msgs_vendor/lib:/opt/ros/jazzy/opt/gz_common_vendor/lib:/opt/ros/jazzy/opt/gz_math_vendor/lib:/opt/ros/jazzy/opt/gz_utils_vendor/lib:/opt/ros/jazzy/opt/gz_tools_vendor/lib:/opt/ros/jazzy/opt/gz_ogre_next_vendor/lib:/opt/ros/jazzy/opt/gz_dartsim_vendor/lib:/opt/ros/jazzy/opt/gz_cmake_vendor/lib:/opt/ros/jazzy/lib:/usr/local/cuda-12.9/lib64 PYTHONPATH=/home/redalexdad/GitHub/WalkingRobotSim/install/ros2_unitree_legged_msgs/lib/python3.12/site-packages:/home/redalexdad/GitHub/WalkingRobotSim/install/ros2_yolo_recognition/lib/python3.12/site-packages:/home/redalexdad/GitHub/WalkingRobotSim/install/yolo_msgs/lib/python3.12/site-packages:/home/redalexdad/GitHub/WalkingRobotSim/install/ros2_odometry/lib/python3.12/site-packages:/home/redalexdad/GitHub/WalkingRobotSim/install/ros2_navigation/lib/python3.12/site-packages:/home/redalexdad/GitHub/WalkingRobotSim/install/ros2_cartography/lib/python3.12/site-packages:/opt/ros/jazzy/lib/python3.12/site-packages /usr/bin/cmake --install /home/redalexdad/GitHub/WalkingRobotSim/build/unitree_guide2
[2.380s] Level 1:colcon.colcon_core.environment:create_environment_scripts_only(unitree_guide2)
[2.380s] Level 1:colcon.colcon_core.environment:checking '/home/redalexdad/GitHub/WalkingRobotSim/install/unitree_guide2' for CMake module files
[2.381s] DEBUG:colcon.colcon_core.event_handler.log_command:Invoked command in '/home/redalexdad/GitHub/WalkingRobotSim/build/unitree_guide2' returned '0': CMAKE_PREFIX_PATH=/home/redalexdad/GitHub/WalkingRobotSim/install/ros2_unitree_legged_msgs:/home/redalexdad/GitHub/WalkingRobotSim/install/yolo_bringup:/home/redalexdad/GitHub/WalkingRobotSim/install/yolo_msgs:/home/redalexdad/GitHub/WalkingRobotSim/install/unitree_guide2:/home/redalexdad/GitHub/WalkingRobotSim/install/ros2_unitree_legged_control:/home/redalexdad/GitHub/WalkingRobotSim/install/ros2_gazebo:/home/redalexdad/GitHub/WalkingRobotSim/install/go2_description:/home/redalexdad/GitHub/WalkingRobotSim/install/go1_description:/usr/local/libtorch:/opt/unitree_robotics:/opt/ros/jazzy/opt/gz_sim_vendor:/opt/ros/jazzy/opt/gz_sensors_vendor:/opt/ros/jazzy/opt/gz_physics_vendor:/opt/ros/jazzy/opt/sdformat_vendor:/opt/ros/jazzy/opt/gz_gui_vendor:/opt/ros/jazzy/opt/gz_transport_vendor:/opt/ros/jazzy/opt/gz_rendering_vendor:/opt/ros/jazzy/opt/gz_plugin_vendor:/opt/ros/jazzy/opt/gz_fuel_tools_vendor:/opt/ros/jazzy/opt/gz_msgs_vendor:/opt/ros/jazzy/opt/gz_common_vendor:/opt/ros/jazzy/opt/gz_math_vendor:/opt/ros/jazzy/opt/gz_utils_vendor:/opt/ros/jazzy/opt/gz_tools_vendor:/opt/ros/jazzy/opt/gz_ogre_next_vendor:/opt/ros/jazzy/opt/gz_dartsim_vendor:/opt/ros/jazzy/opt/gz_cmake_vendor:/home/redalexdad/GitHub/WalkingRobotSim/install/ros2_yolo_recognition:/home/redalexdad/GitHub/WalkingRobotSim/install/ros2_odometry:/home/redalexdad/GitHub/WalkingRobotSim/install/ros2_navigation:/home/redalexdad/GitHub/WalkingRobotSim/install/ros2_cartography:/opt/ros/jazzy DEBUGINFOD_URLS=https://debuginfod.ubuntu.com LD_LIBRARY_PATH=/home/redalexdad/GitHub/WalkingRobotSim/install/ros2_unitree_legged_msgs/lib:/home/redalexdad/GitHub/WalkingRobotSim/install/yolo_msgs/lib:/home/redalexdad/GitHub/WalkingRobotSim/install/ros2_unitree_legged_control/lib:/opt/ros/jazzy/opt/gz_sim_vendor/lib:/opt/ros/jazzy/opt/gz_sensors_vendor/lib:/opt/ros/jazzy/opt/gz_physics_vendor/lib:/opt/ros/jazzy/opt/sdformat_vendor/lib:/opt/ros/jazzy/opt/rviz_ogre_vendor/lib:/opt/ros/jazzy/lib/x86_64-linux-gnu:/opt/ros/jazzy/opt/gz_gui_vendor/lib:/opt/ros/jazzy/opt/gz_transport_vendor/lib:/opt/ros/jazzy/opt/gz_rendering_vendor/lib:/opt/ros/jazzy/opt/gz_plugin_vendor/lib:/opt/ros/jazzy/opt/gz_fuel_tools_vendor/lib:/opt/ros/jazzy/opt/gz_msgs_vendor/lib:/opt/ros/jazzy/opt/gz_common_vendor/lib:/opt/ros/jazzy/opt/gz_math_vendor/lib:/opt/ros/jazzy/opt/gz_utils_vendor/lib:/opt/ros/jazzy/opt/gz_tools_vendor/lib:/opt/ros/jazzy/opt/gz_ogre_next_vendor/lib:/opt/ros/jazzy/opt/gz_dartsim_vendor/lib:/opt/ros/jazzy/opt/gz_cmake_vendor/lib:/opt/ros/jazzy/lib:/usr/local/cuda-12.9/lib64 PYTHONPATH=/home/redalexdad/GitHub/WalkingRobotSim/install/ros2_unitree_legged_msgs/lib/python3.12/site-packages:/home/redalexdad/GitHub/WalkingRobotSim/install/ros2_yolo_recognition/lib/python3.12/site-packages:/home/redalexdad/GitHub/WalkingRobotSim/install/yolo_msgs/lib/python3.12/site-packages:/home/redalexdad/GitHub/WalkingRobotSim/install/ros2_odometry/lib/python3.12/site-packages:/home/redalexdad/GitHub/WalkingRobotSim/install/ros2_navigation/lib/python3.12/site-packages:/home/redalexdad/GitHub/WalkingRobotSim/install/ros2_cartography/lib/python3.12/site-packages:/opt/ros/jazzy/lib/python3.12/site-packages /usr/bin/cmake --install /home/redalexdad/GitHub/WalkingRobotSim/build/unitree_guide2
[2.381s] Level 1:colcon.colcon_core.environment:checking '/home/redalexdad/GitHub/WalkingRobotSim/install/unitree_guide2' for CMake config files
[2.381s] Level 1:colcon.colcon_core.shell:create_environment_hook('unitree_guide2', 'cmake_prefix_path')
[2.382s] INFO:colcon.colcon_core.shell:Creating environment hook '/home/redalexdad/GitHub/WalkingRobotSim/install/unitree_guide2/share/unitree_guide2/hook/cmake_prefix_path.ps1'
[2.382s] INFO:colcon.colcon_core.shell:Creating environment descriptor '/home/redalexdad/GitHub/WalkingRobotSim/install/unitree_guide2/share/unitree_guide2/hook/cmake_prefix_path.dsv'
[2.382s] INFO:colcon.colcon_core.shell:Creating environment hook '/home/redalexdad/GitHub/WalkingRobotSim/install/unitree_guide2/share/unitree_guide2/hook/cmake_prefix_path.sh'
[2.383s] Level 1:colcon.colcon_core.environment:checking '/home/redalexdad/GitHub/WalkingRobotSim/install/unitree_guide2/lib'
[2.383s] Level 1:colcon.colcon_core.environment:checking '/home/redalexdad/GitHub/WalkingRobotSim/install/unitree_guide2/bin'
[2.383s] Level 1:colcon.colcon_core.environment:checking '/home/redalexdad/GitHub/WalkingRobotSim/install/unitree_guide2/lib/pkgconfig/unitree_guide2.pc'
[2.383s] Level 1:colcon.colcon_core.environment:checking '/home/redalexdad/GitHub/WalkingRobotSim/install/unitree_guide2/lib/python3.12/site-packages'
[2.384s] Level 1:colcon.colcon_core.environment:checking '/home/redalexdad/GitHub/WalkingRobotSim/install/unitree_guide2/bin'
[2.384s] INFO:colcon.colcon_core.shell:Creating package script '/home/redalexdad/GitHub/WalkingRobotSim/install/unitree_guide2/share/unitree_guide2/package.ps1'
[2.384s] INFO:colcon.colcon_core.shell:Creating package descriptor '/home/redalexdad/GitHub/WalkingRobotSim/install/unitree_guide2/share/unitree_guide2/package.dsv'
[2.385s] INFO:colcon.colcon_core.shell:Creating package script '/home/redalexdad/GitHub/WalkingRobotSim/install/unitree_guide2/share/unitree_guide2/package.sh'
[2.385s] INFO:colcon.colcon_core.shell:Creating package script '/home/redalexdad/GitHub/WalkingRobotSim/install/unitree_guide2/share/unitree_guide2/package.bash'
[2.386s] INFO:colcon.colcon_core.shell:Creating package script '/home/redalexdad/GitHub/WalkingRobotSim/install/unitree_guide2/share/unitree_guide2/package.zsh'
[2.386s] Level 1:colcon.colcon_core.environment:create_file_with_runtime_dependencies(/home/redalexdad/GitHub/WalkingRobotSim/install/unitree_guide2/share/colcon-core/packages/unitree_guide2)
[2.387s] Level 1:colcon.colcon_core.environment:create_environment_scripts_only(unitree_guide2)
[2.387s] Level 1:colcon.colcon_core.environment:checking '/home/redalexdad/GitHub/WalkingRobotSim/install/unitree_guide2' for CMake module files
[2.387s] Level 1:colcon.colcon_core.environment:checking '/home/redalexdad/GitHub/WalkingRobotSim/install/unitree_guide2' for CMake config files
[2.388s] Level 1:colcon.colcon_core.shell:create_environment_hook('unitree_guide2', 'cmake_prefix_path')
[2.388s] INFO:colcon.colcon_core.shell:Creating environment hook '/home/redalexdad/GitHub/WalkingRobotSim/install/unitree_guide2/share/unitree_guide2/hook/cmake_prefix_path.ps1'
[2.389s] INFO:colcon.colcon_core.shell:Creating environment descriptor '/home/redalexdad/GitHub/WalkingRobotSim/install/unitree_guide2/share/unitree_guide2/hook/cmake_prefix_path.dsv'
[2.389s] INFO:colcon.colcon_core.shell:Creating environment hook '/home/redalexdad/GitHub/WalkingRobotSim/install/unitree_guide2/share/unitree_guide2/hook/cmake_prefix_path.sh'
[2.390s] Level 1:colcon.colcon_core.environment:checking '/home/redalexdad/GitHub/WalkingRobotSim/install/unitree_guide2/lib'
[2.390s] Level 1:colcon.colcon_core.environment:checking '/home/redalexdad/GitHub/WalkingRobotSim/install/unitree_guide2/bin'
[2.390s] Level 1:colcon.colcon_core.environment:checking '/home/redalexdad/GitHub/WalkingRobotSim/install/unitree_guide2/lib/pkgconfig/unitree_guide2.pc'
[2.391s] Level 1:colcon.colcon_core.environment:checking '/home/redalexdad/GitHub/WalkingRobotSim/install/unitree_guide2/lib/python3.12/site-packages'
[2.391s] Level 1:colcon.colcon_core.environment:checking '/home/redalexdad/GitHub/WalkingRobotSim/install/unitree_guide2/bin'
[2.391s] INFO:colcon.colcon_core.shell:Creating package script '/home/redalexdad/GitHub/WalkingRobotSim/install/unitree_guide2/share/unitree_guide2/package.ps1'
[2.392s] INFO:colcon.colcon_core.shell:Creating package descriptor '/home/redalexdad/GitHub/WalkingRobotSim/install/unitree_guide2/share/unitree_guide2/package.dsv'
[2.393s] INFO:colcon.colcon_core.shell:Creating package script '/home/redalexdad/GitHub/WalkingRobotSim/install/unitree_guide2/share/unitree_guide2/package.sh'
[2.393s] INFO:colcon.colcon_core.shell:Creating package script '/home/redalexdad/GitHub/WalkingRobotSim/install/unitree_guide2/share/unitree_guide2/package.bash'
[2.394s] INFO:colcon.colcon_core.shell:Creating package script '/home/redalexdad/GitHub/WalkingRobotSim/install/unitree_guide2/share/unitree_guide2/package.zsh'
[2.394s] Level 1:colcon.colcon_core.environment:create_file_with_runtime_dependencies(/home/redalexdad/GitHub/WalkingRobotSim/install/unitree_guide2/share/colcon-core/packages/unitree_guide2)
[2.465s] DEBUG:colcon.colcon_core.event_handler.log_command:Invoking command in '/home/redalexdad/GitHub/WalkingRobotSim/src/ros2_navigation': DEBUGINFOD_URLS=https://debuginfod.ubuntu.com PYTHONPATH=/home/redalexdad/GitHub/WalkingRobotSim/build/ros2_navigation/prefix_override:/usr/lib/python3/dist-packages/colcon_core/task/python/colcon_distutils_commands:/home/redalexdad/GitHub/WalkingRobotSim/install/ros2_navigation/lib/python3.12/site-packages:${PYTHONPATH} /usr/bin/python3 -W ignore:setup.py install is deprecated -W ignore:easy_install command is deprecated setup.py egg_info --egg-base ../../build/ros2_navigation build --build-base /home/redalexdad/GitHub/WalkingRobotSim/build/ros2_navigation/build install --record /home/redalexdad/GitHub/WalkingRobotSim/build/ros2_navigation/install.log --single-version-externally-managed install_data
[2.470s] DEBUG:colcon.colcon_core.event_handler.log_command:Invoking command in '/home/redalexdad/GitHub/WalkingRobotSim/src/ros2_cartography': DEBUGINFOD_URLS=https://debuginfod.ubuntu.com PYTHONPATH=/home/redalexdad/GitHub/WalkingRobotSim/build/ros2_cartography/prefix_override:/usr/lib/python3/dist-packages/colcon_core/task/python/colcon_distutils_commands:/home/redalexdad/GitHub/WalkingRobotSim/install/ros2_cartography/lib/python3.12/site-packages:${PYTHONPATH} /usr/bin/python3 -W ignore:setup.py install is deprecated -W ignore:easy_install command is deprecated setup.py egg_info --egg-base ../../build/ros2_cartography build --build-base /home/redalexdad/GitHub/WalkingRobotSim/build/ros2_cartography/build install --record /home/redalexdad/GitHub/WalkingRobotSim/build/ros2_cartography/install.log --single-version-externally-managed install_data
[2.500s] DEBUG:colcon.colcon_core.event_handler.log_command:Invoking command in '/home/redalexdad/GitHub/WalkingRobotSim/src/ros2_odometry': DEBUGINFOD_URLS=https://debuginfod.ubuntu.com PYTHONPATH=/home/redalexdad/GitHub/WalkingRobotSim/build/ros2_odometry/prefix_override:/usr/lib/python3/dist-packages/colcon_core/task/python/colcon_distutils_commands:/home/redalexdad/GitHub/WalkingRobotSim/install/ros2_odometry/lib/python3.12/site-packages:${PYTHONPATH} /usr/bin/python3 -W ignore:setup.py install is deprecated -W ignore:easy_install command is deprecated setup.py egg_info --egg-base ../../build/ros2_odometry build --build-base /home/redalexdad/GitHub/WalkingRobotSim/build/ros2_odometry/build install --record /home/redalexdad/GitHub/WalkingRobotSim/build/ros2_odometry/install.log --single-version-externally-managed install_data
[3.027s] DEBUG:colcon.colcon_core.event_handler.log_command:Invoking command in '/home/redalexdad/GitHub/WalkingRobotSim/src/ros2_yolo_recognition/ros2_yolo_recognition': CMAKE_PREFIX_PATH=/home/redalexdad/GitHub/WalkingRobotSim/install/yolo_msgs:/home/redalexdad/GitHub/WalkingRobotSim/install/yolo_bringup:/home/redalexdad/GitHub/WalkingRobotSim/install/unitree_guide2:/home/redalexdad/GitHub/WalkingRobotSim/install/ros2_unitree_legged_control:/home/redalexdad/GitHub/WalkingRobotSim/install/ros2_unitree_legged_msgs:/home/redalexdad/GitHub/WalkingRobotSim/install/ros2_gazebo:/home/redalexdad/GitHub/WalkingRobotSim/install/go2_description:/home/redalexdad/GitHub/WalkingRobotSim/install/go1_description:/usr/local/libtorch:/opt/unitree_robotics:/opt/ros/jazzy/opt/gz_sim_vendor:/opt/ros/jazzy/opt/gz_sensors_vendor:/opt/ros/jazzy/opt/gz_physics_vendor:/opt/ros/jazzy/opt/sdformat_vendor:/opt/ros/jazzy/opt/gz_gui_vendor:/opt/ros/jazzy/opt/gz_transport_vendor:/opt/ros/jazzy/opt/gz_rendering_vendor:/opt/ros/jazzy/opt/gz_plugin_vendor:/opt/ros/jazzy/opt/gz_fuel_tools_vendor:/opt/ros/jazzy/opt/gz_msgs_vendor:/opt/ros/jazzy/opt/gz_common_vendor:/opt/ros/jazzy/opt/gz_math_vendor:/opt/ros/jazzy/opt/gz_utils_vendor:/opt/ros/jazzy/opt/gz_tools_vendor:/opt/ros/jazzy/opt/gz_ogre_next_vendor:/opt/ros/jazzy/opt/gz_dartsim_vendor:/opt/ros/jazzy/opt/gz_cmake_vendor DEBUGINFOD_URLS=https://debuginfod.ubuntu.com LD_LIBRARY_PATH=/home/redalexdad/GitHub/WalkingRobotSim/install/yolo_msgs/lib:/home/redalexdad/GitHub/WalkingRobotSim/install/ros2_unitree_legged_control/lib:/home/redalexdad/GitHub/WalkingRobotSim/install/ros2_unitree_legged_msgs/lib:/opt/ros/jazzy/opt/gz_sim_vendor/lib:/opt/ros/jazzy/opt/gz_sensors_vendor/lib:/opt/ros/jazzy/opt/gz_physics_vendor/lib:/opt/ros/jazzy/opt/sdformat_vendor/lib:/opt/ros/jazzy/opt/rviz_ogre_vendor/lib:/opt/ros/jazzy/lib/x86_64-linux-gnu:/opt/ros/jazzy/opt/gz_gui_vendor/lib:/opt/ros/jazzy/opt/gz_transport_vendor/lib:/opt/ros/jazzy/opt/gz_rendering_vendor/lib:/opt/ros/jazzy/opt/gz_plugin_vendor/lib:/opt/ros/jazzy/opt/gz_fuel_tools_vendor/lib:/opt/ros/jazzy/opt/gz_msgs_vendor/lib:/opt/ros/jazzy/opt/gz_common_vendor/lib:/opt/ros/jazzy/opt/gz_math_vendor/lib:/opt/ros/jazzy/opt/gz_utils_vendor/lib:/opt/ros/jazzy/opt/gz_tools_vendor/lib:/opt/ros/jazzy/opt/gz_ogre_next_vendor/lib:/opt/ros/jazzy/opt/gz_dartsim_vendor/lib:/opt/ros/jazzy/opt/gz_cmake_vendor/lib:/opt/ros/jazzy/lib:/usr/local/cuda-12.9/lib64 PYTHONPATH=/home/redalexdad/GitHub/WalkingRobotSim/build/ros2_yolo_recognition/prefix_override:/usr/lib/python3/dist-packages/colcon_core/task/python/colcon_distutils_commands:/home/redalexdad/GitHub/WalkingRobotSim/install/ros2_yolo_recognition/lib/python3.12/site-packages:/home/redalexdad/GitHub/WalkingRobotSim/install/yolo_msgs/lib/python3.12/site-packages:/home/redalexdad/GitHub/WalkingRobotSim/install/ros2_yolo_recognition/lib/python3.12/site-packages:/home/redalexdad/GitHub/WalkingRobotSim/install/ros2_unitree_legged_msgs/lib/python3.12/site-packages:/home/redalexdad/GitHub/WalkingRobotSim/install/ros2_odometry/lib/python3.12/site-packages:/home/redalexdad/GitHub/WalkingRobotSim/install/ros2_navigation/lib/python3.12/site-packages:/home/redalexdad/GitHub/WalkingRobotSim/install/ros2_cartography/lib/python3.12/site-packages:/opt/ros/jazzy/lib/python3.12/site-packages /usr/bin/python3 -W ignore:setup.py install is deprecated -W ignore:easy_install command is deprecated setup.py egg_info --egg-base ../../../build/ros2_yolo_recognition build --build-base /home/redalexdad/GitHub/WalkingRobotSim/build/ros2_yolo_recognition/build install --record /home/redalexdad/GitHub/WalkingRobotSim/build/ros2_yolo_recognition/install.log --single-version-externally-managed install_data
[3.317s] Level 1:colcon.colcon_core.environment:checking '/home/redalexdad/GitHub/WalkingRobotSim/install/ros2_cartography' for CMake module files
[3.318s] DEBUG:colcon.colcon_core.event_handler.log_command:Invoked command in '/home/redalexdad/GitHub/WalkingRobotSim/src/ros2_cartography' returned '0': DEBUGINFOD_URLS=https://debuginfod.ubuntu.com PYTHONPATH=/home/redalexdad/GitHub/WalkingRobotSim/build/ros2_cartography/prefix_override:/usr/lib/python3/dist-packages/colcon_core/task/python/colcon_distutils_commands:/home/redalexdad/GitHub/WalkingRobotSim/install/ros2_cartography/lib/python3.12/site-packages:${PYTHONPATH} /usr/bin/python3 -W ignore:setup.py install is deprecated -W ignore:easy_install command is deprecated setup.py egg_info --egg-base ../../build/ros2_cartography build --build-base /home/redalexdad/GitHub/WalkingRobotSim/build/ros2_cartography/build install --record /home/redalexdad/GitHub/WalkingRobotSim/build/ros2_cartography/install.log --single-version-externally-managed install_data
[3.319s] Level 1:colcon.colcon_core.environment:checking '/home/redalexdad/GitHub/WalkingRobotSim/install/ros2_cartography' for CMake config files
[3.320s] Level 1:colcon.colcon_core.environment:checking '/home/redalexdad/GitHub/WalkingRobotSim/install/ros2_cartography/lib'
[3.321s] Level 1:colcon.colcon_core.environment:checking '/home/redalexdad/GitHub/WalkingRobotSim/install/ros2_cartography/bin'
[3.321s] Level 1:colcon.colcon_core.environment:checking '/home/redalexdad/GitHub/WalkingRobotSim/install/ros2_cartography/lib/pkgconfig/ros2_cartography.pc'
[3.321s] Level 1:colcon.colcon_core.environment:checking '/home/redalexdad/GitHub/WalkingRobotSim/install/ros2_cartography/lib/python3.12/site-packages'
[3.321s] Level 1:colcon.colcon_core.shell:create_environment_hook('ros2_cartography', 'pythonpath')
[3.322s] INFO:colcon.colcon_core.shell:Creating environment hook '/home/redalexdad/GitHub/WalkingRobotSim/install/ros2_cartography/share/ros2_cartography/hook/pythonpath.ps1'
[3.323s] INFO:colcon.colcon_core.shell:Creating environment descriptor '/home/redalexdad/GitHub/WalkingRobotSim/install/ros2_cartography/share/ros2_cartography/hook/pythonpath.dsv'
[3.324s] INFO:colcon.colcon_core.shell:Creating environment hook '/home/redalexdad/GitHub/WalkingRobotSim/install/ros2_cartography/share/ros2_cartography/hook/pythonpath.sh'
[3.325s] Level 1:colcon.colcon_core.environment:checking '/home/redalexdad/GitHub/WalkingRobotSim/install/ros2_cartography/bin'
[3.325s] Level 1:colcon.colcon_core.environment:create_environment_scripts_only(ros2_cartography)
[3.326s] INFO:colcon.colcon_core.shell:Creating package script '/home/redalexdad/GitHub/WalkingRobotSim/install/ros2_cartography/share/ros2_cartography/package.ps1'
[3.327s] INFO:colcon.colcon_core.shell:Creating package descriptor '/home/redalexdad/GitHub/WalkingRobotSim/install/ros2_cartography/share/ros2_cartography/package.dsv'
[3.328s] INFO:colcon.colcon_core.shell:Creating package script '/home/redalexdad/GitHub/WalkingRobotSim/install/ros2_cartography/share/ros2_cartography/package.sh'
[3.329s] INFO:colcon.colcon_core.shell:Creating package script '/home/redalexdad/GitHub/WalkingRobotSim/install/ros2_cartography/share/ros2_cartography/package.bash'
[3.330s] INFO:colcon.colcon_core.shell:Creating package script '/home/redalexdad/GitHub/WalkingRobotSim/install/ros2_cartography/share/ros2_cartography/package.zsh'
[3.331s] Level 1:colcon.colcon_core.environment:create_file_with_runtime_dependencies(/home/redalexdad/GitHub/WalkingRobotSim/install/ros2_cartography/share/colcon-core/packages/ros2_cartography)
[3.332s] Level 1:colcon.colcon_core.environment:checking '/home/redalexdad/GitHub/WalkingRobotSim/install/ros2_navigation' for CMake module files
[3.333s] DEBUG:colcon.colcon_core.event_handler.log_command:Invoked command in '/home/redalexdad/GitHub/WalkingRobotSim/src/ros2_navigation' returned '0': DEBUGINFOD_URLS=https://debuginfod.ubuntu.com PYTHONPATH=/home/redalexdad/GitHub/WalkingRobotSim/build/ros2_navigation/prefix_override:/usr/lib/python3/dist-packages/colcon_core/task/python/colcon_distutils_commands:/home/redalexdad/GitHub/WalkingRobotSim/install/ros2_navigation/lib/python3.12/site-packages:${PYTHONPATH} /usr/bin/python3 -W ignore:setup.py install is deprecated -W ignore:easy_install command is deprecated setup.py egg_info --egg-base ../../build/ros2_navigation build --build-base /home/redalexdad/GitHub/WalkingRobotSim/build/ros2_navigation/build install --record /home/redalexdad/GitHub/WalkingRobotSim/build/ros2_navigation/install.log --single-version-externally-managed install_data
[3.334s] Level 1:colcon.colcon_core.environment:checking '/home/redalexdad/GitHub/WalkingRobotSim/install/ros2_navigation' for CMake config files
[3.336s] Level 1:colcon.colcon_core.environment:checking '/home/redalexdad/GitHub/WalkingRobotSim/install/ros2_navigation/lib'
[3.336s] Level 1:colcon.colcon_core.environment:checking '/home/redalexdad/GitHub/WalkingRobotSim/install/ros2_navigation/bin'
[3.336s] Level 1:colcon.colcon_core.environment:checking '/home/redalexdad/GitHub/WalkingRobotSim/install/ros2_navigation/lib/pkgconfig/ros2_navigation.pc'
[3.336s] Level 1:colcon.colcon_core.environment:checking '/home/redalexdad/GitHub/WalkingRobotSim/install/ros2_navigation/lib/python3.12/site-packages'
[3.336s] Level 1:colcon.colcon_core.shell:create_environment_hook('ros2_navigation', 'pythonpath')
[3.337s] INFO:colcon.colcon_core.shell:Creating environment hook '/home/redalexdad/GitHub/WalkingRobotSim/install/ros2_navigation/share/ros2_navigation/hook/pythonpath.ps1'
[3.338s] INFO:colcon.colcon_core.shell:Creating environment descriptor '/home/redalexdad/GitHub/WalkingRobotSim/install/ros2_navigation/share/ros2_navigation/hook/pythonpath.dsv'
[3.338s] INFO:colcon.colcon_core.shell:Creating environment hook '/home/redalexdad/GitHub/WalkingRobotSim/install/ros2_navigation/share/ros2_navigation/hook/pythonpath.sh'
[3.340s] Level 1:colcon.colcon_core.environment:checking '/home/redalexdad/GitHub/WalkingRobotSim/install/ros2_navigation/bin'
[3.340s] Level 1:colcon.colcon_core.environment:create_environment_scripts_only(ros2_navigation)
[3.340s] INFO:colcon.colcon_core.shell:Creating package script '/home/redalexdad/GitHub/WalkingRobotSim/install/ros2_navigation/share/ros2_navigation/package.ps1'
[3.341s] INFO:colcon.colcon_core.shell:Creating package descriptor '/home/redalexdad/GitHub/WalkingRobotSim/install/ros2_navigation/share/ros2_navigation/package.dsv'
[3.342s] INFO:colcon.colcon_core.shell:Creating package script '/home/redalexdad/GitHub/WalkingRobotSim/install/ros2_navigation/share/ros2_navigation/package.sh'
[3.343s] INFO:colcon.colcon_core.shell:Creating package script '/home/redalexdad/GitHub/WalkingRobotSim/install/ros2_navigation/share/ros2_navigation/package.bash'
[3.344s] INFO:colcon.colcon_core.shell:Creating package script '/home/redalexdad/GitHub/WalkingRobotSim/install/ros2_navigation/share/ros2_navigation/package.zsh'
[3.345s] Level 1:colcon.colcon_core.environment:create_file_with_runtime_dependencies(/home/redalexdad/GitHub/WalkingRobotSim/install/ros2_navigation/share/colcon-core/packages/ros2_navigation)
[3.356s] Level 1:colcon.colcon_core.environment:checking '/home/redalexdad/GitHub/WalkingRobotSim/install/ros2_odometry' for CMake module files
[3.357s] DEBUG:colcon.colcon_core.event_handler.log_command:Invoked command in '/home/redalexdad/GitHub/WalkingRobotSim/src/ros2_odometry' returned '0': DEBUGINFOD_URLS=https://debuginfod.ubuntu.com PYTHONPATH=/home/redalexdad/GitHub/WalkingRobotSim/build/ros2_odometry/prefix_override:/usr/lib/python3/dist-packages/colcon_core/task/python/colcon_distutils_commands:/home/redalexdad/GitHub/WalkingRobotSim/install/ros2_odometry/lib/python3.12/site-packages:${PYTHONPATH} /usr/bin/python3 -W ignore:setup.py install is deprecated -W ignore:easy_install command is deprecated setup.py egg_info --egg-base ../../build/ros2_odometry build --build-base /home/redalexdad/GitHub/WalkingRobotSim/build/ros2_odometry/build install --record /home/redalexdad/GitHub/WalkingRobotSim/build/ros2_odometry/install.log --single-version-externally-managed install_data
[3.358s] Level 1:colcon.colcon_core.environment:checking '/home/redalexdad/GitHub/WalkingRobotSim/install/ros2_odometry' for CMake config files
[3.359s] Level 1:colcon.colcon_core.environment:checking '/home/redalexdad/GitHub/WalkingRobotSim/install/ros2_odometry/lib'
[3.359s] Level 1:colcon.colcon_core.environment:checking '/home/redalexdad/GitHub/WalkingRobotSim/install/ros2_odometry/bin'
[3.359s] Level 1:colcon.colcon_core.environment:checking '/home/redalexdad/GitHub/WalkingRobotSim/install/ros2_odometry/lib/pkgconfig/ros2_odometry.pc'
[3.360s] Level 1:colcon.colcon_core.environment:checking '/home/redalexdad/GitHub/WalkingRobotSim/install/ros2_odometry/lib/python3.12/site-packages'
[3.360s] Level 1:colcon.colcon_core.shell:create_environment_hook('ros2_odometry', 'pythonpath')
[3.360s] INFO:colcon.colcon_core.shell:Creating environment hook '/home/redalexdad/GitHub/WalkingRobotSim/install/ros2_odometry/share/ros2_odometry/hook/pythonpath.ps1'
[3.361s] INFO:colcon.colcon_core.shell:Creating environment descriptor '/home/redalexdad/GitHub/WalkingRobotSim/install/ros2_odometry/share/ros2_odometry/hook/pythonpath.dsv'
[3.362s] INFO:colcon.colcon_core.shell:Creating environment hook '/home/redalexdad/GitHub/WalkingRobotSim/install/ros2_odometry/share/ros2_odometry/hook/pythonpath.sh'
[3.364s] Level 1:colcon.colcon_core.environment:checking '/home/redalexdad/GitHub/WalkingRobotSim/install/ros2_odometry/bin'
[3.364s] Level 1:colcon.colcon_core.environment:create_environment_scripts_only(ros2_odometry)
[3.364s] INFO:colcon.colcon_core.shell:Creating package script '/home/redalexdad/GitHub/WalkingRobotSim/install/ros2_odometry/share/ros2_odometry/package.ps1'
[3.365s] INFO:colcon.colcon_core.shell:Creating package descriptor '/home/redalexdad/GitHub/WalkingRobotSim/install/ros2_odometry/share/ros2_odometry/package.dsv'
[3.366s] INFO:colcon.colcon_core.shell:Creating package script '/home/redalexdad/GitHub/WalkingRobotSim/install/ros2_odometry/share/ros2_odometry/package.sh'
[3.368s] INFO:colcon.colcon_core.shell:Creating package script '/home/redalexdad/GitHub/WalkingRobotSim/install/ros2_odometry/share/ros2_odometry/package.bash'
[3.368s] INFO:colcon.colcon_core.shell:Creating package script '/home/redalexdad/GitHub/WalkingRobotSim/install/ros2_odometry/share/ros2_odometry/package.zsh'
[3.369s] Level 1:colcon.colcon_core.environment:create_file_with_runtime_dependencies(/home/redalexdad/GitHub/WalkingRobotSim/install/ros2_odometry/share/colcon-core/packages/ros2_odometry)
[3.850s] Level 1:colcon.colcon_core.environment:checking '/home/redalexdad/GitHub/WalkingRobotSim/install/ros2_yolo_recognition' for CMake module files
[3.851s] DEBUG:colcon.colcon_core.event_handler.log_command:Invoked command in '/home/redalexdad/GitHub/WalkingRobotSim/src/ros2_yolo_recognition/ros2_yolo_recognition' returned '0': CMAKE_PREFIX_PATH=/home/redalexdad/GitHub/WalkingRobotSim/install/yolo_msgs:/home/redalexdad/GitHub/WalkingRobotSim/install/yolo_bringup:/home/redalexdad/GitHub/WalkingRobotSim/install/unitree_guide2:/home/redalexdad/GitHub/WalkingRobotSim/install/ros2_unitree_legged_control:/home/redalexdad/GitHub/WalkingRobotSim/install/ros2_unitree_legged_msgs:/home/redalexdad/GitHub/WalkingRobotSim/install/ros2_gazebo:/home/redalexdad/GitHub/WalkingRobotSim/install/go2_description:/home/redalexdad/GitHub/WalkingRobotSim/install/go1_description:/usr/local/libtorch:/opt/unitree_robotics:/opt/ros/jazzy/opt/gz_sim_vendor:/opt/ros/jazzy/opt/gz_sensors_vendor:/opt/ros/jazzy/opt/gz_physics_vendor:/opt/ros/jazzy/opt/sdformat_vendor:/opt/ros/jazzy/opt/gz_gui_vendor:/opt/ros/jazzy/opt/gz_transport_vendor:/opt/ros/jazzy/opt/gz_rendering_vendor:/opt/ros/jazzy/opt/gz_plugin_vendor:/opt/ros/jazzy/opt/gz_fuel_tools_vendor:/opt/ros/jazzy/opt/gz_msgs_vendor:/opt/ros/jazzy/opt/gz_common_vendor:/opt/ros/jazzy/opt/gz_math_vendor:/opt/ros/jazzy/opt/gz_utils_vendor:/opt/ros/jazzy/opt/gz_tools_vendor:/opt/ros/jazzy/opt/gz_ogre_next_vendor:/opt/ros/jazzy/opt/gz_dartsim_vendor:/opt/ros/jazzy/opt/gz_cmake_vendor DEBUGINFOD_URLS=https://debuginfod.ubuntu.com LD_LIBRARY_PATH=/home/redalexdad/GitHub/WalkingRobotSim/install/yolo_msgs/lib:/home/redalexdad/GitHub/WalkingRobotSim/install/ros2_unitree_legged_control/lib:/home/redalexdad/GitHub/WalkingRobotSim/install/ros2_unitree_legged_msgs/lib:/opt/ros/jazzy/opt/gz_sim_vendor/lib:/opt/ros/jazzy/opt/gz_sensors_vendor/lib:/opt/ros/jazzy/opt/gz_physics_vendor/lib:/opt/ros/jazzy/opt/sdformat_vendor/lib:/opt/ros/jazzy/opt/rviz_ogre_vendor/lib:/opt/ros/jazzy/lib/x86_64-linux-gnu:/opt/ros/jazzy/opt/gz_gui_vendor/lib:/opt/ros/jazzy/opt/gz_transport_vendor/lib:/opt/ros/jazzy/opt/gz_rendering_vendor/lib:/opt/ros/jazzy/opt/gz_plugin_vendor/lib:/opt/ros/jazzy/opt/gz_fuel_tools_vendor/lib:/opt/ros/jazzy/opt/gz_msgs_vendor/lib:/opt/ros/jazzy/opt/gz_common_vendor/lib:/opt/ros/jazzy/opt/gz_math_vendor/lib:/opt/ros/jazzy/opt/gz_utils_vendor/lib:/opt/ros/jazzy/opt/gz_tools_vendor/lib:/opt/ros/jazzy/opt/gz_ogre_next_vendor/lib:/opt/ros/jazzy/opt/gz_dartsim_vendor/lib:/opt/ros/jazzy/opt/gz_cmake_vendor/lib:/opt/ros/jazzy/lib:/usr/local/cuda-12.9/lib64 PYTHONPATH=/home/redalexdad/GitHub/WalkingRobotSim/build/ros2_yolo_recognition/prefix_override:/usr/lib/python3/dist-packages/colcon_core/task/python/colcon_distutils_commands:/home/redalexdad/GitHub/WalkingRobotSim/install/ros2_yolo_recognition/lib/python3.12/site-packages:/home/redalexdad/GitHub/WalkingRobotSim/install/yolo_msgs/lib/python3.12/site-packages:/home/redalexdad/GitHub/WalkingRobotSim/install/ros2_yolo_recognition/lib/python3.12/site-packages:/home/redalexdad/GitHub/WalkingRobotSim/install/ros2_unitree_legged_msgs/lib/python3.12/site-packages:/home/redalexdad/GitHub/WalkingRobotSim/install/ros2_odometry/lib/python3.12/site-packages:/home/redalexdad/GitHub/WalkingRobotSim/install/ros2_navigation/lib/python3.12/site-packages:/home/redalexdad/GitHub/WalkingRobotSim/install/ros2_cartography/lib/python3.12/site-packages:/opt/ros/jazzy/lib/python3.12/site-packages /usr/bin/python3 -W ignore:setup.py install is deprecated -W ignore:easy_install command is deprecated setup.py egg_info --egg-base ../../../build/ros2_yolo_recognition build --build-base /home/redalexdad/GitHub/WalkingRobotSim/build/ros2_yolo_recognition/build install --record /home/redalexdad/GitHub/WalkingRobotSim/build/ros2_yolo_recognition/install.log --single-version-externally-managed install_data
[3.852s] Level 1:colcon.colcon_core.environment:checking '/home/redalexdad/GitHub/WalkingRobotSim/install/ros2_yolo_recognition' for CMake config files
[3.853s] Level 1:colcon.colcon_core.environment:checking '/home/redalexdad/GitHub/WalkingRobotSim/install/ros2_yolo_recognition/lib'
[3.853s] Level 1:colcon.colcon_core.environment:checking '/home/redalexdad/GitHub/WalkingRobotSim/install/ros2_yolo_recognition/bin'
[3.853s] Level 1:colcon.colcon_core.environment:checking '/home/redalexdad/GitHub/WalkingRobotSim/install/ros2_yolo_recognition/lib/pkgconfig/ros2_yolo_recognition.pc'
[3.854s] Level 1:colcon.colcon_core.environment:checking '/home/redalexdad/GitHub/WalkingRobotSim/install/ros2_yolo_recognition/lib/python3.12/site-packages'
[3.854s] Level 1:colcon.colcon_core.shell:create_environment_hook('ros2_yolo_recognition', 'pythonpath')
[3.854s] INFO:colcon.colcon_core.shell:Creating environment hook '/home/redalexdad/GitHub/WalkingRobotSim/install/ros2_yolo_recognition/share/ros2_yolo_recognition/hook/pythonpath.ps1'
[3.855s] INFO:colcon.colcon_core.shell:Creating environment descriptor '/home/redalexdad/GitHub/WalkingRobotSim/install/ros2_yolo_recognition/share/ros2_yolo_recognition/hook/pythonpath.dsv'
[3.856s] INFO:colcon.colcon_core.shell:Creating environment hook '/home/redalexdad/GitHub/WalkingRobotSim/install/ros2_yolo_recognition/share/ros2_yolo_recognition/hook/pythonpath.sh'
[3.857s] Level 1:colcon.colcon_core.environment:checking '/home/redalexdad/GitHub/WalkingRobotSim/install/ros2_yolo_recognition/bin'
[3.857s] Level 1:colcon.colcon_core.environment:create_environment_scripts_only(ros2_yolo_recognition)
[3.858s] INFO:colcon.colcon_core.shell:Creating package script '/home/redalexdad/GitHub/WalkingRobotSim/install/ros2_yolo_recognition/share/ros2_yolo_recognition/package.ps1'
[3.859s] INFO:colcon.colcon_core.shell:Creating package descriptor '/home/redalexdad/GitHub/WalkingRobotSim/install/ros2_yolo_recognition/share/ros2_yolo_recognition/package.dsv'
[3.860s] INFO:colcon.colcon_core.shell:Creating package script '/home/redalexdad/GitHub/WalkingRobotSim/install/ros2_yolo_recognition/share/ros2_yolo_recognition/package.sh'
[3.861s] INFO:colcon.colcon_core.shell:Creating package script '/home/redalexdad/GitHub/WalkingRobotSim/install/ros2_yolo_recognition/share/ros2_yolo_recognition/package.bash'
[3.861s] INFO:colcon.colcon_core.shell:Creating package script '/home/redalexdad/GitHub/WalkingRobotSim/install/ros2_yolo_recognition/share/ros2_yolo_recognition/package.zsh'
[3.862s] Level 1:colcon.colcon_core.environment:create_file_with_runtime_dependencies(/home/redalexdad/GitHub/WalkingRobotSim/install/ros2_yolo_recognition/share/colcon-core/packages/ros2_yolo_recognition)
[3.863s] INFO:colcon.colcon_ros.task.ament_cmake.build:Building ROS package in '/home/redalexdad/GitHub/WalkingRobotSim/src/ros2_yolo_recognition/yolo_bringup' with build type 'ament_cmake'
[3.863s] INFO:colcon.colcon_cmake.task.cmake.build:Building CMake package in '/home/redalexdad/GitHub/WalkingRobotSim/src/ros2_yolo_recognition/yolo_bringup'
[3.864s] INFO:colcon.colcon_core.shell:Skip shell extension 'powershell' for command environment: Not usable outside of PowerShell
[3.864s] DEBUG:colcon.colcon_core.shell:Skip shell extension 'dsv' for command environment
[3.894s] DEBUG:colcon.colcon_core.event_handler.log_command:Invoking command in '/home/redalexdad/GitHub/WalkingRobotSim/build/yolo_bringup': AMENT_PREFIX_PATH=/home/redalexdad/GitHub/WalkingRobotSim/install/ros2_yolo_recognition:/home/redalexdad/GitHub/WalkingRobotSim/install/yolo_bringup:/home/redalexdad/GitHub/WalkingRobotSim/install/yolo_msgs:/home/redalexdad/GitHub/WalkingRobotSim/install/unitree_guide2:/home/redalexdad/GitHub/WalkingRobotSim/install/ros2_unitree_legged_control:/home/redalexdad/GitHub/WalkingRobotSim/install/ros2_unitree_legged_msgs:/home/redalexdad/GitHub/WalkingRobotSim/install/ros2_odometry:/home/redalexdad/GitHub/WalkingRobotSim/install/ros2_navigation:/home/redalexdad/GitHub/WalkingRobotSim/install/ros2_gazebo:/home/redalexdad/GitHub/WalkingRobotSim/install/ros2_cartography:/home/redalexdad/GitHub/WalkingRobotSim/install/go2_description:/home/redalexdad/GitHub/WalkingRobotSim/install/go1_description:/opt/ros/jazzy CMAKE_PREFIX_PATH=/home/redalexdad/GitHub/WalkingRobotSim/install/yolo_msgs:/home/redalexdad/GitHub/WalkingRobotSim/install/yolo_bringup:/home/redalexdad/GitHub/WalkingRobotSim/install/unitree_guide2:/home/redalexdad/GitHub/WalkingRobotSim/install/ros2_unitree_legged_control:/home/redalexdad/GitHub/WalkingRobotSim/install/ros2_unitree_legged_msgs:/home/redalexdad/GitHub/WalkingRobotSim/install/ros2_gazebo:/home/redalexdad/GitHub/WalkingRobotSim/install/go2_description:/home/redalexdad/GitHub/WalkingRobotSim/install/go1_description:/usr/local/libtorch:/opt/unitree_robotics:/opt/ros/jazzy/opt/gz_sim_vendor:/opt/ros/jazzy/opt/gz_sensors_vendor:/opt/ros/jazzy/opt/gz_physics_vendor:/opt/ros/jazzy/opt/sdformat_vendor:/opt/ros/jazzy/opt/gz_gui_vendor:/opt/ros/jazzy/opt/gz_transport_vendor:/opt/ros/jazzy/opt/gz_rendering_vendor:/opt/ros/jazzy/opt/gz_plugin_vendor:/opt/ros/jazzy/opt/gz_fuel_tools_vendor:/opt/ros/jazzy/opt/gz_msgs_vendor:/opt/ros/jazzy/opt/gz_common_vendor:/opt/ros/jazzy/opt/gz_math_vendor:/opt/ros/jazzy/opt/gz_utils_vendor:/opt/ros/jazzy/opt/gz_tools_vendor:/opt/ros/jazzy/opt/gz_ogre_next_vendor:/opt/ros/jazzy/opt/gz_dartsim_vendor:/opt/ros/jazzy/opt/gz_cmake_vendor:/home/redalexdad/GitHub/WalkingRobotSim/install/ros2_yolo_recognition:/home/redalexdad/GitHub/WalkingRobotSim/install/ros2_odometry:/home/redalexdad/GitHub/WalkingRobotSim/install/ros2_navigation:/home/redalexdad/GitHub/WalkingRobotSim/install/ros2_cartography:/opt/ros/jazzy DEBUGINFOD_URLS=https://debuginfod.ubuntu.com LD_LIBRARY_PATH=/home/redalexdad/GitHub/WalkingRobotSim/install/yolo_msgs/lib:/home/redalexdad/GitHub/WalkingRobotSim/install/ros2_unitree_legged_control/lib:/home/redalexdad/GitHub/WalkingRobotSim/install/ros2_unitree_legged_msgs/lib:/opt/ros/jazzy/opt/gz_sim_vendor/lib:/opt/ros/jazzy/opt/gz_sensors_vendor/lib:/opt/ros/jazzy/opt/gz_physics_vendor/lib:/opt/ros/jazzy/opt/sdformat_vendor/lib:/opt/ros/jazzy/opt/rviz_ogre_vendor/lib:/opt/ros/jazzy/lib/x86_64-linux-gnu:/opt/ros/jazzy/opt/gz_gui_vendor/lib:/opt/ros/jazzy/opt/gz_transport_vendor/lib:/opt/ros/jazzy/opt/gz_rendering_vendor/lib:/opt/ros/jazzy/opt/gz_plugin_vendor/lib:/opt/ros/jazzy/opt/gz_fuel_tools_vendor/lib:/opt/ros/jazzy/opt/gz_msgs_vendor/lib:/opt/ros/jazzy/opt/gz_common_vendor/lib:/opt/ros/jazzy/opt/gz_math_vendor/lib:/opt/ros/jazzy/opt/gz_utils_vendor/lib:/opt/ros/jazzy/opt/gz_tools_vendor/lib:/opt/ros/jazzy/opt/gz_ogre_next_vendor/lib:/opt/ros/jazzy/opt/gz_dartsim_vendor/lib:/opt/ros/jazzy/opt/gz_cmake_vendor/lib:/opt/ros/jazzy/lib:/usr/local/cuda-12.9/lib64 /usr/bin/cmake --build /home/redalexdad/GitHub/WalkingRobotSim/build/yolo_bringup -- -j16 -l16
[3.978s] DEBUG:colcon.colcon_core.event_handler.log_command:Invoked command in '/home/redalexdad/GitHub/WalkingRobotSim/build/yolo_bringup' returned '0': AMENT_PREFIX_PATH=/home/redalexdad/GitHub/WalkingRobotSim/install/ros2_yolo_recognition:/home/redalexdad/GitHub/WalkingRobotSim/install/yolo_bringup:/home/redalexdad/GitHub/WalkingRobotSim/install/yolo_msgs:/home/redalexdad/GitHub/WalkingRobotSim/install/unitree_guide2:/home/redalexdad/GitHub/WalkingRobotSim/install/ros2_unitree_legged_control:/home/redalexdad/GitHub/WalkingRobotSim/install/ros2_unitree_legged_msgs:/home/redalexdad/GitHub/WalkingRobotSim/install/ros2_odometry:/home/redalexdad/GitHub/WalkingRobotSim/install/ros2_navigation:/home/redalexdad/GitHub/WalkingRobotSim/install/ros2_gazebo:/home/redalexdad/GitHub/WalkingRobotSim/install/ros2_cartography:/home/redalexdad/GitHub/WalkingRobotSim/install/go2_description:/home/redalexdad/GitHub/WalkingRobotSim/install/go1_description:/opt/ros/jazzy CMAKE_PREFIX_PATH=/home/redalexdad/GitHub/WalkingRobotSim/install/yolo_msgs:/home/redalexdad/GitHub/WalkingRobotSim/install/yolo_bringup:/home/redalexdad/GitHub/WalkingRobotSim/install/unitree_guide2:/home/redalexdad/GitHub/WalkingRobotSim/install/ros2_unitree_legged_control:/home/redalexdad/GitHub/WalkingRobotSim/install/ros2_unitree_legged_msgs:/home/redalexdad/GitHub/WalkingRobotSim/install/ros2_gazebo:/home/redalexdad/GitHub/WalkingRobotSim/install/go2_description:/home/redalexdad/GitHub/WalkingRobotSim/install/go1_description:/usr/local/libtorch:/opt/unitree_robotics:/opt/ros/jazzy/opt/gz_sim_vendor:/opt/ros/jazzy/opt/gz_sensors_vendor:/opt/ros/jazzy/opt/gz_physics_vendor:/opt/ros/jazzy/opt/sdformat_vendor:/opt/ros/jazzy/opt/gz_gui_vendor:/opt/ros/jazzy/opt/gz_transport_vendor:/opt/ros/jazzy/opt/gz_rendering_vendor:/opt/ros/jazzy/opt/gz_plugin_vendor:/opt/ros/jazzy/opt/gz_fuel_tools_vendor:/opt/ros/jazzy/opt/gz_msgs_vendor:/opt/ros/jazzy/opt/gz_common_vendor:/opt/ros/jazzy/opt/gz_math_vendor:/opt/ros/jazzy/opt/gz_utils_vendor:/opt/ros/jazzy/opt/gz_tools_vendor:/opt/ros/jazzy/opt/gz_ogre_next_vendor:/opt/ros/jazzy/opt/gz_dartsim_vendor:/opt/ros/jazzy/opt/gz_cmake_vendor:/home/redalexdad/GitHub/WalkingRobotSim/install/ros2_yolo_recognition:/home/redalexdad/GitHub/WalkingRobotSim/install/ros2_odometry:/home/redalexdad/GitHub/WalkingRobotSim/install/ros2_navigation:/home/redalexdad/GitHub/WalkingRobotSim/install/ros2_cartography:/opt/ros/jazzy DEBUGINFOD_URLS=https://debuginfod.ubuntu.com LD_LIBRARY_PATH=/home/redalexdad/GitHub/WalkingRobotSim/install/yolo_msgs/lib:/home/redalexdad/GitHub/WalkingRobotSim/install/ros2_unitree_legged_control/lib:/home/redalexdad/GitHub/WalkingRobotSim/install/ros2_unitree_legged_msgs/lib:/opt/ros/jazzy/opt/gz_sim_vendor/lib:/opt/ros/jazzy/opt/gz_sensors_vendor/lib:/opt/ros/jazzy/opt/gz_physics_vendor/lib:/opt/ros/jazzy/opt/sdformat_vendor/lib:/opt/ros/jazzy/opt/rviz_ogre_vendor/lib:/opt/ros/jazzy/lib/x86_64-linux-gnu:/opt/ros/jazzy/opt/gz_gui_vendor/lib:/opt/ros/jazzy/opt/gz_transport_vendor/lib:/opt/ros/jazzy/opt/gz_rendering_vendor/lib:/opt/ros/jazzy/opt/gz_plugin_vendor/lib:/opt/ros/jazzy/opt/gz_fuel_tools_vendor/lib:/opt/ros/jazzy/opt/gz_msgs_vendor/lib:/opt/ros/jazzy/opt/gz_common_vendor/lib:/opt/ros/jazzy/opt/gz_math_vendor/lib:/opt/ros/jazzy/opt/gz_utils_vendor/lib:/opt/ros/jazzy/opt/gz_tools_vendor/lib:/opt/ros/jazzy/opt/gz_ogre_next_vendor/lib:/opt/ros/jazzy/opt/gz_dartsim_vendor/lib:/opt/ros/jazzy/opt/gz_cmake_vendor/lib:/opt/ros/jazzy/lib:/usr/local/cuda-12.9/lib64 /usr/bin/cmake --build /home/redalexdad/GitHub/WalkingRobotSim/build/yolo_bringup -- -j16 -l16
[3.980s] DEBUG:colcon.colcon_core.event_handler.log_command:Invoking command in '/home/redalexdad/GitHub/WalkingRobotSim/build/yolo_bringup': AMENT_PREFIX_PATH=/home/redalexdad/GitHub/WalkingRobotSim/install/ros2_yolo_recognition:/home/redalexdad/GitHub/WalkingRobotSim/install/yolo_bringup:/home/redalexdad/GitHub/WalkingRobotSim/install/yolo_msgs:/home/redalexdad/GitHub/WalkingRobotSim/install/unitree_guide2:/home/redalexdad/GitHub/WalkingRobotSim/install/ros2_unitree_legged_control:/home/redalexdad/GitHub/WalkingRobotSim/install/ros2_unitree_legged_msgs:/home/redalexdad/GitHub/WalkingRobotSim/install/ros2_odometry:/home/redalexdad/GitHub/WalkingRobotSim/install/ros2_navigation:/home/redalexdad/GitHub/WalkingRobotSim/install/ros2_gazebo:/home/redalexdad/GitHub/WalkingRobotSim/install/ros2_cartography:/home/redalexdad/GitHub/WalkingRobotSim/install/go2_description:/home/redalexdad/GitHub/WalkingRobotSim/install/go1_description:/opt/ros/jazzy CMAKE_PREFIX_PATH=/home/redalexdad/GitHub/WalkingRobotSim/install/yolo_msgs:/home/redalexdad/GitHub/WalkingRobotSim/install/yolo_bringup:/home/redalexdad/GitHub/WalkingRobotSim/install/unitree_guide2:/home/redalexdad/GitHub/WalkingRobotSim/install/ros2_unitree_legged_control:/home/redalexdad/GitHub/WalkingRobotSim/install/ros2_unitree_legged_msgs:/home/redalexdad/GitHub/WalkingRobotSim/install/ros2_gazebo:/home/redalexdad/GitHub/WalkingRobotSim/install/go2_description:/home/redalexdad/GitHub/WalkingRobotSim/install/go1_description:/usr/local/libtorch:/opt/unitree_robotics:/opt/ros/jazzy/opt/gz_sim_vendor:/opt/ros/jazzy/opt/gz_sensors_vendor:/opt/ros/jazzy/opt/gz_physics_vendor:/opt/ros/jazzy/opt/sdformat_vendor:/opt/ros/jazzy/opt/gz_gui_vendor:/opt/ros/jazzy/opt/gz_transport_vendor:/opt/ros/jazzy/opt/gz_rendering_vendor:/opt/ros/jazzy/opt/gz_plugin_vendor:/opt/ros/jazzy/opt/gz_fuel_tools_vendor:/opt/ros/jazzy/opt/gz_msgs_vendor:/opt/ros/jazzy/opt/gz_common_vendor:/opt/ros/jazzy/opt/gz_math_vendor:/opt/ros/jazzy/opt/gz_utils_vendor:/opt/ros/jazzy/opt/gz_tools_vendor:/opt/ros/jazzy/opt/gz_ogre_next_vendor:/opt/ros/jazzy/opt/gz_dartsim_vendor:/opt/ros/jazzy/opt/gz_cmake_vendor:/home/redalexdad/GitHub/WalkingRobotSim/install/ros2_yolo_recognition:/home/redalexdad/GitHub/WalkingRobotSim/install/ros2_odometry:/home/redalexdad/GitHub/WalkingRobotSim/install/ros2_navigation:/home/redalexdad/GitHub/WalkingRobotSim/install/ros2_cartography:/opt/ros/jazzy DEBUGINFOD_URLS=https://debuginfod.ubuntu.com LD_LIBRARY_PATH=/home/redalexdad/GitHub/WalkingRobotSim/install/yolo_msgs/lib:/home/redalexdad/GitHub/WalkingRobotSim/install/ros2_unitree_legged_control/lib:/home/redalexdad/GitHub/WalkingRobotSim/install/ros2_unitree_legged_msgs/lib:/opt/ros/jazzy/opt/gz_sim_vendor/lib:/opt/ros/jazzy/opt/gz_sensors_vendor/lib:/opt/ros/jazzy/opt/gz_physics_vendor/lib:/opt/ros/jazzy/opt/sdformat_vendor/lib:/opt/ros/jazzy/opt/rviz_ogre_vendor/lib:/opt/ros/jazzy/lib/x86_64-linux-gnu:/opt/ros/jazzy/opt/gz_gui_vendor/lib:/opt/ros/jazzy/opt/gz_transport_vendor/lib:/opt/ros/jazzy/opt/gz_rendering_vendor/lib:/opt/ros/jazzy/opt/gz_plugin_vendor/lib:/opt/ros/jazzy/opt/gz_fuel_tools_vendor/lib:/opt/ros/jazzy/opt/gz_msgs_vendor/lib:/opt/ros/jazzy/opt/gz_common_vendor/lib:/opt/ros/jazzy/opt/gz_math_vendor/lib:/opt/ros/jazzy/opt/gz_utils_vendor/lib:/opt/ros/jazzy/opt/gz_tools_vendor/lib:/opt/ros/jazzy/opt/gz_ogre_next_vendor/lib:/opt/ros/jazzy/opt/gz_dartsim_vendor/lib:/opt/ros/jazzy/opt/gz_cmake_vendor/lib:/opt/ros/jazzy/lib:/usr/local/cuda-12.9/lib64 /usr/bin/cmake --install /home/redalexdad/GitHub/WalkingRobotSim/build/yolo_bringup
[3.993s] Level 1:colcon.colcon_core.environment:create_environment_scripts_only(yolo_bringup)
[3.994s] Level 1:colcon.colcon_core.environment:checking '/home/redalexdad/GitHub/WalkingRobotSim/install/yolo_bringup' for CMake module files
[3.994s] DEBUG:colcon.colcon_core.event_handler.log_command:Invoked command in '/home/redalexdad/GitHub/WalkingRobotSim/build/yolo_bringup' returned '0': AMENT_PREFIX_PATH=/home/redalexdad/GitHub/WalkingRobotSim/install/ros2_yolo_recognition:/home/redalexdad/GitHub/WalkingRobotSim/install/yolo_bringup:/home/redalexdad/GitHub/WalkingRobotSim/install/yolo_msgs:/home/redalexdad/GitHub/WalkingRobotSim/install/unitree_guide2:/home/redalexdad/GitHub/WalkingRobotSim/install/ros2_unitree_legged_control:/home/redalexdad/GitHub/WalkingRobotSim/install/ros2_unitree_legged_msgs:/home/redalexdad/GitHub/WalkingRobotSim/install/ros2_odometry:/home/redalexdad/GitHub/WalkingRobotSim/install/ros2_navigation:/home/redalexdad/GitHub/WalkingRobotSim/install/ros2_gazebo:/home/redalexdad/GitHub/WalkingRobotSim/install/ros2_cartography:/home/redalexdad/GitHub/WalkingRobotSim/install/go2_description:/home/redalexdad/GitHub/WalkingRobotSim/install/go1_description:/opt/ros/jazzy CMAKE_PREFIX_PATH=/home/redalexdad/GitHub/WalkingRobotSim/install/yolo_msgs:/home/redalexdad/GitHub/WalkingRobotSim/install/yolo_bringup:/home/redalexdad/GitHub/WalkingRobotSim/install/unitree_guide2:/home/redalexdad/GitHub/WalkingRobotSim/install/ros2_unitree_legged_control:/home/redalexdad/GitHub/WalkingRobotSim/install/ros2_unitree_legged_msgs:/home/redalexdad/GitHub/WalkingRobotSim/install/ros2_gazebo:/home/redalexdad/GitHub/WalkingRobotSim/install/go2_description:/home/redalexdad/GitHub/WalkingRobotSim/install/go1_description:/usr/local/libtorch:/opt/unitree_robotics:/opt/ros/jazzy/opt/gz_sim_vendor:/opt/ros/jazzy/opt/gz_sensors_vendor:/opt/ros/jazzy/opt/gz_physics_vendor:/opt/ros/jazzy/opt/sdformat_vendor:/opt/ros/jazzy/opt/gz_gui_vendor:/opt/ros/jazzy/opt/gz_transport_vendor:/opt/ros/jazzy/opt/gz_rendering_vendor:/opt/ros/jazzy/opt/gz_plugin_vendor:/opt/ros/jazzy/opt/gz_fuel_tools_vendor:/opt/ros/jazzy/opt/gz_msgs_vendor:/opt/ros/jazzy/opt/gz_common_vendor:/opt/ros/jazzy/opt/gz_math_vendor:/opt/ros/jazzy/opt/gz_utils_vendor:/opt/ros/jazzy/opt/gz_tools_vendor:/opt/ros/jazzy/opt/gz_ogre_next_vendor:/opt/ros/jazzy/opt/gz_dartsim_vendor:/opt/ros/jazzy/opt/gz_cmake_vendor:/home/redalexdad/GitHub/WalkingRobotSim/install/ros2_yolo_recognition:/home/redalexdad/GitHub/WalkingRobotSim/install/ros2_odometry:/home/redalexdad/GitHub/WalkingRobotSim/install/ros2_navigation:/home/redalexdad/GitHub/WalkingRobotSim/install/ros2_cartography:/opt/ros/jazzy DEBUGINFOD_URLS=https://debuginfod.ubuntu.com LD_LIBRARY_PATH=/home/redalexdad/GitHub/WalkingRobotSim/install/yolo_msgs/lib:/home/redalexdad/GitHub/WalkingRobotSim/install/ros2_unitree_legged_control/lib:/home/redalexdad/GitHub/WalkingRobotSim/install/ros2_unitree_legged_msgs/lib:/opt/ros/jazzy/opt/gz_sim_vendor/lib:/opt/ros/jazzy/opt/gz_sensors_vendor/lib:/opt/ros/jazzy/opt/gz_physics_vendor/lib:/opt/ros/jazzy/opt/sdformat_vendor/lib:/opt/ros/jazzy/opt/rviz_ogre_vendor/lib:/opt/ros/jazzy/lib/x86_64-linux-gnu:/opt/ros/jazzy/opt/gz_gui_vendor/lib:/opt/ros/jazzy/opt/gz_transport_vendor/lib:/opt/ros/jazzy/opt/gz_rendering_vendor/lib:/opt/ros/jazzy/opt/gz_plugin_vendor/lib:/opt/ros/jazzy/opt/gz_fuel_tools_vendor/lib:/opt/ros/jazzy/opt/gz_msgs_vendor/lib:/opt/ros/jazzy/opt/gz_common_vendor/lib:/opt/ros/jazzy/opt/gz_math_vendor/lib:/opt/ros/jazzy/opt/gz_utils_vendor/lib:/opt/ros/jazzy/opt/gz_tools_vendor/lib:/opt/ros/jazzy/opt/gz_ogre_next_vendor/lib:/opt/ros/jazzy/opt/gz_dartsim_vendor/lib:/opt/ros/jazzy/opt/gz_cmake_vendor/lib:/opt/ros/jazzy/lib:/usr/local/cuda-12.9/lib64 /usr/bin/cmake --install /home/redalexdad/GitHub/WalkingRobotSim/build/yolo_bringup
[3.995s] Level 1:colcon.colcon_core.environment:checking '/home/redalexdad/GitHub/WalkingRobotSim/install/yolo_bringup' for CMake config files
[3.996s] Level 1:colcon.colcon_core.shell:create_environment_hook('yolo_bringup', 'cmake_prefix_path')
[3.996s] INFO:colcon.colcon_core.shell:Creating environment hook '/home/redalexdad/GitHub/WalkingRobotSim/install/yolo_bringup/share/yolo_bringup/hook/cmake_prefix_path.ps1'
[3.997s] INFO:colcon.colcon_core.shell:Creating environment descriptor '/home/redalexdad/GitHub/WalkingRobotSim/install/yolo_bringup/share/yolo_bringup/hook/cmake_prefix_path.dsv'
[3.998s] INFO:colcon.colcon_core.shell:Creating environment hook '/home/redalexdad/GitHub/WalkingRobotSim/install/yolo_bringup/share/yolo_bringup/hook/cmake_prefix_path.sh'
[3.999s] Level 1:colcon.colcon_core.environment:checking '/home/redalexdad/GitHub/WalkingRobotSim/install/yolo_bringup/bin'
[4.000s] Level 1:colcon.colcon_core.environment:checking '/home/redalexdad/GitHub/WalkingRobotSim/install/yolo_bringup/lib/pkgconfig/yolo_bringup.pc'
[4.000s] Level 1:colcon.colcon_core.environment:checking '/home/redalexdad/GitHub/WalkingRobotSim/install/yolo_bringup/lib/python3.12/site-packages'
[4.001s] Level 1:colcon.colcon_core.environment:checking '/home/redalexdad/GitHub/WalkingRobotSim/install/yolo_bringup/bin'
[4.001s] INFO:colcon.colcon_core.shell:Creating package script '/home/redalexdad/GitHub/WalkingRobotSim/install/yolo_bringup/share/yolo_bringup/package.ps1'
[4.002s] INFO:colcon.colcon_core.shell:Creating package descriptor '/home/redalexdad/GitHub/WalkingRobotSim/install/yolo_bringup/share/yolo_bringup/package.dsv'
[4.003s] INFO:colcon.colcon_core.shell:Creating package script '/home/redalexdad/GitHub/WalkingRobotSim/install/yolo_bringup/share/yolo_bringup/package.sh'
[4.003s] INFO:colcon.colcon_core.shell:Creating package script '/home/redalexdad/GitHub/WalkingRobotSim/install/yolo_bringup/share/yolo_bringup/package.bash'
[4.004s] INFO:colcon.colcon_core.shell:Creating package script '/home/redalexdad/GitHub/WalkingRobotSim/install/yolo_bringup/share/yolo_bringup/package.zsh'
[4.004s] Level 1:colcon.colcon_core.environment:create_file_with_runtime_dependencies(/home/redalexdad/GitHub/WalkingRobotSim/install/yolo_bringup/share/colcon-core/packages/yolo_bringup)
[4.005s] Level 1:colcon.colcon_core.environment:create_environment_scripts_only(yolo_bringup)
[4.006s] Level 1:colcon.colcon_core.environment:checking '/home/redalexdad/GitHub/WalkingRobotSim/install/yolo_bringup' for CMake module files
[4.006s] Level 1:colcon.colcon_core.environment:checking '/home/redalexdad/GitHub/WalkingRobotSim/install/yolo_bringup' for CMake config files
[4.007s] Level 1:colcon.colcon_core.shell:create_environment_hook('yolo_bringup', 'cmake_prefix_path')
[4.007s] INFO:colcon.colcon_core.shell:Creating environment hook '/home/redalexdad/GitHub/WalkingRobotSim/install/yolo_bringup/share/yolo_bringup/hook/cmake_prefix_path.ps1'
[4.008s] INFO:colcon.colcon_core.shell:Creating environment descriptor '/home/redalexdad/GitHub/WalkingRobotSim/install/yolo_bringup/share/yolo_bringup/hook/cmake_prefix_path.dsv'
[4.009s] INFO:colcon.colcon_core.shell:Creating environment hook '/home/redalexdad/GitHub/WalkingRobotSim/install/yolo_bringup/share/yolo_bringup/hook/cmake_prefix_path.sh'
[4.010s] Level 1:colcon.colcon_core.environment:checking '/home/redalexdad/GitHub/WalkingRobotSim/install/yolo_bringup/bin'
[4.010s] Level 1:colcon.colcon_core.environment:checking '/home/redalexdad/GitHub/WalkingRobotSim/install/yolo_bringup/lib/pkgconfig/yolo_bringup.pc'
[4.011s] Level 1:colcon.colcon_core.environment:checking '/home/redalexdad/GitHub/WalkingRobotSim/install/yolo_bringup/lib/python3.12/site-packages'
[4.012s] Level 1:colcon.colcon_core.environment:checking '/home/redalexdad/GitHub/WalkingRobotSim/install/yolo_bringup/bin'
[4.012s] INFO:colcon.colcon_core.shell:Creating package script '/home/redalexdad/GitHub/WalkingRobotSim/install/yolo_bringup/share/yolo_bringup/package.ps1'
[4.014s] INFO:colcon.colcon_core.shell:Creating package descriptor '/home/redalexdad/GitHub/WalkingRobotSim/install/yolo_bringup/share/yolo_bringup/package.dsv'
[4.015s] INFO:colcon.colcon_core.shell:Creating package script '/home/redalexdad/GitHub/WalkingRobotSim/install/yolo_bringup/share/yolo_bringup/package.sh'
[4.016s] INFO:colcon.colcon_core.shell:Creating package script '/home/redalexdad/GitHub/WalkingRobotSim/install/yolo_bringup/share/yolo_bringup/package.bash'
[4.017s] INFO:colcon.colcon_core.shell:Creating package script '/home/redalexdad/GitHub/WalkingRobotSim/install/yolo_bringup/share/yolo_bringup/package.zsh'
[4.018s] Level 1:colcon.colcon_core.environment:create_file_with_runtime_dependencies(/home/redalexdad/GitHub/WalkingRobotSim/install/yolo_bringup/share/colcon-core/packages/yolo_bringup)
[4.019s] DEBUG:colcon.colcon_parallel_executor.executor.parallel:closing loop
[4.020s] DEBUG:colcon.colcon_parallel_executor.executor.parallel:loop closed
[4.020s] DEBUG:colcon.colcon_parallel_executor.executor.parallel:run_until_complete finished with '0'
[4.020s] DEBUG:colcon.colcon_core.event_reactor:joining thread
[4.035s] INFO:colcon.colcon_core.plugin_system:Skipping extension 'colcon_notification.desktop_notification.terminal_notifier': Not used on non-Darwin systems
[4.035s] INFO:colcon.colcon_core.plugin_system:Skipping extension 'colcon_notification.desktop_notification.win32': Not used on non-Windows systems
[4.035s] INFO:colcon.colcon_notification.desktop_notification:Sending desktop notification using 'notify2'
[4.055s] DEBUG:colcon.colcon_core.event_reactor:joined thread
[4.055s] INFO:colcon.colcon_core.shell:Creating prefix script '/home/redalexdad/GitHub/WalkingRobotSim/install/local_setup.ps1'
[4.057s] INFO:colcon.colcon_core.shell:Creating prefix util module '/home/redalexdad/GitHub/WalkingRobotSim/install/_local_setup_util_ps1.py'
[4.060s] INFO:colcon.colcon_core.shell:Creating prefix chain script '/home/redalexdad/GitHub/WalkingRobotSim/install/setup.ps1'
[4.064s] INFO:colcon.colcon_core.shell:Creating prefix script '/home/redalexdad/GitHub/WalkingRobotSim/install/local_setup.sh'
[4.065s] INFO:colcon.colcon_core.shell:Creating prefix util module '/home/redalexdad/GitHub/WalkingRobotSim/install/_local_setup_util_sh.py'
[4.066s] INFO:colcon.colcon_core.shell:Creating prefix chain script '/home/redalexdad/GitHub/WalkingRobotSim/install/setup.sh'
[4.070s] INFO:colcon.colcon_core.shell:Creating prefix script '/home/redalexdad/GitHub/WalkingRobotSim/install/local_setup.bash'
[4.071s] INFO:colcon.colcon_core.shell:Creating prefix chain script '/home/redalexdad/GitHub/WalkingRobotSim/install/setup.bash'
[4.075s] INFO:colcon.colcon_core.shell:Creating prefix script '/home/redalexdad/GitHub/WalkingRobotSim/install/local_setup.zsh'
[4.076s] INFO:colcon.colcon_core.shell:Creating prefix chain script '/home/redalexdad/GitHub/WalkingRobotSim/install/setup.zsh'
